Using pre-set license
Built from '2022.3/respin/2022.3.62f2-4af31df585-v2' branch; Version is '2022.3.62f3 (96770f904ca7) revision 9860879'; Using compiler version '192829333'; Build Type 'Release'
OS: 'Windows 11  (10.0.26200) 64bit Professional' Language: 'es' Physical Memory: 15660 MB
BatchMode: 1, IsHumanControllingUs: 0, StartBugReporterOnCrash: 0, Is64bit: 1, IsPro: 1

COMMAND LINE ARGUMENTS:
C:\Program Files\Unity\Hub\Editor\2022.3.62f3\Editor\Unity.exe
-adb2
-batchMode
-noUpm
-name
AssetImportWorker0
-projectPath
C:/Users/milag/OneDrive/Documentos/GitHUub/Pokeman/pokeman
-logFile
Logs/AssetImportWorker0.log
-srvPort
52258
Successfully changed project path to: C:/Users/milag/OneDrive/Documentos/GitHUub/Pokeman/pokeman
C:/Users/milag/OneDrive/Documentos/GitHUub/Pokeman/pokeman
[UnityMemory] Configuration Parameters - Can be set up in boot.config
    "memorysetup-bucket-allocator-granularity=16"
    "memorysetup-bucket-allocator-bucket-count=8"
    "memorysetup-bucket-allocator-block-size=33554432"
    "memorysetup-bucket-allocator-block-count=8"
    "memorysetup-main-allocator-block-size=16777216"
    "memorysetup-thread-allocator-block-size=16777216"
    "memorysetup-gfx-main-allocator-block-size=16777216"
    "memorysetup-gfx-thread-allocator-block-size=16777216"
    "memorysetup-cache-allocator-block-size=4194304"
    "memorysetup-typetree-allocator-block-size=2097152"
    "memorysetup-profiler-bucket-allocator-granularity=16"
    "memorysetup-profiler-bucket-allocator-bucket-count=8"
    "memorysetup-profiler-bucket-allocator-block-size=33554432"
    "memorysetup-profiler-bucket-allocator-block-count=8"
    "memorysetup-profiler-allocator-block-size=16777216"
    "memorysetup-profiler-editor-allocator-block-size=1048576"
    "memorysetup-temp-allocator-size-main=16777216"
    "memorysetup-job-temp-allocator-block-size=2097152"
    "memorysetup-job-temp-allocator-block-size-background=1048576"
    "memorysetup-job-temp-allocator-reduction-small-platforms=262144"
    "memorysetup-allocator-temp-initial-block-size-main=262144"
    "memorysetup-allocator-temp-initial-block-size-worker=262144"
    "memorysetup-temp-allocator-size-background-worker=32768"
    "memorysetup-temp-allocator-size-job-worker=262144"
    "memorysetup-temp-allocator-size-preload-manager=33554432"
    "memorysetup-temp-allocator-size-nav-mesh-worker=65536"
    "memorysetup-temp-allocator-size-audio-worker=65536"
    "memorysetup-temp-allocator-size-cloud-worker=32768"
    "memorysetup-temp-allocator-size-gi-baking-worker=262144"
    "memorysetup-temp-allocator-size-gfx=262144"
Player connection [26424]  Target information:

Player connection [26424]  * "[IP] 192.168.1.3 [Port] 0 [Flags] 2 [Guid] 524428376 [EditorId] 524428376 [Version] 1048832 [Id] WindowsEditor(7,DESKTOP-P408CT7) [Debug] 1 [PackageName] WindowsEditor [ProjectName] Editor" 

Player connection [26424]  * "[IP] 100.85.53.29 [Port] 0 [Flags] 2 [Guid] 524428376 [EditorId] 524428376 [Version] 1048832 [Id] WindowsEditor(7,DESKTOP-P408CT7) [Debug] 1 [PackageName] WindowsEditor [ProjectName] Editor" 

Player connection [26424] Host joined multi-casting on [225.0.0.222:54997]...
Player connection [26424] Host joined alternative multi-casting on [225.0.0.222:34997]...
Input System module state changed to: Initialized.
[PhysX] Initialized MultithreadedTaskDispatcher with 12 workers.
Refreshing native plugins compatible for Editor in 16.81 ms, found 5 plugins.
Preloading 0 native plugins for Editor in 0.00 ms.
Initialize engine version: 2022.3.62f3 (96770f904ca7)
[Subsystems] Discovering subsystems at path C:/Program Files/Unity/Hub/Editor/2022.3.62f3/Editor/Data/Resources/UnitySubsystems
[Subsystems] Discovering subsystems at path C:/Users/milag/OneDrive/Documentos/GitHUub/Pokeman/pokeman/Assets
GfxDevice: creating device client; threaded=0; jobified=0
Direct3D:
    Version:  Direct3D 11.0 [level 11.1]
    Renderer: NVIDIA GeForce GT 1030 (ID=0x1d01)
    Vendor:   NVIDIA
    VRAM:     1967 MB
    Driver:   32.0.15.7216
Initialize mono
Mono path[0] = 'C:/Program Files/Unity/Hub/Editor/2022.3.62f3/Editor/Data/Managed'
Mono path[1] = 'C:/Program Files/Unity/Hub/Editor/2022.3.62f3/Editor/Data/MonoBleedingEdge/lib/mono/unityjit-win32'
Mono config path = 'C:/Program Files/Unity/Hub/Editor/2022.3.62f3/Editor/Data/MonoBleedingEdge/etc'
Using monoOptions --debugger-agent=transport=dt_socket,embedding=1,server=y,suspend=n,address=127.0.0.1:56788
Begin MonoManager ReloadAssembly
Registering precompiled unity dll's ...
Register platform support module: C:/Program Files/Unity/Hub/Editor/2022.3.62f3/Editor/Data/PlaybackEngines/WindowsStandaloneSupport/UnityEditor.WindowsStandalone.Extensions.dll
Registered in 0.007604 seconds.
- Loaded All Assemblies, in  0.343 seconds
Native extension for WindowsStandalone target not found
Mono: successfully reloaded assembly
- Finished resetting the current domain, in  0.252 seconds
Domain Reload Profiling: 593ms
	BeginReloadAssembly (116ms)
		ExecutionOrderSort (0ms)
		DisableScriptedObjects (0ms)
		BackupInstance (0ms)
		ReleaseScriptingObjects (0ms)
		CreateAndSetChildDomain (1ms)
	RebuildCommonClasses (31ms)
	RebuildNativeTypeToScriptingClass (8ms)
	initialDomainReloadingComplete (58ms)
	LoadAllAssembliesAndSetupDomain (126ms)
		LoadAssemblies (113ms)
		RebuildTransferFunctionScriptingTraits (0ms)
		AnalyzeDomain (125ms)
			TypeCache.Refresh (123ms)
				TypeCache.ScanAssembly (111ms)
			ScanForSourceGeneratedMonoScriptInfo (0ms)
			ResolveRequiredComponents (1ms)
	FinalizeReload (253ms)
		ReleaseScriptCaches (0ms)
		RebuildScriptCaches (0ms)
		SetupLoadedEditorAssemblies (203ms)
			LogAssemblyErrors (0ms)
			InitializePlatformSupportModulesInManaged (9ms)
			SetLoadedEditorAssemblies (7ms)
			RefreshPlugins (0ms)
			BeforeProcessingInitializeOnLoad (2ms)
			ProcessInitializeOnLoadAttributes (140ms)
			ProcessInitializeOnLoadMethodAttributes (45ms)
			AfterProcessingInitializeOnLoad (0ms)
			EditorAssembliesLoaded (0ms)
		ExecutionOrderSort2 (0ms)
		AwakeInstancesAfterBackupRestoration (0ms)
========================================================================
Worker process is ready to serve import requests
Caller must complete domain reload
Begin MonoManager ReloadAssembly
- Loaded All Assemblies, in  0.763 seconds
Native extension for WindowsStandalone target not found
Mono: successfully reloaded assembly
- Finished resetting the current domain, in  0.707 seconds
Domain Reload Profiling: 1465ms
	BeginReloadAssembly (142ms)
		ExecutionOrderSort (0ms)
		DisableScriptedObjects (6ms)
		BackupInstance (0ms)
		ReleaseScriptingObjects (0ms)
		CreateAndSetChildDomain (22ms)
	RebuildCommonClasses (32ms)
	RebuildNativeTypeToScriptingClass (9ms)
	initialDomainReloadingComplete (45ms)
	LoadAllAssembliesAndSetupDomain (530ms)
		LoadAssemblies (397ms)
		RebuildTransferFunctionScriptingTraits (0ms)
		AnalyzeDomain (215ms)
			TypeCache.Refresh (174ms)
				TypeCache.ScanAssembly (160ms)
			ScanForSourceGeneratedMonoScriptInfo (28ms)
			ResolveRequiredComponents (10ms)
	FinalizeReload (707ms)
		ReleaseScriptCaches (0ms)
		RebuildScriptCaches (0ms)
		SetupLoadedEditorAssemblies (547ms)
			LogAssemblyErrors (0ms)
			InitializePlatformSupportModulesInManaged (6ms)
			SetLoadedEditorAssemblies (5ms)
			RefreshPlugins (0ms)
			BeforeProcessingInitializeOnLoad (92ms)
			ProcessInitializeOnLoadAttributes (341ms)
			ProcessInitializeOnLoadMethodAttributes (95ms)
			AfterProcessingInitializeOnLoad (9ms)
			EditorAssembliesLoaded (0ms)
		ExecutionOrderSort2 (0ms)
		AwakeInstancesAfterBackupRestoration (7ms)
WARNING: Shader Unsupported: 'Hidden/Universal Render Pipeline/Terrain/Lit (Base Pass)' - All subshaders removed
WARNING: Shader Did you use #pragma only_renderers and omit this platform?
WARNING: Shader If subshaders removal was intentional, you may have forgotten turning Fallback off?
WARNING: Shader Unsupported: 'Hidden/Universal Render Pipeline/Terrain/Lit (Base Pass)' - All subshaders removed
WARNING: Shader Did you use #pragma only_renderers and omit this platform?
WARNING: Shader If subshaders removal was intentional, you may have forgotten turning Fallback off?
WARNING: Shader Unsupported: 'Universal Render Pipeline/Terrain/Lit' - All subshaders removed
WARNING: Shader Did you use #pragma only_renderers and omit this platform?
WARNING: Shader If subshaders removal was intentional, you may have forgotten turning Fallback off?
WARNING: Shader Unsupported: 'Universal Render Pipeline/Terrain/Lit' - All subshaders removed
WARNING: Shader Did you use #pragma only_renderers and omit this platform?
WARNING: Shader If subshaders removal was intentional, you may have forgotten turning Fallback off?
Launched and connected shader compiler UnityShaderCompiler.exe after 0.04 seconds
Refreshing native plugins compatible for Editor in 15.57 ms, found 5 plugins.
Preloading 0 native plugins for Editor in 0.00 ms.
Unloading 6043 Unused Serialized files (Serialized files now loaded: 0)
Unloading 118 unused Assets / (6.5 MB). Loaded Objects now: 6428.
Memory consumption went from 207.6 MB to 201.1 MB.
Total: 7.128200 ms (FindLiveObjects: 0.751500 ms CreateObjectMapping: 0.479500 ms MarkObjects: 3.269300 ms  DeleteObjects: 2.626700 ms)

AssetImportParameters requested are different than current active one (requested -> active):
  custom:container-demuxer-ogg: 62fdf1f143b41e24485cea50d1cbac27 -> 
  custom:video-decoder-ogg-theora: a1e56fd34408186e4bbccfd4996cb3dc -> 
  custom:framework-win-MediaFoundation: 216162199b28c13a410421893ffa2e32 -> 
  custom:CustomObjectIndexerAttribute: 72b91833f83ae208fae7752999fa3104 -> 
  custom:container-demuxer-webm: 4f35f7cbe854078d1ac9338744f61a02 -> 
  custom:container-muxer-webm: aa71ff27fc2769a1b78a27578f13a17b -> 
  custom:video-decoder-webm-vp8: 9c59270c3fd7afecdb556c50c9e8de78 -> 
  custom:SearchIndexIgnoredProperties: e643bd26f0fe6173181afceb89e7c659 -> 
  custom:AudioImporter_EditorPlatform: d09bf68614088b80899f8185d706f6e7 -> 
  custom:video-encoder-webm-vp8: eb34c28f22e8b96e1ab97ce403110664 -> 
  custom:audio-decoder-ogg-vorbis: bf7c407c2cedff20999df2af8eb42d56 -> 
  custom:audio-encoder-webm-vorbis: bf7c407c2cedff20999df2af8eb42d56 -> 
========================================================================
Received Import Request.
  Time since last request: 12054.968994 seconds.
  path: Assets/NavMeshPlus-master/NavMeshComponents/Scripts/NavMeshComponents.asmdef
  artifactKey: Guid(299beb10465c46f41abeaf10478b4727) Importer(815301076,1909f56bfc062723c751e8b465ee728b)
Start importing Assets/NavMeshPlus-master/NavMeshComponents/Scripts/NavMeshComponents.asmdef using Guid(299beb10465c46f41abeaf10478b4727) Importer(815301076,1909f56bfc062723c751e8b465ee728b) [PhysX] Initialized MultithreadedTaskDispatcher with 12 workers.
 -> (artifact id: 'c9725c537813a860a1dc0371e4fbbf8b') in 0.005950 seconds
Number of updated asset objects reloaded before import = 0
Number of asset objects unloaded after import = 0
========================================================================
Received Import Request.
  Time since last request: 154.411131 seconds.
  path: Assets/NavMeshPlus-master/NavMeshComponents/Editor/NavMeshComponentsEditor.asmdef
  artifactKey: Guid(a38ed33481bedd74d8c590f5043f49dc) Importer(815301076,1909f56bfc062723c751e8b465ee728b)
Start importing Assets/NavMeshPlus-master/NavMeshComponents/Editor/NavMeshComponentsEditor.asmdef using Guid(a38ed33481bedd74d8c590f5043f49dc) Importer(815301076,1909f56bfc062723c751e8b465ee728b) [PhysX] Initialized MultithreadedTaskDispatcher with 12 workers.
 -> (artifact id: 'f0d7d1aad6349a3989f53050e2500280') in 0.001023 seconds
Number of updated asset objects reloaded before import = 0
Number of asset objects unloaded after import = 0
========================================================================
Received Import Request.
  Time since last request: 6.600006 seconds.
  path: Assets/scripts/ControlJugador.cs
  artifactKey: Guid(7762586b4f9a8bd438b157d555ed82b9) Importer(815301076,1909f56bfc062723c751e8b465ee728b)
Start importing Assets/scripts/ControlJugador.cs using Guid(7762586b4f9a8bd438b157d555ed82b9) Importer(815301076,1909f56bfc062723c751e8b465ee728b) [PhysX] Initialized MultithreadedTaskDispatcher with 12 workers.
 -> (artifact id: 'e2f25a4b9cfc750a1f7fdb0b399be6f8') in 0.001127 seconds
Number of updated asset objects reloaded before import = 0
Number of asset objects unloaded after import = 0
========================================================================
Received Import Request.
  Time since last request: 52.444997 seconds.
  path: Assets/sprites/GastlyA.anim
  artifactKey: Guid(d0bf51b09fa2afe48bdaea46e4d4a17c) Importer(815301076,1909f56bfc062723c751e8b465ee728b)
Start importing Assets/sprites/GastlyA.anim using Guid(d0bf51b09fa2afe48bdaea46e4d4a17c) Importer(815301076,1909f56bfc062723c751e8b465ee728b) [PhysX] Initialized MultithreadedTaskDispatcher with 12 workers.
 -> (artifact id: '63501d26d3515521ddeb46c9fc17881c') in 0.009688 seconds
Number of updated asset objects reloaded before import = 0
Number of asset objects unloaded after import = 1
========================================================================
Received Prepare
Caller must complete domain reload
Begin MonoManager ReloadAssembly
- Loaded All Assemblies, in  1.501 seconds
Native extension for WindowsStandalone target not found
Mono: successfully reloaded assembly
- Finished resetting the current domain, in  0.708 seconds
Domain Reload Profiling: 2205ms
	BeginReloadAssembly (1099ms)
		ExecutionOrderSort (0ms)
		DisableScriptedObjects (924ms)
		BackupInstance (0ms)
		ReleaseScriptingObjects (0ms)
		CreateAndSetChildDomain (54ms)
	RebuildCommonClasses (33ms)
	RebuildNativeTypeToScriptingClass (10ms)
	initialDomainReloadingComplete (37ms)
	LoadAllAssembliesAndSetupDomain (317ms)
		LoadAssemblies (380ms)
		RebuildTransferFunctionScriptingTraits (0ms)
		AnalyzeDomain (21ms)
			TypeCache.Refresh (7ms)
				TypeCache.ScanAssembly (0ms)
			ScanForSourceGeneratedMonoScriptInfo (0ms)
			ResolveRequiredComponents (12ms)
	FinalizeReload (708ms)
		ReleaseScriptCaches (0ms)
		RebuildScriptCaches (0ms)
		SetupLoadedEditorAssemblies (506ms)
			LogAssemblyErrors (0ms)
			InitializePlatformSupportModulesInManaged (7ms)
			SetLoadedEditorAssemblies (5ms)
			RefreshPlugins (0ms)
			BeforeProcessingInitializeOnLoad (97ms)
			ProcessInitializeOnLoadAttributes (311ms)
			ProcessInitializeOnLoadMethodAttributes (77ms)
			AfterProcessingInitializeOnLoad (9ms)
			EditorAssembliesLoaded (0ms)
		ExecutionOrderSort2 (0ms)
		AwakeInstancesAfterBackupRestoration (12ms)
WARNING: Shader Unsupported: 'Hidden/Universal Render Pipeline/Terrain/Lit (Base Pass)' - All subshaders removed
WARNING: Shader Did you use #pragma only_renderers and omit this platform?
WARNING: Shader If subshaders removal was intentional, you may have forgotten turning Fallback off?
WARNING: Shader Unsupported: 'Hidden/Universal Render Pipeline/Terrain/Lit (Base Pass)' - All subshaders removed
WARNING: Shader Did you use #pragma only_renderers and omit this platform?
WARNING: Shader If subshaders removal was intentional, you may have forgotten turning Fallback off?
WARNING: Shader Unsupported: 'Universal Render Pipeline/Terrain/Lit' - All subshaders removed
WARNING: Shader Did you use #pragma only_renderers and omit this platform?
WARNING: Shader If subshaders removal was intentional, you may have forgotten turning Fallback off?
WARNING: Shader Unsupported: 'Universal Render Pipeline/Terrain/Lit' - All subshaders removed
WARNING: Shader Did you use #pragma only_renderers and omit this platform?
WARNING: Shader If subshaders removal was intentional, you may have forgotten turning Fallback off?
Refreshing native plugins compatible for Editor in 13.84 ms, found 5 plugins.
Preloading 0 native plugins for Editor in 0.00 ms.
Unloading 6033 Unused Serialized files (Serialized files now loaded: 0)
Unloading 105 unused Assets / (6.4 MB). Loaded Objects now: 6435.
Memory consumption went from 206.1 MB to 199.7 MB.
Total: 7.081200 ms (FindLiveObjects: 0.449500 ms CreateObjectMapping: 0.210000 ms MarkObjects: 3.364900 ms  DeleteObjects: 3.055900 ms)

Prepare: number of updated asset objects reloaded= 0
AssetImportParameters requested are different than current active one (requested -> active):
  custom:container-demuxer-ogg: 62fdf1f143b41e24485cea50d1cbac27 -> 
  custom:video-decoder-ogg-theora: a1e56fd34408186e4bbccfd4996cb3dc -> 
  custom:framework-win-MediaFoundation: 216162199b28c13a410421893ffa2e32 -> 
  custom:CustomObjectIndexerAttribute: 72b91833f83ae208fae7752999fa3104 -> 
  custom:container-demuxer-webm: 4f35f7cbe854078d1ac9338744f61a02 -> 
  custom:container-muxer-webm: aa71ff27fc2769a1b78a27578f13a17b -> 
  custom:video-decoder-webm-vp8: 9c59270c3fd7afecdb556c50c9e8de78 -> 
  custom:SearchIndexIgnoredProperties: e643bd26f0fe6173181afceb89e7c659 -> 
  custom:AudioImporter_EditorPlatform: d09bf68614088b80899f8185d706f6e7 -> 
  custom:video-encoder-webm-vp8: eb34c28f22e8b96e1ab97ce403110664 -> 
  custom:audio-decoder-ogg-vorbis: bf7c407c2cedff20999df2af8eb42d56 -> 
  custom:audio-encoder-webm-vorbis: bf7c407c2cedff20999df2af8eb42d56 -> 
========================================================================
Received Import Request.
  Time since last request: 165.271161 seconds.
  path: Assets/scripts/EnemigoMovimiento.cs
  artifactKey: Guid(8e30e785f96522b409f8eabeca4e3fc1) Importer(815301076,1909f56bfc062723c751e8b465ee728b)
Start importing Assets/scripts/EnemigoMovimiento.cs using Guid(8e30e785f96522b409f8eabeca4e3fc1) Importer(815301076,1909f56bfc062723c751e8b465ee728b) [PhysX] Initialized MultithreadedTaskDispatcher with 12 workers.
 -> (artifact id: 'c7c9149aed74bbfa42d62f6df86a4005') in 0.002412 seconds
Number of updated asset objects reloaded before import = 0
Number of asset objects unloaded after import = 0
========================================================================
Received Prepare
Caller must complete domain reload
Begin MonoManager ReloadAssembly
- Loaded All Assemblies, in  0.680 seconds
Native extension for WindowsStandalone target not found
Mono: successfully reloaded assembly
- Finished resetting the current domain, in  1.813 seconds
Domain Reload Profiling: 2485ms
	BeginReloadAssembly (180ms)
		ExecutionOrderSort (0ms)
		DisableScriptedObjects (12ms)
		BackupInstance (0ms)
		ReleaseScriptingObjects (0ms)
		CreateAndSetChildDomain (46ms)
	RebuildCommonClasses (40ms)
	RebuildNativeTypeToScriptingClass (14ms)
	initialDomainReloadingComplete (41ms)
	LoadAllAssembliesAndSetupDomain (397ms)
		LoadAssemblies (428ms)
		RebuildTransferFunctionScriptingTraits (0ms)
		AnalyzeDomain (55ms)
			TypeCache.Refresh (12ms)
				TypeCache.ScanAssembly (0ms)
			ScanForSourceGeneratedMonoScriptInfo (30ms)
			ResolveRequiredComponents (12ms)
	FinalizeReload (1813ms)
		ReleaseScriptCaches (0ms)
		RebuildScriptCaches (0ms)
		SetupLoadedEditorAssemblies (569ms)
			LogAssemblyErrors (0ms)
			InitializePlatformSupportModulesInManaged (9ms)
			SetLoadedEditorAssemblies (7ms)
			RefreshPlugins (0ms)
			BeforeProcessingInitializeOnLoad (117ms)
			ProcessInitializeOnLoadAttributes (351ms)
			ProcessInitializeOnLoadMethodAttributes (77ms)
			AfterProcessingInitializeOnLoad (8ms)
			EditorAssembliesLoaded (0ms)
		ExecutionOrderSort2 (0ms)
		AwakeInstancesAfterBackupRestoration (13ms)
WARNING: Shader Unsupported: 'Hidden/Universal Render Pipeline/Terrain/Lit (Base Pass)' - All subshaders removed
WARNING: Shader Did you use #pragma only_renderers and omit this platform?
WARNING: Shader If subshaders removal was intentional, you may have forgotten turning Fallback off?
WARNING: Shader Unsupported: 'Hidden/Universal Render Pipeline/Terrain/Lit (Base Pass)' - All subshaders removed
WARNING: Shader Did you use #pragma only_renderers and omit this platform?
WARNING: Shader If subshaders removal was intentional, you may have forgotten turning Fallback off?
WARNING: Shader Unsupported: 'Universal Render Pipeline/Terrain/Lit' - All subshaders removed
WARNING: Shader Did you use #pragma only_renderers and omit this platform?
WARNING: Shader If subshaders removal was intentional, you may have forgotten turning Fallback off?
WARNING: Shader Unsupported: 'Universal Render Pipeline/Terrain/Lit' - All subshaders removed
WARNING: Shader Did you use #pragma only_renderers and omit this platform?
WARNING: Shader If subshaders removal was intentional, you may have forgotten turning Fallback off?
Refreshing native plugins compatible for Editor in 14.81 ms, found 5 plugins.
Preloading 0 native plugins for Editor in 0.00 ms.
Unloading 6034 Unused Serialized files (Serialized files now loaded: 0)
Unloading 105 unused Assets / (6.3 MB). Loaded Objects now: 6441.
Memory consumption went from 206.1 MB to 199.8 MB.
Total: 7.641000 ms (FindLiveObjects: 0.532100 ms CreateObjectMapping: 0.269700 ms MarkObjects: 3.226100 ms  DeleteObjects: 3.611500 ms)

Prepare: number of updated asset objects reloaded= 0
AssetImportParameters requested are different than current active one (requested -> active):
  custom:container-demuxer-ogg: 62fdf1f143b41e24485cea50d1cbac27 -> 
  custom:video-decoder-ogg-theora: a1e56fd34408186e4bbccfd4996cb3dc -> 
  custom:framework-win-MediaFoundation: 216162199b28c13a410421893ffa2e32 -> 
  custom:CustomObjectIndexerAttribute: 72b91833f83ae208fae7752999fa3104 -> 
  custom:container-demuxer-webm: 4f35f7cbe854078d1ac9338744f61a02 -> 
  custom:container-muxer-webm: aa71ff27fc2769a1b78a27578f13a17b -> 
  custom:video-decoder-webm-vp8: 9c59270c3fd7afecdb556c50c9e8de78 -> 
  custom:SearchIndexIgnoredProperties: e643bd26f0fe6173181afceb89e7c659 -> 
  custom:AudioImporter_EditorPlatform: d09bf68614088b80899f8185d706f6e7 -> 
  custom:video-encoder-webm-vp8: eb34c28f22e8b96e1ab97ce403110664 -> 
  custom:audio-decoder-ogg-vorbis: bf7c407c2cedff20999df2af8eb42d56 -> 
  custom:scripting/monoscript/fileName/EnemigoMovimiento.cs: 235334258dde12424bf3a42286c43314 -> 
  custom:audio-encoder-webm-vorbis: bf7c407c2cedff20999df2af8eb42d56 -> 
  custom:scripting/precompiled-assembly-types:Assembly-CSharp: 7b9ce0129a78297d05bd4260687fef7d -> 068e914644e5ff337c2dad0ca7b1ba13
========================================================================
Received Import Request.
  Time since last request: 9.870274 seconds.
  path: Assets/scripts/EnemigoMovimiento.cs
  artifactKey: Guid(8e30e785f96522b409f8eabeca4e3fc1) Importer(815301076,1909f56bfc062723c751e8b465ee728b)
Start importing Assets/scripts/EnemigoMovimiento.cs using Guid(8e30e785f96522b409f8eabeca4e3fc1) Importer(815301076,1909f56bfc062723c751e8b465ee728b) [PhysX] Initialized MultithreadedTaskDispatcher with 12 workers.
 -> (artifact id: '00000000000000000000000000000000') in 0.002985 seconds
Import Error Code:(4)
Message: Build asset version error: assets/scripts/enemigomovimiento.cs in SourceAssetDB has modification time of '2026-04-13T15:48:13.7223398Z' while content on disk has modification time of '2026-04-13T15:48:24.0788675Z'
  ERROR: Build asset version error: assets/scripts/enemigomovimiento.cs in SourceAssetDB has modification time of '2026-04-13T15:48:13.7223398Z' while content on disk has modification time of '2026-04-13T15:48:24.0788675Z'
Number of updated asset objects reloaded before import = 0
Number of asset objects unloaded after import = 0
========================================================================
Received Import Request.
  Time since last request: 0.011898 seconds.
  path: Assets/scripts/EnemigoMovimiento.cs
  artifactKey: Guid(8e30e785f96522b409f8eabeca4e3fc1) Importer(815301076,1909f56bfc062723c751e8b465ee728b)
Start importing Assets/scripts/EnemigoMovimiento.cs using Guid(8e30e785f96522b409f8eabeca4e3fc1) Importer(815301076,1909f56bfc062723c751e8b465ee728b) [PhysX] Initialized MultithreadedTaskDispatcher with 12 workers.
 -> (artifact id: '00000000000000000000000000000000') in 0.000717 seconds
Import Error Code:(4)
Message: Build asset version error: assets/scripts/enemigomovimiento.cs in SourceAssetDB has modification time of '2026-04-13T15:48:13.7223398Z' while content on disk has modification time of '2026-04-13T15:48:24.0788675Z'
  ERROR: Build asset version error: assets/scripts/enemigomovimiento.cs in SourceAssetDB has modification time of '2026-04-13T15:48:13.7223398Z' while content on disk has modification time of '2026-04-13T15:48:24.0788675Z'
Number of updated asset objects reloaded before import = 0
Number of asset objects unloaded after import = 0
========================================================================
Received Import Request.
  Time since last request: 0.008681 seconds.
  path: Assets/scripts/EnemigoMovimiento.cs
  artifactKey: Guid(8e30e785f96522b409f8eabeca4e3fc1) Importer(815301076,1909f56bfc062723c751e8b465ee728b)
Start importing Assets/scripts/EnemigoMovimiento.cs using Guid(8e30e785f96522b409f8eabeca4e3fc1) Importer(815301076,1909f56bfc062723c751e8b465ee728b) [PhysX] Initialized MultithreadedTaskDispatcher with 12 workers.
 -> (artifact id: '00000000000000000000000000000000') in 0.000662 seconds
Import Error Code:(4)
Message: Build asset version error: assets/scripts/enemigomovimiento.cs in SourceAssetDB has modification time of '2026-04-13T15:48:13.7223398Z' while content on disk has modification time of '2026-04-13T15:48:24.0788675Z'
  ERROR: Build asset version error: assets/scripts/enemigomovimiento.cs in SourceAssetDB has modification time of '2026-04-13T15:48:13.7223398Z' while content on disk has modification time of '2026-04-13T15:48:24.0788675Z'
Number of updated asset objects reloaded before import = 0
Number of asset objects unloaded after import = 0
========================================================================
Received Import Request.
  Time since last request: 0.008373 seconds.
  path: Assets/scripts/EnemigoMovimiento.cs
  artifactKey: Guid(8e30e785f96522b409f8eabeca4e3fc1) Importer(815301076,1909f56bfc062723c751e8b465ee728b)
Start importing Assets/scripts/EnemigoMovimiento.cs using Guid(8e30e785f96522b409f8eabeca4e3fc1) Importer(815301076,1909f56bfc062723c751e8b465ee728b) [PhysX] Initialized MultithreadedTaskDispatcher with 12 workers.
 -> (artifact id: '00000000000000000000000000000000') in 0.000595 seconds
Import Error Code:(4)
Message: Build asset version error: assets/scripts/enemigomovimiento.cs in SourceAssetDB has modification time of '2026-04-13T15:48:13.7223398Z' while content on disk has modification time of '2026-04-13T15:48:24.0788675Z'
  ERROR: Build asset version error: assets/scripts/enemigomovimiento.cs in SourceAssetDB has modification time of '2026-04-13T15:48:13.7223398Z' while content on disk has modification time of '2026-04-13T15:48:24.0788675Z'
Number of updated asset objects reloaded before import = 0
Number of asset objects unloaded after import = 0
========================================================================
Received Import Request.
  Time since last request: 0.008004 seconds.
  path: Assets/scripts/EnemigoMovimiento.cs
  artifactKey: Guid(8e30e785f96522b409f8eabeca4e3fc1) Importer(815301076,1909f56bfc062723c751e8b465ee728b)
Start importing Assets/scripts/EnemigoMovimiento.cs using Guid(8e30e785f96522b409f8eabeca4e3fc1) Importer(815301076,1909f56bfc062723c751e8b465ee728b) [PhysX] Initialized MultithreadedTaskDispatcher with 12 workers.
 -> (artifact id: '00000000000000000000000000000000') in 0.000517 seconds
Import Error Code:(4)
Message: Build asset version error: assets/scripts/enemigomovimiento.cs in SourceAssetDB has modification time of '2026-04-13T15:48:13.7223398Z' while content on disk has modification time of '2026-04-13T15:48:24.0788675Z'
  ERROR: Build asset version error: assets/scripts/enemigomovimiento.cs in SourceAssetDB has modification time of '2026-04-13T15:48:13.7223398Z' while content on disk has modification time of '2026-04-13T15:48:24.0788675Z'
Number of updated asset objects reloaded before import = 0
Number of asset objects unloaded after import = 0
========================================================================
Received Import Request.
  Time since last request: 0.007476 seconds.
  path: Assets/scripts/EnemigoMovimiento.cs
  artifactKey: Guid(8e30e785f96522b409f8eabeca4e3fc1) Importer(815301076,1909f56bfc062723c751e8b465ee728b)
Start importing Assets/scripts/EnemigoMovimiento.cs using Guid(8e30e785f96522b409f8eabeca4e3fc1) Importer(815301076,1909f56bfc062723c751e8b465ee728b) [PhysX] Initialized MultithreadedTaskDispatcher with 12 workers.
 -> (artifact id: '00000000000000000000000000000000') in 0.000542 seconds
Import Error Code:(4)
Message: Build asset version error: assets/scripts/enemigomovimiento.cs in SourceAssetDB has modification time of '2026-04-13T15:48:13.7223398Z' while content on disk has modification time of '2026-04-13T15:48:24.0788675Z'
  ERROR: Build asset version error: assets/scripts/enemigomovimiento.cs in SourceAssetDB has modification time of '2026-04-13T15:48:13.7223398Z' while content on disk has modification time of '2026-04-13T15:48:24.0788675Z'
Number of updated asset objects reloaded before import = 0
Number of asset objects unloaded after import = 0
========================================================================
Received Import Request.
  Time since last request: 0.006634 seconds.
  path: Assets/scripts/EnemigoMovimiento.cs
  artifactKey: Guid(8e30e785f96522b409f8eabeca4e3fc1) Importer(815301076,1909f56bfc062723c751e8b465ee728b)
Start importing Assets/scripts/EnemigoMovimiento.cs using Guid(8e30e785f96522b409f8eabeca4e3fc1) Importer(815301076,1909f56bfc062723c751e8b465ee728b) [PhysX] Initialized MultithreadedTaskDispatcher with 12 workers.
 -> (artifact id: '00000000000000000000000000000000') in 0.000566 seconds
Import Error Code:(4)
Message: Build asset version error: assets/scripts/enemigomovimiento.cs in SourceAssetDB has modification time of '2026-04-13T15:48:13.7223398Z' while content on disk has modification time of '2026-04-13T15:48:24.0788675Z'
  ERROR: Build asset version error: assets/scripts/enemigomovimiento.cs in SourceAssetDB has modification time of '2026-04-13T15:48:13.7223398Z' while content on disk has modification time of '2026-04-13T15:48:24.0788675Z'
Number of updated asset objects reloaded before import = 0
Number of asset objects unloaded after import = 0
========================================================================
Received Import Request.
  Time since last request: 0.008205 seconds.
  path: Assets/scripts/EnemigoMovimiento.cs
  artifactKey: Guid(8e30e785f96522b409f8eabeca4e3fc1) Importer(815301076,1909f56bfc062723c751e8b465ee728b)
Start importing Assets/scripts/EnemigoMovimiento.cs using Guid(8e30e785f96522b409f8eabeca4e3fc1) Importer(815301076,1909f56bfc062723c751e8b465ee728b) [PhysX] Initialized MultithreadedTaskDispatcher with 12 workers.
 -> (artifact id: '00000000000000000000000000000000') in 0.000507 seconds
Import Error Code:(4)
Message: Build asset version error: assets/scripts/enemigomovimiento.cs in SourceAssetDB has modification time of '2026-04-13T15:48:13.7223398Z' while content on disk has modification time of '2026-04-13T15:48:24.0788675Z'
  ERROR: Build asset version error: assets/scripts/enemigomovimiento.cs in SourceAssetDB has modification time of '2026-04-13T15:48:13.7223398Z' while content on disk has modification time of '2026-04-13T15:48:24.0788675Z'
Number of updated asset objects reloaded before import = 0
Number of asset objects unloaded after import = 0
========================================================================
Received Import Request.
  Time since last request: 0.006818 seconds.
  path: Assets/scripts/EnemigoMovimiento.cs
  artifactKey: Guid(8e30e785f96522b409f8eabeca4e3fc1) Importer(815301076,1909f56bfc062723c751e8b465ee728b)
Start importing Assets/scripts/EnemigoMovimiento.cs using Guid(8e30e785f96522b409f8eabeca4e3fc1) Importer(815301076,1909f56bfc062723c751e8b465ee728b) [PhysX] Initialized MultithreadedTaskDispatcher with 12 workers.
 -> (artifact id: '00000000000000000000000000000000') in 0.000644 seconds
Import Error Code:(4)
Message: Build asset version error: assets/scripts/enemigomovimiento.cs in SourceAssetDB has modification time of '2026-04-13T15:48:13.7223398Z' while content on disk has modification time of '2026-04-13T15:48:24.0788675Z'
  ERROR: Build asset version error: assets/scripts/enemigomovimiento.cs in SourceAssetDB has modification time of '2026-04-13T15:48:13.7223398Z' while content on disk has modification time of '2026-04-13T15:48:24.0788675Z'
Number of updated asset objects reloaded before import = 0
Number of asset objects unloaded after import = 0
========================================================================
Received Import Request.
  Time since last request: 0.006069 seconds.
  path: Assets/scripts/EnemigoMovimiento.cs
  artifactKey: Guid(8e30e785f96522b409f8eabeca4e3fc1) Importer(815301076,1909f56bfc062723c751e8b465ee728b)
Start importing Assets/scripts/EnemigoMovimiento.cs using Guid(8e30e785f96522b409f8eabeca4e3fc1) Importer(815301076,1909f56bfc062723c751e8b465ee728b) [PhysX] Initialized MultithreadedTaskDispatcher with 12 workers.
 -> (artifact id: '00000000000000000000000000000000') in 0.000601 seconds
Import Error Code:(4)
Message: Build asset version error: assets/scripts/enemigomovimiento.cs in SourceAssetDB has modification time of '2026-04-13T15:48:13.7223398Z' while content on disk has modification time of '2026-04-13T15:48:24.0788675Z'
  ERROR: Build asset version error: assets/scripts/enemigomovimiento.cs in SourceAssetDB has modification time of '2026-04-13T15:48:13.7223398Z' while content on disk has modification time of '2026-04-13T15:48:24.0788675Z'
Number of updated asset objects reloaded before import = 0
Number of asset objects unloaded after import = 0
========================================================================
Received Import Request.
  Time since last request: 0.006866 seconds.
  path: Assets/scripts/EnemigoMovimiento.cs
  artifactKey: Guid(8e30e785f96522b409f8eabeca4e3fc1) Importer(815301076,1909f56bfc062723c751e8b465ee728b)
Start importing Assets/scripts/EnemigoMovimiento.cs using Guid(8e30e785f96522b409f8eabeca4e3fc1) Importer(815301076,1909f56bfc062723c751e8b465ee728b) [PhysX] Initialized MultithreadedTaskDispatcher with 12 workers.
 -> (artifact id: '00000000000000000000000000000000') in 0.000609 seconds
Import Error Code:(4)
Message: Build asset version error: assets/scripts/enemigomovimiento.cs in SourceAssetDB has modification time of '2026-04-13T15:48:13.7223398Z' while content on disk has modification time of '2026-04-13T15:48:24.0788675Z'
  ERROR: Build asset version error: assets/scripts/enemigomovimiento.cs in SourceAssetDB has modification time of '2026-04-13T15:48:13.7223398Z' while content on disk has modification time of '2026-04-13T15:48:24.0788675Z'
Number of updated asset objects reloaded before import = 0
Number of asset objects unloaded after import = 0
========================================================================
Received Import Request.
  Time since last request: 0.006821 seconds.
  path: Assets/scripts/EnemigoMovimiento.cs
  artifactKey: Guid(8e30e785f96522b409f8eabeca4e3fc1) Importer(815301076,1909f56bfc062723c751e8b465ee728b)
Start importing Assets/scripts/EnemigoMovimiento.cs using Guid(8e30e785f96522b409f8eabeca4e3fc1) Importer(815301076,1909f56bfc062723c751e8b465ee728b) [PhysX] Initialized MultithreadedTaskDispatcher with 12 workers.
 -> (artifact id: '00000000000000000000000000000000') in 0.000491 seconds
Import Error Code:(4)
Message: Build asset version error: assets/scripts/enemigomovimiento.cs in SourceAssetDB has modification time of '2026-04-13T15:48:13.7223398Z' while content on disk has modification time of '2026-04-13T15:48:24.0788675Z'
  ERROR: Build asset version error: assets/scripts/enemigomovimiento.cs in SourceAssetDB has modification time of '2026-04-13T15:48:13.7223398Z' while content on disk has modification time of '2026-04-13T15:48:24.0788675Z'
Number of updated asset objects reloaded before import = 0
Number of asset objects unloaded after import = 0
========================================================================
Received Import Request.
  Time since last request: 0.007226 seconds.
  path: Assets/scripts/EnemigoMovimiento.cs
  artifactKey: Guid(8e30e785f96522b409f8eabeca4e3fc1) Importer(815301076,1909f56bfc062723c751e8b465ee728b)
Start importing Assets/scripts/EnemigoMovimiento.cs using Guid(8e30e785f96522b409f8eabeca4e3fc1) Importer(815301076,1909f56bfc062723c751e8b465ee728b) [PhysX] Initialized MultithreadedTaskDispatcher with 12 workers.
 -> (artifact id: '00000000000000000000000000000000') in 0.000680 seconds
Import Error Code:(4)
Message: Build asset version error: assets/scripts/enemigomovimiento.cs in SourceAssetDB has modification time of '2026-04-13T15:48:13.7223398Z' while content on disk has modification time of '2026-04-13T15:48:24.0788675Z'
  ERROR: Build asset version error: assets/scripts/enemigomovimiento.cs in SourceAssetDB has modification time of '2026-04-13T15:48:13.7223398Z' while content on disk has modification time of '2026-04-13T15:48:24.0788675Z'
Number of updated asset objects reloaded before import = 0
Number of asset objects unloaded after import = 0
========================================================================
Received Import Request.
  Time since last request: 0.006729 seconds.
  path: Assets/scripts/EnemigoMovimiento.cs
  artifactKey: Guid(8e30e785f96522b409f8eabeca4e3fc1) Importer(815301076,1909f56bfc062723c751e8b465ee728b)
Start importing Assets/scripts/EnemigoMovimiento.cs using Guid(8e30e785f96522b409f8eabeca4e3fc1) Importer(815301076,1909f56bfc062723c751e8b465ee728b) [PhysX] Initialized MultithreadedTaskDispatcher with 12 workers.
 -> (artifact id: '00000000000000000000000000000000') in 0.000501 seconds
Import Error Code:(4)
Message: Build asset version error: assets/scripts/enemigomovimiento.cs in SourceAssetDB has modification time of '2026-04-13T15:48:13.7223398Z' while content on disk has modification time of '2026-04-13T15:48:24.0788675Z'
  ERROR: Build asset version error: assets/scripts/enemigomovimiento.cs in SourceAssetDB has modification time of '2026-04-13T15:48:13.7223398Z' while content on disk has modification time of '2026-04-13T15:48:24.0788675Z'
Number of updated asset objects reloaded before import = 0
Number of asset objects unloaded after import = 0
========================================================================
Received Import Request.
  Time since last request: 0.005908 seconds.
  path: Assets/scripts/EnemigoMovimiento.cs
  artifactKey: Guid(8e30e785f96522b409f8eabeca4e3fc1) Importer(815301076,1909f56bfc062723c751e8b465ee728b)
Start importing Assets/scripts/EnemigoMovimiento.cs using Guid(8e30e785f96522b409f8eabeca4e3fc1) Importer(815301076,1909f56bfc062723c751e8b465ee728b) [PhysX] Initialized MultithreadedTaskDispatcher with 12 workers.
 -> (artifact id: '00000000000000000000000000000000') in 0.000656 seconds
Import Error Code:(4)
Message: Build asset version error: assets/scripts/enemigomovimiento.cs in SourceAssetDB has modification time of '2026-04-13T15:48:13.7223398Z' while content on disk has modification time of '2026-04-13T15:48:24.0788675Z'
  ERROR: Build asset version error: assets/scripts/enemigomovimiento.cs in SourceAssetDB has modification time of '2026-04-13T15:48:13.7223398Z' while content on disk has modification time of '2026-04-13T15:48:24.0788675Z'
Number of updated asset objects reloaded before import = 0
Number of asset objects unloaded after import = 0
========================================================================
Received Import Request.
  Time since last request: 0.006329 seconds.
  path: Assets/scripts/EnemigoMovimiento.cs
  artifactKey: Guid(8e30e785f96522b409f8eabeca4e3fc1) Importer(815301076,1909f56bfc062723c751e8b465ee728b)
Start importing Assets/scripts/EnemigoMovimiento.cs using Guid(8e30e785f96522b409f8eabeca4e3fc1) Importer(815301076,1909f56bfc062723c751e8b465ee728b) [PhysX] Initialized MultithreadedTaskDispatcher with 12 workers.
 -> (artifact id: '00000000000000000000000000000000') in 0.000498 seconds
Import Error Code:(4)
Message: Build asset version error: assets/scripts/enemigomovimiento.cs in SourceAssetDB has modification time of '2026-04-13T15:48:13.7223398Z' while content on disk has modification time of '2026-04-13T15:48:24.0788675Z'
  ERROR: Build asset version error: assets/scripts/enemigomovimiento.cs in SourceAssetDB has modification time of '2026-04-13T15:48:13.7223398Z' while content on disk has modification time of '2026-04-13T15:48:24.0788675Z'
Number of updated asset objects reloaded before import = 0
Number of asset objects unloaded after import = 0
========================================================================
Received Import Request.
  Time since last request: 0.006846 seconds.
  path: Assets/scripts/EnemigoMovimiento.cs
  artifactKey: Guid(8e30e785f96522b409f8eabeca4e3fc1) Importer(815301076,1909f56bfc062723c751e8b465ee728b)
Start importing Assets/scripts/EnemigoMovimiento.cs using Guid(8e30e785f96522b409f8eabeca4e3fc1) Importer(815301076,1909f56bfc062723c751e8b465ee728b) [PhysX] Initialized MultithreadedTaskDispatcher with 12 workers.
 -> (artifact id: '00000000000000000000000000000000') in 0.000500 seconds
Import Error Code:(4)
Message: Build asset version error: assets/scripts/enemigomovimiento.cs in SourceAssetDB has modification time of '2026-04-13T15:48:13.7223398Z' while content on disk has modification time of '2026-04-13T15:48:24.0788675Z'
  ERROR: Build asset version error: assets/scripts/enemigomovimiento.cs in SourceAssetDB has modification time of '2026-04-13T15:48:13.7223398Z' while content on disk has modification time of '2026-04-13T15:48:24.0788675Z'
Number of updated asset objects reloaded before import = 0
Number of asset objects unloaded after import = 0
========================================================================
Received Import Request.
  Time since last request: 0.006790 seconds.
  path: Assets/scripts/EnemigoMovimiento.cs
  artifactKey: Guid(8e30e785f96522b409f8eabeca4e3fc1) Importer(815301076,1909f56bfc062723c751e8b465ee728b)
Start importing Assets/scripts/EnemigoMovimiento.cs using Guid(8e30e785f96522b409f8eabeca4e3fc1) Importer(815301076,1909f56bfc062723c751e8b465ee728b) [PhysX] Initialized MultithreadedTaskDispatcher with 12 workers.
 -> (artifact id: '00000000000000000000000000000000') in 0.000511 seconds
Import Error Code:(4)
Message: Build asset version error: assets/scripts/enemigomovimiento.cs in SourceAssetDB has modification time of '2026-04-13T15:48:13.7223398Z' while content on disk has modification time of '2026-04-13T15:48:24.0788675Z'
  ERROR: Build asset version error: assets/scripts/enemigomovimiento.cs in SourceAssetDB has modification time of '2026-04-13T15:48:13.7223398Z' while content on disk has modification time of '2026-04-13T15:48:24.0788675Z'
Number of updated asset objects reloaded before import = 0
Number of asset objects unloaded after import = 0
========================================================================
Received Import Request.
  Time since last request: 0.006988 seconds.
  path: Assets/scripts/EnemigoMovimiento.cs
  artifactKey: Guid(8e30e785f96522b409f8eabeca4e3fc1) Importer(815301076,1909f56bfc062723c751e8b465ee728b)
Start importing Assets/scripts/EnemigoMovimiento.cs using Guid(8e30e785f96522b409f8eabeca4e3fc1) Importer(815301076,1909f56bfc062723c751e8b465ee728b) [PhysX] Initialized MultithreadedTaskDispatcher with 12 workers.
 -> (artifact id: '00000000000000000000000000000000') in 0.000532 seconds
Import Error Code:(4)
Message: Build asset version error: assets/scripts/enemigomovimiento.cs in SourceAssetDB has modification time of '2026-04-13T15:48:13.7223398Z' while content on disk has modification time of '2026-04-13T15:48:24.0788675Z'
  ERROR: Build asset version error: assets/scripts/enemigomovimiento.cs in SourceAssetDB has modification time of '2026-04-13T15:48:13.7223398Z' while content on disk has modification time of '2026-04-13T15:48:24.0788675Z'
Number of updated asset objects reloaded before import = 0
Number of asset objects unloaded after import = 0
========================================================================
Received Import Request.
  Time since last request: 0.006159 seconds.
  path: Assets/scripts/EnemigoMovimiento.cs
  artifactKey: Guid(8e30e785f96522b409f8eabeca4e3fc1) Importer(815301076,1909f56bfc062723c751e8b465ee728b)
Start importing Assets/scripts/EnemigoMovimiento.cs using Guid(8e30e785f96522b409f8eabeca4e3fc1) Importer(815301076,1909f56bfc062723c751e8b465ee728b) [PhysX] Initialized MultithreadedTaskDispatcher with 12 workers.
 -> (artifact id: '00000000000000000000000000000000') in 0.000583 seconds
Import Error Code:(4)
Message: Build asset version error: assets/scripts/enemigomovimiento.cs in SourceAssetDB has modification time of '2026-04-13T15:48:13.7223398Z' while content on disk has modification time of '2026-04-13T15:48:24.0788675Z'
  ERROR: Build asset version error: assets/scripts/enemigomovimiento.cs in SourceAssetDB has modification time of '2026-04-13T15:48:13.7223398Z' while content on disk has modification time of '2026-04-13T15:48:24.0788675Z'
Number of updated asset objects reloaded before import = 0
Number of asset objects unloaded after import = 0
========================================================================
Received Import Request.
  Time since last request: 0.007144 seconds.
  path: Assets/scripts/EnemigoMovimiento.cs
  artifactKey: Guid(8e30e785f96522b409f8eabeca4e3fc1) Importer(815301076,1909f56bfc062723c751e8b465ee728b)
Start importing Assets/scripts/EnemigoMovimiento.cs using Guid(8e30e785f96522b409f8eabeca4e3fc1) Importer(815301076,1909f56bfc062723c751e8b465ee728b) [PhysX] Initialized MultithreadedTaskDispatcher with 12 workers.
 -> (artifact id: '00000000000000000000000000000000') in 0.000547 seconds
Import Error Code:(4)
Message: Build asset version error: assets/scripts/enemigomovimiento.cs in SourceAssetDB has modification time of '2026-04-13T15:48:13.7223398Z' while content on disk has modification time of '2026-04-13T15:48:24.0788675Z'
  ERROR: Build asset version error: assets/scripts/enemigomovimiento.cs in SourceAssetDB has modification time of '2026-04-13T15:48:13.7223398Z' while content on disk has modification time of '2026-04-13T15:48:24.0788675Z'
Number of updated asset objects reloaded before import = 0
Number of asset objects unloaded after import = 0
========================================================================
Received Import Request.
  Time since last request: 0.006434 seconds.
  path: Assets/scripts/EnemigoMovimiento.cs
  artifactKey: Guid(8e30e785f96522b409f8eabeca4e3fc1) Importer(815301076,1909f56bfc062723c751e8b465ee728b)
Start importing Assets/scripts/EnemigoMovimiento.cs using Guid(8e30e785f96522b409f8eabeca4e3fc1) Importer(815301076,1909f56bfc062723c751e8b465ee728b) [PhysX] Initialized MultithreadedTaskDispatcher with 12 workers.
 -> (artifact id: '00000000000000000000000000000000') in 0.000493 seconds
Import Error Code:(4)
Message: Build asset version error: assets/scripts/enemigomovimiento.cs in SourceAssetDB has modification time of '2026-04-13T15:48:13.7223398Z' while content on disk has modification time of '2026-04-13T15:48:24.0788675Z'
  ERROR: Build asset version error: assets/scripts/enemigomovimiento.cs in SourceAssetDB has modification time of '2026-04-13T15:48:13.7223398Z' while content on disk has modification time of '2026-04-13T15:48:24.0788675Z'
Number of updated asset objects reloaded before import = 0
Number of asset objects unloaded after import = 0
========================================================================
Received Import Request.
  Time since last request: 0.007206 seconds.
  path: Assets/scripts/EnemigoMovimiento.cs
  artifactKey: Guid(8e30e785f96522b409f8eabeca4e3fc1) Importer(815301076,1909f56bfc062723c751e8b465ee728b)
Start importing Assets/scripts/EnemigoMovimiento.cs using Guid(8e30e785f96522b409f8eabeca4e3fc1) Importer(815301076,1909f56bfc062723c751e8b465ee728b) [PhysX] Initialized MultithreadedTaskDispatcher with 12 workers.
 -> (artifact id: '00000000000000000000000000000000') in 0.000546 seconds
Import Error Code:(4)
Message: Build asset version error: assets/scripts/enemigomovimiento.cs in SourceAssetDB has modification time of '2026-04-13T15:48:13.7223398Z' while content on disk has modification time of '2026-04-13T15:48:24.0788675Z'
  ERROR: Build asset version error: assets/scripts/enemigomovimiento.cs in SourceAssetDB has modification time of '2026-04-13T15:48:13.7223398Z' while content on disk has modification time of '2026-04-13T15:48:24.0788675Z'
Number of updated asset objects reloaded before import = 0
Number of asset objects unloaded after import = 0
========================================================================
Received Import Request.
  Time since last request: 0.006581 seconds.
  path: Assets/scripts/EnemigoMovimiento.cs
  artifactKey: Guid(8e30e785f96522b409f8eabeca4e3fc1) Importer(815301076,1909f56bfc062723c751e8b465ee728b)
Start importing Assets/scripts/EnemigoMovimiento.cs using Guid(8e30e785f96522b409f8eabeca4e3fc1) Importer(815301076,1909f56bfc062723c751e8b465ee728b) [PhysX] Initialized MultithreadedTaskDispatcher with 12 workers.
 -> (artifact id: '00000000000000000000000000000000') in 0.000523 seconds
Import Error Code:(4)
Message: Build asset version error: assets/scripts/enemigomovimiento.cs in SourceAssetDB has modification time of '2026-04-13T15:48:13.7223398Z' while content on disk has modification time of '2026-04-13T15:48:24.0788675Z'
  ERROR: Build asset version error: assets/scripts/enemigomovimiento.cs in SourceAssetDB has modification time of '2026-04-13T15:48:13.7223398Z' while content on disk has modification time of '2026-04-13T15:48:24.0788675Z'
Number of updated asset objects reloaded before import = 0
Number of asset objects unloaded after import = 0
========================================================================
Received Import Request.
  Time since last request: 0.006574 seconds.
  path: Assets/scripts/EnemigoMovimiento.cs
  artifactKey: Guid(8e30e785f96522b409f8eabeca4e3fc1) Importer(815301076,1909f56bfc062723c751e8b465ee728b)
Start importing Assets/scripts/EnemigoMovimiento.cs using Guid(8e30e785f96522b409f8eabeca4e3fc1) Importer(815301076,1909f56bfc062723c751e8b465ee728b) [PhysX] Initialized MultithreadedTaskDispatcher with 12 workers.
 -> (artifact id: '00000000000000000000000000000000') in 0.000628 seconds
Import Error Code:(4)
Message: Build asset version error: assets/scripts/enemigomovimiento.cs in SourceAssetDB has modification time of '2026-04-13T15:48:13.7223398Z' while content on disk has modification time of '2026-04-13T15:48:24.0788675Z'
  ERROR: Build asset version error: assets/scripts/enemigomovimiento.cs in SourceAssetDB has modification time of '2026-04-13T15:48:13.7223398Z' while content on disk has modification time of '2026-04-13T15:48:24.0788675Z'
Number of updated asset objects reloaded before import = 0
Number of asset objects unloaded after import = 0
========================================================================
Received Import Request.
  Time since last request: 0.006170 seconds.
  path: Assets/scripts/EnemigoMovimiento.cs
  artifactKey: Guid(8e30e785f96522b409f8eabeca4e3fc1) Importer(815301076,1909f56bfc062723c751e8b465ee728b)
Start importing Assets/scripts/EnemigoMovimiento.cs using Guid(8e30e785f96522b409f8eabeca4e3fc1) Importer(815301076,1909f56bfc062723c751e8b465ee728b) [PhysX] Initialized MultithreadedTaskDispatcher with 12 workers.
 -> (artifact id: '00000000000000000000000000000000') in 0.000551 seconds
Import Error Code:(4)
Message: Build asset version error: assets/scripts/enemigomovimiento.cs in SourceAssetDB has modification time of '2026-04-13T15:48:13.7223398Z' while content on disk has modification time of '2026-04-13T15:48:24.0788675Z'
  ERROR: Build asset version error: assets/scripts/enemigomovimiento.cs in SourceAssetDB has modification time of '2026-04-13T15:48:13.7223398Z' while content on disk has modification time of '2026-04-13T15:48:24.0788675Z'
Number of updated asset objects reloaded before import = 0
Number of asset objects unloaded after import = 0
========================================================================
Received Import Request.
  Time since last request: 0.007750 seconds.
  path: Assets/scripts/EnemigoMovimiento.cs
  artifactKey: Guid(8e30e785f96522b409f8eabeca4e3fc1) Importer(815301076,1909f56bfc062723c751e8b465ee728b)
Start importing Assets/scripts/EnemigoMovimiento.cs using Guid(8e30e785f96522b409f8eabeca4e3fc1) Importer(815301076,1909f56bfc062723c751e8b465ee728b) [PhysX] Initialized MultithreadedTaskDispatcher with 12 workers.
 -> (artifact id: '00000000000000000000000000000000') in 0.000512 seconds
Import Error Code:(4)
Message: Build asset version error: assets/scripts/enemigomovimiento.cs in SourceAssetDB has modification time of '2026-04-13T15:48:13.7223398Z' while content on disk has modification time of '2026-04-13T15:48:24.0788675Z'
  ERROR: Build asset version error: assets/scripts/enemigomovimiento.cs in SourceAssetDB has modification time of '2026-04-13T15:48:13.7223398Z' while content on disk has modification time of '2026-04-13T15:48:24.0788675Z'
Number of updated asset objects reloaded before import = 0
Number of asset objects unloaded after import = 0
========================================================================
Received Import Request.
  Time since last request: 0.006671 seconds.
  path: Assets/scripts/EnemigoMovimiento.cs
  artifactKey: Guid(8e30e785f96522b409f8eabeca4e3fc1) Importer(815301076,1909f56bfc062723c751e8b465ee728b)
Start importing Assets/scripts/EnemigoMovimiento.cs using Guid(8e30e785f96522b409f8eabeca4e3fc1) Importer(815301076,1909f56bfc062723c751e8b465ee728b) [PhysX] Initialized MultithreadedTaskDispatcher with 12 workers.
 -> (artifact id: '00000000000000000000000000000000') in 0.000519 seconds
Import Error Code:(4)
Message: Build asset version error: assets/scripts/enemigomovimiento.cs in SourceAssetDB has modification time of '2026-04-13T15:48:13.7223398Z' while content on disk has modification time of '2026-04-13T15:48:24.0788675Z'
  ERROR: Build asset version error: assets/scripts/enemigomovimiento.cs in SourceAssetDB has modification time of '2026-04-13T15:48:13.7223398Z' while content on disk has modification time of '2026-04-13T15:48:24.0788675Z'
Number of updated asset objects reloaded before import = 0
Number of asset objects unloaded after import = 0
========================================================================
Received Import Request.
  Time since last request: 0.007032 seconds.
  path: Assets/scripts/EnemigoMovimiento.cs
  artifactKey: Guid(8e30e785f96522b409f8eabeca4e3fc1) Importer(815301076,1909f56bfc062723c751e8b465ee728b)
Start importing Assets/scripts/EnemigoMovimiento.cs using Guid(8e30e785f96522b409f8eabeca4e3fc1) Importer(815301076,1909f56bfc062723c751e8b465ee728b) [PhysX] Initialized MultithreadedTaskDispatcher with 12 workers.
 -> (artifact id: '00000000000000000000000000000000') in 0.000500 seconds
Import Error Code:(4)
Message: Build asset version error: assets/scripts/enemigomovimiento.cs in SourceAssetDB has modification time of '2026-04-13T15:48:13.7223398Z' while content on disk has modification time of '2026-04-13T15:48:24.0788675Z'
  ERROR: Build asset version error: assets/scripts/enemigomovimiento.cs in SourceAssetDB has modification time of '2026-04-13T15:48:13.7223398Z' while content on disk has modification time of '2026-04-13T15:48:24.0788675Z'
Number of updated asset objects reloaded before import = 0
Number of asset objects unloaded after import = 0
========================================================================
Received Import Request.
  Time since last request: 0.006214 seconds.
  path: Assets/scripts/EnemigoMovimiento.cs
  artifactKey: Guid(8e30e785f96522b409f8eabeca4e3fc1) Importer(815301076,1909f56bfc062723c751e8b465ee728b)
Start importing Assets/scripts/EnemigoMovimiento.cs using Guid(8e30e785f96522b409f8eabeca4e3fc1) Importer(815301076,1909f56bfc062723c751e8b465ee728b) [PhysX] Initialized MultithreadedTaskDispatcher with 12 workers.
 -> (artifact id: '00000000000000000000000000000000') in 0.000563 seconds
Import Error Code:(4)
Message: Build asset version error: assets/scripts/enemigomovimiento.cs in SourceAssetDB has modification time of '2026-04-13T15:48:13.7223398Z' while content on disk has modification time of '2026-04-13T15:48:24.0788675Z'
  ERROR: Build asset version error: assets/scripts/enemigomovimiento.cs in SourceAssetDB has modification time of '2026-04-13T15:48:13.7223398Z' while content on disk has modification time of '2026-04-13T15:48:24.0788675Z'
Number of updated asset objects reloaded before import = 0
Number of asset objects unloaded after import = 0
========================================================================
Received Import Request.
  Time since last request: 0.007200 seconds.
  path: Assets/scripts/EnemigoMovimiento.cs
  artifactKey: Guid(8e30e785f96522b409f8eabeca4e3fc1) Importer(815301076,1909f56bfc062723c751e8b465ee728b)
Start importing Assets/scripts/EnemigoMovimiento.cs using Guid(8e30e785f96522b409f8eabeca4e3fc1) Importer(815301076,1909f56bfc062723c751e8b465ee728b) [PhysX] Initialized MultithreadedTaskDispatcher with 12 workers.
 -> (artifact id: '00000000000000000000000000000000') in 0.000558 seconds
Import Error Code:(4)
Message: Build asset version error: assets/scripts/enemigomovimiento.cs in SourceAssetDB has modification time of '2026-04-13T15:48:13.7223398Z' while content on disk has modification time of '2026-04-13T15:48:24.0788675Z'
  ERROR: Build asset version error: assets/scripts/enemigomovimiento.cs in SourceAssetDB has modification time of '2026-04-13T15:48:13.7223398Z' while content on disk has modification time of '2026-04-13T15:48:24.0788675Z'
Number of updated asset objects reloaded before import = 0
Number of asset objects unloaded after import = 0
========================================================================
Received Import Request.
  Time since last request: 0.006751 seconds.
  path: Assets/scripts/EnemigoMovimiento.cs
  artifactKey: Guid(8e30e785f96522b409f8eabeca4e3fc1) Importer(815301076,1909f56bfc062723c751e8b465ee728b)
Start importing Assets/scripts/EnemigoMovimiento.cs using Guid(8e30e785f96522b409f8eabeca4e3fc1) Importer(815301076,1909f56bfc062723c751e8b465ee728b) [PhysX] Initialized MultithreadedTaskDispatcher with 12 workers.
 -> (artifact id: '00000000000000000000000000000000') in 0.000521 seconds
Import Error Code:(4)
Message: Build asset version error: assets/scripts/enemigomovimiento.cs in SourceAssetDB has modification time of '2026-04-13T15:48:13.7223398Z' while content on disk has modification time of '2026-04-13T15:48:24.0788675Z'
  ERROR: Build asset version error: assets/scripts/enemigomovimiento.cs in SourceAssetDB has modification time of '2026-04-13T15:48:13.7223398Z' while content on disk has modification time of '2026-04-13T15:48:24.0788675Z'
Number of updated asset objects reloaded before import = 0
Number of asset objects unloaded after import = 0
========================================================================
Received Import Request.
  Time since last request: 0.007343 seconds.
  path: Assets/scripts/EnemigoMovimiento.cs
  artifactKey: Guid(8e30e785f96522b409f8eabeca4e3fc1) Importer(815301076,1909f56bfc062723c751e8b465ee728b)
Start importing Assets/scripts/EnemigoMovimiento.cs using Guid(8e30e785f96522b409f8eabeca4e3fc1) Importer(815301076,1909f56bfc062723c751e8b465ee728b) [PhysX] Initialized MultithreadedTaskDispatcher with 12 workers.
 -> (artifact id: '00000000000000000000000000000000') in 0.000520 seconds
Import Error Code:(4)
Message: Build asset version error: assets/scripts/enemigomovimiento.cs in SourceAssetDB has modification time of '2026-04-13T15:48:13.7223398Z' while content on disk has modification time of '2026-04-13T15:48:24.0788675Z'
  ERROR: Build asset version error: assets/scripts/enemigomovimiento.cs in SourceAssetDB has modification time of '2026-04-13T15:48:13.7223398Z' while content on disk has modification time of '2026-04-13T15:48:24.0788675Z'
Number of updated asset objects reloaded before import = 0
Number of asset objects unloaded after import = 0
========================================================================
Received Import Request.
  Time since last request: 0.006476 seconds.
  path: Assets/scripts/EnemigoMovimiento.cs
  artifactKey: Guid(8e30e785f96522b409f8eabeca4e3fc1) Importer(815301076,1909f56bfc062723c751e8b465ee728b)
Start importing Assets/scripts/EnemigoMovimiento.cs using Guid(8e30e785f96522b409f8eabeca4e3fc1) Importer(815301076,1909f56bfc062723c751e8b465ee728b) [PhysX] Initialized MultithreadedTaskDispatcher with 12 workers.
 -> (artifact id: '00000000000000000000000000000000') in 0.000544 seconds
Import Error Code:(4)
Message: Build asset version error: assets/scripts/enemigomovimiento.cs in SourceAssetDB has modification time of '2026-04-13T15:48:13.7223398Z' while content on disk has modification time of '2026-04-13T15:48:24.0788675Z'
  ERROR: Build asset version error: assets/scripts/enemigomovimiento.cs in SourceAssetDB has modification time of '2026-04-13T15:48:13.7223398Z' while content on disk has modification time of '2026-04-13T15:48:24.0788675Z'
Number of updated asset objects reloaded before import = 0
Number of asset objects unloaded after import = 0
========================================================================
Received Import Request.
  Time since last request: 0.006565 seconds.
  path: Assets/scripts/EnemigoMovimiento.cs
  artifactKey: Guid(8e30e785f96522b409f8eabeca4e3fc1) Importer(815301076,1909f56bfc062723c751e8b465ee728b)
Start importing Assets/scripts/EnemigoMovimiento.cs using Guid(8e30e785f96522b409f8eabeca4e3fc1) Importer(815301076,1909f56bfc062723c751e8b465ee728b) [PhysX] Initialized MultithreadedTaskDispatcher with 12 workers.
 -> (artifact id: '00000000000000000000000000000000') in 0.000546 seconds
Import Error Code:(4)
Message: Build asset version error: assets/scripts/enemigomovimiento.cs in SourceAssetDB has modification time of '2026-04-13T15:48:13.7223398Z' while content on disk has modification time of '2026-04-13T15:48:24.0788675Z'
  ERROR: Build asset version error: assets/scripts/enemigomovimiento.cs in SourceAssetDB has modification time of '2026-04-13T15:48:13.7223398Z' while content on disk has modification time of '2026-04-13T15:48:24.0788675Z'
Number of updated asset objects reloaded before import = 0
Number of asset objects unloaded after import = 0
========================================================================
Received Import Request.
  Time since last request: 0.006898 seconds.
  path: Assets/scripts/EnemigoMovimiento.cs
  artifactKey: Guid(8e30e785f96522b409f8eabeca4e3fc1) Importer(815301076,1909f56bfc062723c751e8b465ee728b)
Start importing Assets/scripts/EnemigoMovimiento.cs using Guid(8e30e785f96522b409f8eabeca4e3fc1) Importer(815301076,1909f56bfc062723c751e8b465ee728b) [PhysX] Initialized MultithreadedTaskDispatcher with 12 workers.
 -> (artifact id: '00000000000000000000000000000000') in 0.000570 seconds
Import Error Code:(4)
Message: Build asset version error: assets/scripts/enemigomovimiento.cs in SourceAssetDB has modification time of '2026-04-13T15:48:13.7223398Z' while content on disk has modification time of '2026-04-13T15:48:24.0788675Z'
  ERROR: Build asset version error: assets/scripts/enemigomovimiento.cs in SourceAssetDB has modification time of '2026-04-13T15:48:13.7223398Z' while content on disk has modification time of '2026-04-13T15:48:24.0788675Z'
Number of updated asset objects reloaded before import = 0
Number of asset objects unloaded after import = 0
========================================================================
Received Import Request.
  Time since last request: 0.007307 seconds.
  path: Assets/scripts/EnemigoMovimiento.cs
  artifactKey: Guid(8e30e785f96522b409f8eabeca4e3fc1) Importer(815301076,1909f56bfc062723c751e8b465ee728b)
Start importing Assets/scripts/EnemigoMovimiento.cs using Guid(8e30e785f96522b409f8eabeca4e3fc1) Importer(815301076,1909f56bfc062723c751e8b465ee728b) [PhysX] Initialized MultithreadedTaskDispatcher with 12 workers.
 -> (artifact id: '00000000000000000000000000000000') in 0.000521 seconds
Import Error Code:(4)
Message: Build asset version error: assets/scripts/enemigomovimiento.cs in SourceAssetDB has modification time of '2026-04-13T15:48:13.7223398Z' while content on disk has modification time of '2026-04-13T15:48:24.0788675Z'
  ERROR: Build asset version error: assets/scripts/enemigomovimiento.cs in SourceAssetDB has modification time of '2026-04-13T15:48:13.7223398Z' while content on disk has modification time of '2026-04-13T15:48:24.0788675Z'
Number of updated asset objects reloaded before import = 0
Number of asset objects unloaded after import = 0
========================================================================
Received Import Request.
  Time since last request: 0.007743 seconds.
  path: Assets/scripts/EnemigoMovimiento.cs
  artifactKey: Guid(8e30e785f96522b409f8eabeca4e3fc1) Importer(815301076,1909f56bfc062723c751e8b465ee728b)
Start importing Assets/scripts/EnemigoMovimiento.cs using Guid(8e30e785f96522b409f8eabeca4e3fc1) Importer(815301076,1909f56bfc062723c751e8b465ee728b) [PhysX] Initialized MultithreadedTaskDispatcher with 12 workers.
 -> (artifact id: '00000000000000000000000000000000') in 0.000602 seconds
Import Error Code:(4)
Message: Build asset version error: assets/scripts/enemigomovimiento.cs in SourceAssetDB has modification time of '2026-04-13T15:48:13.7223398Z' while content on disk has modification time of '2026-04-13T15:48:24.0788675Z'
  ERROR: Build asset version error: assets/scripts/enemigomovimiento.cs in SourceAssetDB has modification time of '2026-04-13T15:48:13.7223398Z' while content on disk has modification time of '2026-04-13T15:48:24.0788675Z'
Number of updated asset objects reloaded before import = 0
Number of asset objects unloaded after import = 0
========================================================================
Received Import Request.
  Time since last request: 0.006527 seconds.
  path: Assets/scripts/EnemigoMovimiento.cs
  artifactKey: Guid(8e30e785f96522b409f8eabeca4e3fc1) Importer(815301076,1909f56bfc062723c751e8b465ee728b)
Start importing Assets/scripts/EnemigoMovimiento.cs using Guid(8e30e785f96522b409f8eabeca4e3fc1) Importer(815301076,1909f56bfc062723c751e8b465ee728b) [PhysX] Initialized MultithreadedTaskDispatcher with 12 workers.
 -> (artifact id: '00000000000000000000000000000000') in 0.000513 seconds
Import Error Code:(4)
Message: Build asset version error: assets/scripts/enemigomovimiento.cs in SourceAssetDB has modification time of '2026-04-13T15:48:13.7223398Z' while content on disk has modification time of '2026-04-13T15:48:24.0788675Z'
  ERROR: Build asset version error: assets/scripts/enemigomovimiento.cs in SourceAssetDB has modification time of '2026-04-13T15:48:13.7223398Z' while content on disk has modification time of '2026-04-13T15:48:24.0788675Z'
Number of updated asset objects reloaded before import = 0
Number of asset objects unloaded after import = 0
========================================================================
Received Import Request.
  Time since last request: 0.007691 seconds.
  path: Assets/scripts/EnemigoMovimiento.cs
  artifactKey: Guid(8e30e785f96522b409f8eabeca4e3fc1) Importer(815301076,1909f56bfc062723c751e8b465ee728b)
Start importing Assets/scripts/EnemigoMovimiento.cs using Guid(8e30e785f96522b409f8eabeca4e3fc1) Importer(815301076,1909f56bfc062723c751e8b465ee728b) [PhysX] Initialized MultithreadedTaskDispatcher with 12 workers.
 -> (artifact id: '00000000000000000000000000000000') in 0.000509 seconds
Import Error Code:(4)
Message: Build asset version error: assets/scripts/enemigomovimiento.cs in SourceAssetDB has modification time of '2026-04-13T15:48:13.7223398Z' while content on disk has modification time of '2026-04-13T15:48:24.0788675Z'
  ERROR: Build asset version error: assets/scripts/enemigomovimiento.cs in SourceAssetDB has modification time of '2026-04-13T15:48:13.7223398Z' while content on disk has modification time of '2026-04-13T15:48:24.0788675Z'
Number of updated asset objects reloaded before import = 0
Number of asset objects unloaded after import = 0
========================================================================
Received Import Request.
  Time since last request: 0.007184 seconds.
  path: Assets/scripts/EnemigoMovimiento.cs
  artifactKey: Guid(8e30e785f96522b409f8eabeca4e3fc1) Importer(815301076,1909f56bfc062723c751e8b465ee728b)
Start importing Assets/scripts/EnemigoMovimiento.cs using Guid(8e30e785f96522b409f8eabeca4e3fc1) Importer(815301076,1909f56bfc062723c751e8b465ee728b) [PhysX] Initialized MultithreadedTaskDispatcher with 12 workers.
 -> (artifact id: '00000000000000000000000000000000') in 0.000514 seconds
Import Error Code:(4)
Message: Build asset version error: assets/scripts/enemigomovimiento.cs in SourceAssetDB has modification time of '2026-04-13T15:48:13.7223398Z' while content on disk has modification time of '2026-04-13T15:48:24.0788675Z'
  ERROR: Build asset version error: assets/scripts/enemigomovimiento.cs in SourceAssetDB has modification time of '2026-04-13T15:48:13.7223398Z' while content on disk has modification time of '2026-04-13T15:48:24.0788675Z'
Number of updated asset objects reloaded before import = 0
Number of asset objects unloaded after import = 0
========================================================================
Received Import Request.
  Time since last request: 0.008918 seconds.
  path: Assets/scripts/EnemigoMovimiento.cs
  artifactKey: Guid(8e30e785f96522b409f8eabeca4e3fc1) Importer(815301076,1909f56bfc062723c751e8b465ee728b)
Start importing Assets/scripts/EnemigoMovimiento.cs using Guid(8e30e785f96522b409f8eabeca4e3fc1) Importer(815301076,1909f56bfc062723c751e8b465ee728b) [PhysX] Initialized MultithreadedTaskDispatcher with 12 workers.
 -> (artifact id: '00000000000000000000000000000000') in 0.000786 seconds
Import Error Code:(4)
Message: Build asset version error: assets/scripts/enemigomovimiento.cs in SourceAssetDB has modification time of '2026-04-13T15:48:13.7223398Z' while content on disk has modification time of '2026-04-13T15:48:24.0788675Z'
  ERROR: Build asset version error: assets/scripts/enemigomovimiento.cs in SourceAssetDB has modification time of '2026-04-13T15:48:13.7223398Z' while content on disk has modification time of '2026-04-13T15:48:24.0788675Z'
Number of updated asset objects reloaded before import = 0
Number of asset objects unloaded after import = 0
========================================================================
Received Import Request.
  Time since last request: 0.006717 seconds.
  path: Assets/scripts/EnemigoMovimiento.cs
  artifactKey: Guid(8e30e785f96522b409f8eabeca4e3fc1) Importer(815301076,1909f56bfc062723c751e8b465ee728b)
Start importing Assets/scripts/EnemigoMovimiento.cs using Guid(8e30e785f96522b409f8eabeca4e3fc1) Importer(815301076,1909f56bfc062723c751e8b465ee728b) [PhysX] Initialized MultithreadedTaskDispatcher with 12 workers.
 -> (artifact id: '00000000000000000000000000000000') in 0.000635 seconds
Import Error Code:(4)
Message: Build asset version error: assets/scripts/enemigomovimiento.cs in SourceAssetDB has modification time of '2026-04-13T15:48:13.7223398Z' while content on disk has modification time of '2026-04-13T15:48:24.0788675Z'
  ERROR: Build asset version error: assets/scripts/enemigomovimiento.cs in SourceAssetDB has modification time of '2026-04-13T15:48:13.7223398Z' while content on disk has modification time of '2026-04-13T15:48:24.0788675Z'
Number of updated asset objects reloaded before import = 0
Number of asset objects unloaded after import = 0
========================================================================
Received Import Request.
  Time since last request: 0.006440 seconds.
  path: Assets/scripts/EnemigoMovimiento.cs
  artifactKey: Guid(8e30e785f96522b409f8eabeca4e3fc1) Importer(815301076,1909f56bfc062723c751e8b465ee728b)
Start importing Assets/scripts/EnemigoMovimiento.cs using Guid(8e30e785f96522b409f8eabeca4e3fc1) Importer(815301076,1909f56bfc062723c751e8b465ee728b) [PhysX] Initialized MultithreadedTaskDispatcher with 12 workers.
 -> (artifact id: '00000000000000000000000000000000') in 0.000536 seconds
Import Error Code:(4)
Message: Build asset version error: assets/scripts/enemigomovimiento.cs in SourceAssetDB has modification time of '2026-04-13T15:48:13.7223398Z' while content on disk has modification time of '2026-04-13T15:48:24.0788675Z'
  ERROR: Build asset version error: assets/scripts/enemigomovimiento.cs in SourceAssetDB has modification time of '2026-04-13T15:48:13.7223398Z' while content on disk has modification time of '2026-04-13T15:48:24.0788675Z'
Number of updated asset objects reloaded before import = 0
Number of asset objects unloaded after import = 0
========================================================================
Received Import Request.
  Time since last request: 0.006566 seconds.
  path: Assets/scripts/EnemigoMovimiento.cs
  artifactKey: Guid(8e30e785f96522b409f8eabeca4e3fc1) Importer(815301076,1909f56bfc062723c751e8b465ee728b)
Start importing Assets/scripts/EnemigoMovimiento.cs using Guid(8e30e785f96522b409f8eabeca4e3fc1) Importer(815301076,1909f56bfc062723c751e8b465ee728b) [PhysX] Initialized MultithreadedTaskDispatcher with 12 workers.
 -> (artifact id: '00000000000000000000000000000000') in 0.000849 seconds
Import Error Code:(4)
Message: Build asset version error: assets/scripts/enemigomovimiento.cs in SourceAssetDB has modification time of '2026-04-13T15:48:13.7223398Z' while content on disk has modification time of '2026-04-13T15:48:24.0788675Z'
  ERROR: Build asset version error: assets/scripts/enemigomovimiento.cs in SourceAssetDB has modification time of '2026-04-13T15:48:13.7223398Z' while content on disk has modification time of '2026-04-13T15:48:24.0788675Z'
Number of updated asset objects reloaded before import = 0
Number of asset objects unloaded after import = 0
========================================================================
Received Import Request.
  Time since last request: 0.007735 seconds.
  path: Assets/scripts/EnemigoMovimiento.cs
  artifactKey: Guid(8e30e785f96522b409f8eabeca4e3fc1) Importer(815301076,1909f56bfc062723c751e8b465ee728b)
Start importing Assets/scripts/EnemigoMovimiento.cs using Guid(8e30e785f96522b409f8eabeca4e3fc1) Importer(815301076,1909f56bfc062723c751e8b465ee728b) [PhysX] Initialized MultithreadedTaskDispatcher with 12 workers.
 -> (artifact id: '00000000000000000000000000000000') in 0.000531 seconds
Import Error Code:(4)
Message: Build asset version error: assets/scripts/enemigomovimiento.cs in SourceAssetDB has modification time of '2026-04-13T15:48:13.7223398Z' while content on disk has modification time of '2026-04-13T15:48:24.0788675Z'
  ERROR: Build asset version error: assets/scripts/enemigomovimiento.cs in SourceAssetDB has modification time of '2026-04-13T15:48:13.7223398Z' while content on disk has modification time of '2026-04-13T15:48:24.0788675Z'
Number of updated asset objects reloaded before import = 0
Number of asset objects unloaded after import = 0
========================================================================
Received Import Request.
  Time since last request: 0.007397 seconds.
  path: Assets/scripts/EnemigoMovimiento.cs
  artifactKey: Guid(8e30e785f96522b409f8eabeca4e3fc1) Importer(815301076,1909f56bfc062723c751e8b465ee728b)
Start importing Assets/scripts/EnemigoMovimiento.cs using Guid(8e30e785f96522b409f8eabeca4e3fc1) Importer(815301076,1909f56bfc062723c751e8b465ee728b) [PhysX] Initialized MultithreadedTaskDispatcher with 12 workers.
 -> (artifact id: '00000000000000000000000000000000') in 0.000568 seconds
Import Error Code:(4)
Message: Build asset version error: assets/scripts/enemigomovimiento.cs in SourceAssetDB has modification time of '2026-04-13T15:48:13.7223398Z' while content on disk has modification time of '2026-04-13T15:48:24.0788675Z'
  ERROR: Build asset version error: assets/scripts/enemigomovimiento.cs in SourceAssetDB has modification time of '2026-04-13T15:48:13.7223398Z' while content on disk has modification time of '2026-04-13T15:48:24.0788675Z'
Number of updated asset objects reloaded before import = 0
Number of asset objects unloaded after import = 0
========================================================================
Received Import Request.
  Time since last request: 0.006981 seconds.
  path: Assets/scripts/EnemigoMovimiento.cs
  artifactKey: Guid(8e30e785f96522b409f8eabeca4e3fc1) Importer(815301076,1909f56bfc062723c751e8b465ee728b)
Start importing Assets/scripts/EnemigoMovimiento.cs using Guid(8e30e785f96522b409f8eabeca4e3fc1) Importer(815301076,1909f56bfc062723c751e8b465ee728b) [PhysX] Initialized MultithreadedTaskDispatcher with 12 workers.
 -> (artifact id: '00000000000000000000000000000000') in 0.000559 seconds
Import Error Code:(4)
Message: Build asset version error: assets/scripts/enemigomovimiento.cs in SourceAssetDB has modification time of '2026-04-13T15:48:13.7223398Z' while content on disk has modification time of '2026-04-13T15:48:24.0788675Z'
  ERROR: Build asset version error: assets/scripts/enemigomovimiento.cs in SourceAssetDB has modification time of '2026-04-13T15:48:13.7223398Z' while content on disk has modification time of '2026-04-13T15:48:24.0788675Z'
Number of updated asset objects reloaded before import = 0
Number of asset objects unloaded after import = 0
========================================================================
Received Import Request.
  Time since last request: 0.006665 seconds.
  path: Assets/scripts/EnemigoMovimiento.cs
  artifactKey: Guid(8e30e785f96522b409f8eabeca4e3fc1) Importer(815301076,1909f56bfc062723c751e8b465ee728b)
Start importing Assets/scripts/EnemigoMovimiento.cs using Guid(8e30e785f96522b409f8eabeca4e3fc1) Importer(815301076,1909f56bfc062723c751e8b465ee728b) [PhysX] Initialized MultithreadedTaskDispatcher with 12 workers.
 -> (artifact id: '00000000000000000000000000000000') in 0.000655 seconds
Import Error Code:(4)
Message: Build asset version error: assets/scripts/enemigomovimiento.cs in SourceAssetDB has modification time of '2026-04-13T15:48:13.7223398Z' while content on disk has modification time of '2026-04-13T15:48:24.0788675Z'
  ERROR: Build asset version error: assets/scripts/enemigomovimiento.cs in SourceAssetDB has modification time of '2026-04-13T15:48:13.7223398Z' while content on disk has modification time of '2026-04-13T15:48:24.0788675Z'
Number of updated asset objects reloaded before import = 0
Number of asset objects unloaded after import = 0
========================================================================
Received Import Request.
  Time since last request: 0.006358 seconds.
  path: Assets/scripts/EnemigoMovimiento.cs
  artifactKey: Guid(8e30e785f96522b409f8eabeca4e3fc1) Importer(815301076,1909f56bfc062723c751e8b465ee728b)
Start importing Assets/scripts/EnemigoMovimiento.cs using Guid(8e30e785f96522b409f8eabeca4e3fc1) Importer(815301076,1909f56bfc062723c751e8b465ee728b) [PhysX] Initialized MultithreadedTaskDispatcher with 12 workers.
 -> (artifact id: '00000000000000000000000000000000') in 0.000513 seconds
Import Error Code:(4)
Message: Build asset version error: assets/scripts/enemigomovimiento.cs in SourceAssetDB has modification time of '2026-04-13T15:48:13.7223398Z' while content on disk has modification time of '2026-04-13T15:48:24.0788675Z'
  ERROR: Build asset version error: assets/scripts/enemigomovimiento.cs in SourceAssetDB has modification time of '2026-04-13T15:48:13.7223398Z' while content on disk has modification time of '2026-04-13T15:48:24.0788675Z'
Number of updated asset objects reloaded before import = 0
Number of asset objects unloaded after import = 0
========================================================================
Received Import Request.
  Time since last request: 0.007292 seconds.
  path: Assets/scripts/EnemigoMovimiento.cs
  artifactKey: Guid(8e30e785f96522b409f8eabeca4e3fc1) Importer(815301076,1909f56bfc062723c751e8b465ee728b)
Start importing Assets/scripts/EnemigoMovimiento.cs using Guid(8e30e785f96522b409f8eabeca4e3fc1) Importer(815301076,1909f56bfc062723c751e8b465ee728b) [PhysX] Initialized MultithreadedTaskDispatcher with 12 workers.
 -> (artifact id: '00000000000000000000000000000000') in 0.000532 seconds
Import Error Code:(4)
Message: Build asset version error: assets/scripts/enemigomovimiento.cs in SourceAssetDB has modification time of '2026-04-13T15:48:13.7223398Z' while content on disk has modification time of '2026-04-13T15:48:24.0788675Z'
  ERROR: Build asset version error: assets/scripts/enemigomovimiento.cs in SourceAssetDB has modification time of '2026-04-13T15:48:13.7223398Z' while content on disk has modification time of '2026-04-13T15:48:24.0788675Z'
Number of updated asset objects reloaded before import = 0
Number of asset objects unloaded after import = 0
========================================================================
Received Import Request.
  Time since last request: 0.006045 seconds.
  path: Assets/scripts/EnemigoMovimiento.cs
  artifactKey: Guid(8e30e785f96522b409f8eabeca4e3fc1) Importer(815301076,1909f56bfc062723c751e8b465ee728b)
Start importing Assets/scripts/EnemigoMovimiento.cs using Guid(8e30e785f96522b409f8eabeca4e3fc1) Importer(815301076,1909f56bfc062723c751e8b465ee728b) [PhysX] Initialized MultithreadedTaskDispatcher with 12 workers.
 -> (artifact id: '00000000000000000000000000000000') in 0.000521 seconds
Import Error Code:(4)
Message: Build asset version error: assets/scripts/enemigomovimiento.cs in SourceAssetDB has modification time of '2026-04-13T15:48:13.7223398Z' while content on disk has modification time of '2026-04-13T15:48:24.0788675Z'
  ERROR: Build asset version error: assets/scripts/enemigomovimiento.cs in SourceAssetDB has modification time of '2026-04-13T15:48:13.7223398Z' while content on disk has modification time of '2026-04-13T15:48:24.0788675Z'
Number of updated asset objects reloaded before import = 0
Number of asset objects unloaded after import = 0
========================================================================
Received Import Request.
  Time since last request: 0.006928 seconds.
  path: Assets/scripts/EnemigoMovimiento.cs
  artifactKey: Guid(8e30e785f96522b409f8eabeca4e3fc1) Importer(815301076,1909f56bfc062723c751e8b465ee728b)
Start importing Assets/scripts/EnemigoMovimiento.cs using Guid(8e30e785f96522b409f8eabeca4e3fc1) Importer(815301076,1909f56bfc062723c751e8b465ee728b) [PhysX] Initialized MultithreadedTaskDispatcher with 12 workers.
 -> (artifact id: '00000000000000000000000000000000') in 0.000507 seconds
Import Error Code:(4)
Message: Build asset version error: assets/scripts/enemigomovimiento.cs in SourceAssetDB has modification time of '2026-04-13T15:48:13.7223398Z' while content on disk has modification time of '2026-04-13T15:48:24.0788675Z'
  ERROR: Build asset version error: assets/scripts/enemigomovimiento.cs in SourceAssetDB has modification time of '2026-04-13T15:48:13.7223398Z' while content on disk has modification time of '2026-04-13T15:48:24.0788675Z'
Number of updated asset objects reloaded before import = 0
Number of asset objects unloaded after import = 0
========================================================================
Received Import Request.
  Time since last request: 0.006157 seconds.
  path: Assets/scripts/EnemigoMovimiento.cs
  artifactKey: Guid(8e30e785f96522b409f8eabeca4e3fc1) Importer(815301076,1909f56bfc062723c751e8b465ee728b)
Start importing Assets/scripts/EnemigoMovimiento.cs using Guid(8e30e785f96522b409f8eabeca4e3fc1) Importer(815301076,1909f56bfc062723c751e8b465ee728b) [PhysX] Initialized MultithreadedTaskDispatcher with 12 workers.
 -> (artifact id: '00000000000000000000000000000000') in 0.000517 seconds
Import Error Code:(4)
Message: Build asset version error: assets/scripts/enemigomovimiento.cs in SourceAssetDB has modification time of '2026-04-13T15:48:13.7223398Z' while content on disk has modification time of '2026-04-13T15:48:24.0788675Z'
  ERROR: Build asset version error: assets/scripts/enemigomovimiento.cs in SourceAssetDB has modification time of '2026-04-13T15:48:13.7223398Z' while content on disk has modification time of '2026-04-13T15:48:24.0788675Z'
Number of updated asset objects reloaded before import = 0
Number of asset objects unloaded after import = 0
========================================================================
Received Import Request.
  Time since last request: 0.006210 seconds.
  path: Assets/scripts/EnemigoMovimiento.cs
  artifactKey: Guid(8e30e785f96522b409f8eabeca4e3fc1) Importer(815301076,1909f56bfc062723c751e8b465ee728b)
Start importing Assets/scripts/EnemigoMovimiento.cs using Guid(8e30e785f96522b409f8eabeca4e3fc1) Importer(815301076,1909f56bfc062723c751e8b465ee728b) [PhysX] Initialized MultithreadedTaskDispatcher with 12 workers.
 -> (artifact id: '00000000000000000000000000000000') in 0.000516 seconds
Import Error Code:(4)
Message: Build asset version error: assets/scripts/enemigomovimiento.cs in SourceAssetDB has modification time of '2026-04-13T15:48:13.7223398Z' while content on disk has modification time of '2026-04-13T15:48:24.0788675Z'
  ERROR: Build asset version error: assets/scripts/enemigomovimiento.cs in SourceAssetDB has modification time of '2026-04-13T15:48:13.7223398Z' while content on disk has modification time of '2026-04-13T15:48:24.0788675Z'
Number of updated asset objects reloaded before import = 0
Number of asset objects unloaded after import = 0
========================================================================
Received Import Request.
  Time since last request: 0.005789 seconds.
  path: Assets/scripts/EnemigoMovimiento.cs
  artifactKey: Guid(8e30e785f96522b409f8eabeca4e3fc1) Importer(815301076,1909f56bfc062723c751e8b465ee728b)
Start importing Assets/scripts/EnemigoMovimiento.cs using Guid(8e30e785f96522b409f8eabeca4e3fc1) Importer(815301076,1909f56bfc062723c751e8b465ee728b) [PhysX] Initialized MultithreadedTaskDispatcher with 12 workers.
 -> (artifact id: '00000000000000000000000000000000') in 0.000494 seconds
Import Error Code:(4)
Message: Build asset version error: assets/scripts/enemigomovimiento.cs in SourceAssetDB has modification time of '2026-04-13T15:48:13.7223398Z' while content on disk has modification time of '2026-04-13T15:48:24.0788675Z'
  ERROR: Build asset version error: assets/scripts/enemigomovimiento.cs in SourceAssetDB has modification time of '2026-04-13T15:48:13.7223398Z' while content on disk has modification time of '2026-04-13T15:48:24.0788675Z'
Number of updated asset objects reloaded before import = 0
Number of asset objects unloaded after import = 0
========================================================================
Received Import Request.
  Time since last request: 0.007214 seconds.
  path: Assets/scripts/EnemigoMovimiento.cs
  artifactKey: Guid(8e30e785f96522b409f8eabeca4e3fc1) Importer(815301076,1909f56bfc062723c751e8b465ee728b)
Start importing Assets/scripts/EnemigoMovimiento.cs using Guid(8e30e785f96522b409f8eabeca4e3fc1) Importer(815301076,1909f56bfc062723c751e8b465ee728b) [PhysX] Initialized MultithreadedTaskDispatcher with 12 workers.
 -> (artifact id: '00000000000000000000000000000000') in 0.000493 seconds
Import Error Code:(4)
Message: Build asset version error: assets/scripts/enemigomovimiento.cs in SourceAssetDB has modification time of '2026-04-13T15:48:13.7223398Z' while content on disk has modification time of '2026-04-13T15:48:24.0788675Z'
  ERROR: Build asset version error: assets/scripts/enemigomovimiento.cs in SourceAssetDB has modification time of '2026-04-13T15:48:13.7223398Z' while content on disk has modification time of '2026-04-13T15:48:24.0788675Z'
Number of updated asset objects reloaded before import = 0
Number of asset objects unloaded after import = 0
========================================================================
Received Import Request.
  Time since last request: 0.005798 seconds.
  path: Assets/scripts/EnemigoMovimiento.cs
  artifactKey: Guid(8e30e785f96522b409f8eabeca4e3fc1) Importer(815301076,1909f56bfc062723c751e8b465ee728b)
Start importing Assets/scripts/EnemigoMovimiento.cs using Guid(8e30e785f96522b409f8eabeca4e3fc1) Importer(815301076,1909f56bfc062723c751e8b465ee728b) [PhysX] Initialized MultithreadedTaskDispatcher with 12 workers.
 -> (artifact id: '00000000000000000000000000000000') in 0.000600 seconds
Import Error Code:(4)
Message: Build asset version error: assets/scripts/enemigomovimiento.cs in SourceAssetDB has modification time of '2026-04-13T15:48:13.7223398Z' while content on disk has modification time of '2026-04-13T15:48:24.0788675Z'
  ERROR: Build asset version error: assets/scripts/enemigomovimiento.cs in SourceAssetDB has modification time of '2026-04-13T15:48:13.7223398Z' while content on disk has modification time of '2026-04-13T15:48:24.0788675Z'
Number of updated asset objects reloaded before import = 0
Number of asset objects unloaded after import = 0
========================================================================
Received Import Request.
  Time since last request: 0.006065 seconds.
  path: Assets/scripts/EnemigoMovimiento.cs
  artifactKey: Guid(8e30e785f96522b409f8eabeca4e3fc1) Importer(815301076,1909f56bfc062723c751e8b465ee728b)
Start importing Assets/scripts/EnemigoMovimiento.cs using Guid(8e30e785f96522b409f8eabeca4e3fc1) Importer(815301076,1909f56bfc062723c751e8b465ee728b) [PhysX] Initialized MultithreadedTaskDispatcher with 12 workers.
 -> (artifact id: '00000000000000000000000000000000') in 0.000491 seconds
Import Error Code:(4)
Message: Build asset version error: assets/scripts/enemigomovimiento.cs in SourceAssetDB has modification time of '2026-04-13T15:48:13.7223398Z' while content on disk has modification time of '2026-04-13T15:48:24.0788675Z'
  ERROR: Build asset version error: assets/scripts/enemigomovimiento.cs in SourceAssetDB has modification time of '2026-04-13T15:48:13.7223398Z' while content on disk has modification time of '2026-04-13T15:48:24.0788675Z'
Number of updated asset objects reloaded before import = 0
Number of asset objects unloaded after import = 0
========================================================================
Received Import Request.
  Time since last request: 0.006686 seconds.
  path: Assets/scripts/EnemigoMovimiento.cs
  artifactKey: Guid(8e30e785f96522b409f8eabeca4e3fc1) Importer(815301076,1909f56bfc062723c751e8b465ee728b)
Start importing Assets/scripts/EnemigoMovimiento.cs using Guid(8e30e785f96522b409f8eabeca4e3fc1) Importer(815301076,1909f56bfc062723c751e8b465ee728b) [PhysX] Initialized MultithreadedTaskDispatcher with 12 workers.
 -> (artifact id: '00000000000000000000000000000000') in 0.000519 seconds
Import Error Code:(4)
Message: Build asset version error: assets/scripts/enemigomovimiento.cs in SourceAssetDB has modification time of '2026-04-13T15:48:13.7223398Z' while content on disk has modification time of '2026-04-13T15:48:24.0788675Z'
  ERROR: Build asset version error: assets/scripts/enemigomovimiento.cs in SourceAssetDB has modification time of '2026-04-13T15:48:13.7223398Z' while content on disk has modification time of '2026-04-13T15:48:24.0788675Z'
Number of updated asset objects reloaded before import = 0
Number of asset objects unloaded after import = 0
========================================================================
Received Import Request.
  Time since last request: 0.005896 seconds.
  path: Assets/scripts/EnemigoMovimiento.cs
  artifactKey: Guid(8e30e785f96522b409f8eabeca4e3fc1) Importer(815301076,1909f56bfc062723c751e8b465ee728b)
Start importing Assets/scripts/EnemigoMovimiento.cs using Guid(8e30e785f96522b409f8eabeca4e3fc1) Importer(815301076,1909f56bfc062723c751e8b465ee728b) [PhysX] Initialized MultithreadedTaskDispatcher with 12 workers.
 -> (artifact id: '00000000000000000000000000000000') in 0.000501 seconds
Import Error Code:(4)
Message: Build asset version error: assets/scripts/enemigomovimiento.cs in SourceAssetDB has modification time of '2026-04-13T15:48:13.7223398Z' while content on disk has modification time of '2026-04-13T15:48:24.0788675Z'
  ERROR: Build asset version error: assets/scripts/enemigomovimiento.cs in SourceAssetDB has modification time of '2026-04-13T15:48:13.7223398Z' while content on disk has modification time of '2026-04-13T15:48:24.0788675Z'
Number of updated asset objects reloaded before import = 0
Number of asset objects unloaded after import = 0
========================================================================
Received Import Request.
  Time since last request: 0.005932 seconds.
  path: Assets/scripts/EnemigoMovimiento.cs
  artifactKey: Guid(8e30e785f96522b409f8eabeca4e3fc1) Importer(815301076,1909f56bfc062723c751e8b465ee728b)
Start importing Assets/scripts/EnemigoMovimiento.cs using Guid(8e30e785f96522b409f8eabeca4e3fc1) Importer(815301076,1909f56bfc062723c751e8b465ee728b) [PhysX] Initialized MultithreadedTaskDispatcher with 12 workers.
 -> (artifact id: '00000000000000000000000000000000') in 0.000540 seconds
Import Error Code:(4)
Message: Build asset version error: assets/scripts/enemigomovimiento.cs in SourceAssetDB has modification time of '2026-04-13T15:48:13.7223398Z' while content on disk has modification time of '2026-04-13T15:48:24.0788675Z'
  ERROR: Build asset version error: assets/scripts/enemigomovimiento.cs in SourceAssetDB has modification time of '2026-04-13T15:48:13.7223398Z' while content on disk has modification time of '2026-04-13T15:48:24.0788675Z'
Number of updated asset objects reloaded before import = 0
Number of asset objects unloaded after import = 0
========================================================================
Received Import Request.
  Time since last request: 0.005893 seconds.
  path: Assets/scripts/EnemigoMovimiento.cs
  artifactKey: Guid(8e30e785f96522b409f8eabeca4e3fc1) Importer(815301076,1909f56bfc062723c751e8b465ee728b)
Start importing Assets/scripts/EnemigoMovimiento.cs using Guid(8e30e785f96522b409f8eabeca4e3fc1) Importer(815301076,1909f56bfc062723c751e8b465ee728b) [PhysX] Initialized MultithreadedTaskDispatcher with 12 workers.
 -> (artifact id: '00000000000000000000000000000000') in 0.000559 seconds
Import Error Code:(4)
Message: Build asset version error: assets/scripts/enemigomovimiento.cs in SourceAssetDB has modification time of '2026-04-13T15:48:13.7223398Z' while content on disk has modification time of '2026-04-13T15:48:24.0788675Z'
  ERROR: Build asset version error: assets/scripts/enemigomovimiento.cs in SourceAssetDB has modification time of '2026-04-13T15:48:13.7223398Z' while content on disk has modification time of '2026-04-13T15:48:24.0788675Z'
Number of updated asset objects reloaded before import = 0
Number of asset objects unloaded after import = 0
========================================================================
Received Import Request.
  Time since last request: 0.006054 seconds.
  path: Assets/scripts/EnemigoMovimiento.cs
  artifactKey: Guid(8e30e785f96522b409f8eabeca4e3fc1) Importer(815301076,1909f56bfc062723c751e8b465ee728b)
Start importing Assets/scripts/EnemigoMovimiento.cs using Guid(8e30e785f96522b409f8eabeca4e3fc1) Importer(815301076,1909f56bfc062723c751e8b465ee728b) [PhysX] Initialized MultithreadedTaskDispatcher with 12 workers.
 -> (artifact id: '00000000000000000000000000000000') in 0.000485 seconds
Import Error Code:(4)
Message: Build asset version error: assets/scripts/enemigomovimiento.cs in SourceAssetDB has modification time of '2026-04-13T15:48:13.7223398Z' while content on disk has modification time of '2026-04-13T15:48:24.0788675Z'
  ERROR: Build asset version error: assets/scripts/enemigomovimiento.cs in SourceAssetDB has modification time of '2026-04-13T15:48:13.7223398Z' while content on disk has modification time of '2026-04-13T15:48:24.0788675Z'
Number of updated asset objects reloaded before import = 0
Number of asset objects unloaded after import = 0
========================================================================
Received Import Request.
  Time since last request: 0.005717 seconds.
  path: Assets/scripts/EnemigoMovimiento.cs
  artifactKey: Guid(8e30e785f96522b409f8eabeca4e3fc1) Importer(815301076,1909f56bfc062723c751e8b465ee728b)
Start importing Assets/scripts/EnemigoMovimiento.cs using Guid(8e30e785f96522b409f8eabeca4e3fc1) Importer(815301076,1909f56bfc062723c751e8b465ee728b) [PhysX] Initialized MultithreadedTaskDispatcher with 12 workers.
 -> (artifact id: '00000000000000000000000000000000') in 0.000510 seconds
Import Error Code:(4)
Message: Build asset version error: assets/scripts/enemigomovimiento.cs in SourceAssetDB has modification time of '2026-04-13T15:48:13.7223398Z' while content on disk has modification time of '2026-04-13T15:48:24.0788675Z'
  ERROR: Build asset version error: assets/scripts/enemigomovimiento.cs in SourceAssetDB has modification time of '2026-04-13T15:48:13.7223398Z' while content on disk has modification time of '2026-04-13T15:48:24.0788675Z'
Number of updated asset objects reloaded before import = 0
Number of asset objects unloaded after import = 0
========================================================================
Received Import Request.
  Time since last request: 0.005982 seconds.
  path: Assets/scripts/EnemigoMovimiento.cs
  artifactKey: Guid(8e30e785f96522b409f8eabeca4e3fc1) Importer(815301076,1909f56bfc062723c751e8b465ee728b)
Start importing Assets/scripts/EnemigoMovimiento.cs using Guid(8e30e785f96522b409f8eabeca4e3fc1) Importer(815301076,1909f56bfc062723c751e8b465ee728b) [PhysX] Initialized MultithreadedTaskDispatcher with 12 workers.
 -> (artifact id: '00000000000000000000000000000000') in 0.000579 seconds
Import Error Code:(4)
Message: Build asset version error: assets/scripts/enemigomovimiento.cs in SourceAssetDB has modification time of '2026-04-13T15:48:13.7223398Z' while content on disk has modification time of '2026-04-13T15:48:24.0788675Z'
  ERROR: Build asset version error: assets/scripts/enemigomovimiento.cs in SourceAssetDB has modification time of '2026-04-13T15:48:13.7223398Z' while content on disk has modification time of '2026-04-13T15:48:24.0788675Z'
Number of updated asset objects reloaded before import = 0
Number of asset objects unloaded after import = 0
========================================================================
Received Import Request.
  Time since last request: 0.005985 seconds.
  path: Assets/scripts/EnemigoMovimiento.cs
  artifactKey: Guid(8e30e785f96522b409f8eabeca4e3fc1) Importer(815301076,1909f56bfc062723c751e8b465ee728b)
Start importing Assets/scripts/EnemigoMovimiento.cs using Guid(8e30e785f96522b409f8eabeca4e3fc1) Importer(815301076,1909f56bfc062723c751e8b465ee728b) [PhysX] Initialized MultithreadedTaskDispatcher with 12 workers.
 -> (artifact id: '00000000000000000000000000000000') in 0.000511 seconds
Import Error Code:(4)
Message: Build asset version error: assets/scripts/enemigomovimiento.cs in SourceAssetDB has modification time of '2026-04-13T15:48:13.7223398Z' while content on disk has modification time of '2026-04-13T15:48:24.0788675Z'
  ERROR: Build asset version error: assets/scripts/enemigomovimiento.cs in SourceAssetDB has modification time of '2026-04-13T15:48:13.7223398Z' while content on disk has modification time of '2026-04-13T15:48:24.0788675Z'
Number of updated asset objects reloaded before import = 0
Number of asset objects unloaded after import = 0
========================================================================
Received Import Request.
  Time since last request: 0.006534 seconds.
  path: Assets/scripts/EnemigoMovimiento.cs
  artifactKey: Guid(8e30e785f96522b409f8eabeca4e3fc1) Importer(815301076,1909f56bfc062723c751e8b465ee728b)
Start importing Assets/scripts/EnemigoMovimiento.cs using Guid(8e30e785f96522b409f8eabeca4e3fc1) Importer(815301076,1909f56bfc062723c751e8b465ee728b) [PhysX] Initialized MultithreadedTaskDispatcher with 12 workers.
 -> (artifact id: '00000000000000000000000000000000') in 0.000484 seconds
Import Error Code:(4)
Message: Build asset version error: assets/scripts/enemigomovimiento.cs in SourceAssetDB has modification time of '2026-04-13T15:48:13.7223398Z' while content on disk has modification time of '2026-04-13T15:48:24.0788675Z'
  ERROR: Build asset version error: assets/scripts/enemigomovimiento.cs in SourceAssetDB has modification time of '2026-04-13T15:48:13.7223398Z' while content on disk has modification time of '2026-04-13T15:48:24.0788675Z'
Number of updated asset objects reloaded before import = 0
Number of asset objects unloaded after import = 0
========================================================================
Received Import Request.
  Time since last request: 0.006198 seconds.
  path: Assets/scripts/EnemigoMovimiento.cs
  artifactKey: Guid(8e30e785f96522b409f8eabeca4e3fc1) Importer(815301076,1909f56bfc062723c751e8b465ee728b)
Start importing Assets/scripts/EnemigoMovimiento.cs using Guid(8e30e785f96522b409f8eabeca4e3fc1) Importer(815301076,1909f56bfc062723c751e8b465ee728b) [PhysX] Initialized MultithreadedTaskDispatcher with 12 workers.
 -> (artifact id: '00000000000000000000000000000000') in 0.000518 seconds
Import Error Code:(4)
Message: Build asset version error: assets/scripts/enemigomovimiento.cs in SourceAssetDB has modification time of '2026-04-13T15:48:13.7223398Z' while content on disk has modification time of '2026-04-13T15:48:24.0788675Z'
  ERROR: Build asset version error: assets/scripts/enemigomovimiento.cs in SourceAssetDB has modification time of '2026-04-13T15:48:13.7223398Z' while content on disk has modification time of '2026-04-13T15:48:24.0788675Z'
Number of updated asset objects reloaded before import = 0
Number of asset objects unloaded after import = 0
========================================================================
Received Import Request.
  Time since last request: 0.005927 seconds.
  path: Assets/scripts/EnemigoMovimiento.cs
  artifactKey: Guid(8e30e785f96522b409f8eabeca4e3fc1) Importer(815301076,1909f56bfc062723c751e8b465ee728b)
Start importing Assets/scripts/EnemigoMovimiento.cs using Guid(8e30e785f96522b409f8eabeca4e3fc1) Importer(815301076,1909f56bfc062723c751e8b465ee728b) [PhysX] Initialized MultithreadedTaskDispatcher with 12 workers.
 -> (artifact id: '00000000000000000000000000000000') in 0.000551 seconds
Import Error Code:(4)
Message: Build asset version error: assets/scripts/enemigomovimiento.cs in SourceAssetDB has modification time of '2026-04-13T15:48:13.7223398Z' while content on disk has modification time of '2026-04-13T15:48:24.0788675Z'
  ERROR: Build asset version error: assets/scripts/enemigomovimiento.cs in SourceAssetDB has modification time of '2026-04-13T15:48:13.7223398Z' while content on disk has modification time of '2026-04-13T15:48:24.0788675Z'
Number of updated asset objects reloaded before import = 0
Number of asset objects unloaded after import = 0
========================================================================
Received Import Request.
  Time since last request: 0.006335 seconds.
  path: Assets/scripts/EnemigoMovimiento.cs
  artifactKey: Guid(8e30e785f96522b409f8eabeca4e3fc1) Importer(815301076,1909f56bfc062723c751e8b465ee728b)
Start importing Assets/scripts/EnemigoMovimiento.cs using Guid(8e30e785f96522b409f8eabeca4e3fc1) Importer(815301076,1909f56bfc062723c751e8b465ee728b) [PhysX] Initialized MultithreadedTaskDispatcher with 12 workers.
 -> (artifact id: '00000000000000000000000000000000') in 0.000489 seconds
Import Error Code:(4)
Message: Build asset version error: assets/scripts/enemigomovimiento.cs in SourceAssetDB has modification time of '2026-04-13T15:48:13.7223398Z' while content on disk has modification time of '2026-04-13T15:48:24.0788675Z'
  ERROR: Build asset version error: assets/scripts/enemigomovimiento.cs in SourceAssetDB has modification time of '2026-04-13T15:48:13.7223398Z' while content on disk has modification time of '2026-04-13T15:48:24.0788675Z'
Number of updated asset objects reloaded before import = 0
Number of asset objects unloaded after import = 0
========================================================================
Received Import Request.
  Time since last request: 0.006698 seconds.
  path: Assets/scripts/EnemigoMovimiento.cs
  artifactKey: Guid(8e30e785f96522b409f8eabeca4e3fc1) Importer(815301076,1909f56bfc062723c751e8b465ee728b)
Start importing Assets/scripts/EnemigoMovimiento.cs using Guid(8e30e785f96522b409f8eabeca4e3fc1) Importer(815301076,1909f56bfc062723c751e8b465ee728b) [PhysX] Initialized MultithreadedTaskDispatcher with 12 workers.
 -> (artifact id: '00000000000000000000000000000000') in 0.000496 seconds
Import Error Code:(4)
Message: Build asset version error: assets/scripts/enemigomovimiento.cs in SourceAssetDB has modification time of '2026-04-13T15:48:13.7223398Z' while content on disk has modification time of '2026-04-13T15:48:24.0788675Z'
  ERROR: Build asset version error: assets/scripts/enemigomovimiento.cs in SourceAssetDB has modification time of '2026-04-13T15:48:13.7223398Z' while content on disk has modification time of '2026-04-13T15:48:24.0788675Z'
Number of updated asset objects reloaded before import = 0
Number of asset objects unloaded after import = 0
========================================================================
Received Import Request.
  Time since last request: 0.006220 seconds.
  path: Assets/scripts/EnemigoMovimiento.cs
  artifactKey: Guid(8e30e785f96522b409f8eabeca4e3fc1) Importer(815301076,1909f56bfc062723c751e8b465ee728b)
Start importing Assets/scripts/EnemigoMovimiento.cs using Guid(8e30e785f96522b409f8eabeca4e3fc1) Importer(815301076,1909f56bfc062723c751e8b465ee728b) [PhysX] Initialized MultithreadedTaskDispatcher with 12 workers.
 -> (artifact id: '00000000000000000000000000000000') in 0.000591 seconds
Import Error Code:(4)
Message: Build asset version error: assets/scripts/enemigomovimiento.cs in SourceAssetDB has modification time of '2026-04-13T15:48:13.7223398Z' while content on disk has modification time of '2026-04-13T15:48:24.0788675Z'
  ERROR: Build asset version error: assets/scripts/enemigomovimiento.cs in SourceAssetDB has modification time of '2026-04-13T15:48:13.7223398Z' while content on disk has modification time of '2026-04-13T15:48:24.0788675Z'
Number of updated asset objects reloaded before import = 0
Number of asset objects unloaded after import = 0
========================================================================
Received Import Request.
  Time since last request: 0.006356 seconds.
  path: Assets/scripts/EnemigoMovimiento.cs
  artifactKey: Guid(8e30e785f96522b409f8eabeca4e3fc1) Importer(815301076,1909f56bfc062723c751e8b465ee728b)
Start importing Assets/scripts/EnemigoMovimiento.cs using Guid(8e30e785f96522b409f8eabeca4e3fc1) Importer(815301076,1909f56bfc062723c751e8b465ee728b) [PhysX] Initialized MultithreadedTaskDispatcher with 12 workers.
 -> (artifact id: '00000000000000000000000000000000') in 0.000575 seconds
Import Error Code:(4)
Message: Build asset version error: assets/scripts/enemigomovimiento.cs in SourceAssetDB has modification time of '2026-04-13T15:48:13.7223398Z' while content on disk has modification time of '2026-04-13T15:48:24.0788675Z'
  ERROR: Build asset version error: assets/scripts/enemigomovimiento.cs in SourceAssetDB has modification time of '2026-04-13T15:48:13.7223398Z' while content on disk has modification time of '2026-04-13T15:48:24.0788675Z'
Number of updated asset objects reloaded before import = 0
Number of asset objects unloaded after import = 0
========================================================================
Received Import Request.
  Time since last request: 0.005661 seconds.
  path: Assets/scripts/EnemigoMovimiento.cs
  artifactKey: Guid(8e30e785f96522b409f8eabeca4e3fc1) Importer(815301076,1909f56bfc062723c751e8b465ee728b)
Start importing Assets/scripts/EnemigoMovimiento.cs using Guid(8e30e785f96522b409f8eabeca4e3fc1) Importer(815301076,1909f56bfc062723c751e8b465ee728b) [PhysX] Initialized MultithreadedTaskDispatcher with 12 workers.
 -> (artifact id: '00000000000000000000000000000000') in 0.000506 seconds
Import Error Code:(4)
Message: Build asset version error: assets/scripts/enemigomovimiento.cs in SourceAssetDB has modification time of '2026-04-13T15:48:13.7223398Z' while content on disk has modification time of '2026-04-13T15:48:24.0788675Z'
  ERROR: Build asset version error: assets/scripts/enemigomovimiento.cs in SourceAssetDB has modification time of '2026-04-13T15:48:13.7223398Z' while content on disk has modification time of '2026-04-13T15:48:24.0788675Z'
Number of updated asset objects reloaded before import = 0
Number of asset objects unloaded after import = 0
========================================================================
Received Import Request.
  Time since last request: 0.006149 seconds.
  path: Assets/scripts/EnemigoMovimiento.cs
  artifactKey: Guid(8e30e785f96522b409f8eabeca4e3fc1) Importer(815301076,1909f56bfc062723c751e8b465ee728b)
Start importing Assets/scripts/EnemigoMovimiento.cs using Guid(8e30e785f96522b409f8eabeca4e3fc1) Importer(815301076,1909f56bfc062723c751e8b465ee728b) [PhysX] Initialized MultithreadedTaskDispatcher with 12 workers.
 -> (artifact id: '00000000000000000000000000000000') in 0.000491 seconds
Import Error Code:(4)
Message: Build asset version error: assets/scripts/enemigomovimiento.cs in SourceAssetDB has modification time of '2026-04-13T15:48:13.7223398Z' while content on disk has modification time of '2026-04-13T15:48:24.0788675Z'
  ERROR: Build asset version error: assets/scripts/enemigomovimiento.cs in SourceAssetDB has modification time of '2026-04-13T15:48:13.7223398Z' while content on disk has modification time of '2026-04-13T15:48:24.0788675Z'
Number of updated asset objects reloaded before import = 0
Number of asset objects unloaded after import = 0
========================================================================
Received Import Request.
  Time since last request: 0.005708 seconds.
  path: Assets/scripts/EnemigoMovimiento.cs
  artifactKey: Guid(8e30e785f96522b409f8eabeca4e3fc1) Importer(815301076,1909f56bfc062723c751e8b465ee728b)
Start importing Assets/scripts/EnemigoMovimiento.cs using Guid(8e30e785f96522b409f8eabeca4e3fc1) Importer(815301076,1909f56bfc062723c751e8b465ee728b) [PhysX] Initialized MultithreadedTaskDispatcher with 12 workers.
 -> (artifact id: '00000000000000000000000000000000') in 0.000487 seconds
Import Error Code:(4)
Message: Build asset version error: assets/scripts/enemigomovimiento.cs in SourceAssetDB has modification time of '2026-04-13T15:48:13.7223398Z' while content on disk has modification time of '2026-04-13T15:48:24.0788675Z'
  ERROR: Build asset version error: assets/scripts/enemigomovimiento.cs in SourceAssetDB has modification time of '2026-04-13T15:48:13.7223398Z' while content on disk has modification time of '2026-04-13T15:48:24.0788675Z'
Number of updated asset objects reloaded before import = 0
Number of asset objects unloaded after import = 0
========================================================================
Received Import Request.
  Time since last request: 0.006358 seconds.
  path: Assets/scripts/EnemigoMovimiento.cs
  artifactKey: Guid(8e30e785f96522b409f8eabeca4e3fc1) Importer(815301076,1909f56bfc062723c751e8b465ee728b)
Start importing Assets/scripts/EnemigoMovimiento.cs using Guid(8e30e785f96522b409f8eabeca4e3fc1) Importer(815301076,1909f56bfc062723c751e8b465ee728b) [PhysX] Initialized MultithreadedTaskDispatcher with 12 workers.
 -> (artifact id: '00000000000000000000000000000000') in 0.000504 seconds
Import Error Code:(4)
Message: Build asset version error: assets/scripts/enemigomovimiento.cs in SourceAssetDB has modification time of '2026-04-13T15:48:13.7223398Z' while content on disk has modification time of '2026-04-13T15:48:24.0788675Z'
  ERROR: Build asset version error: assets/scripts/enemigomovimiento.cs in SourceAssetDB has modification time of '2026-04-13T15:48:13.7223398Z' while content on disk has modification time of '2026-04-13T15:48:24.0788675Z'
Number of updated asset objects reloaded before import = 0
Number of asset objects unloaded after import = 0
========================================================================
Received Import Request.
  Time since last request: 0.006330 seconds.
  path: Assets/scripts/EnemigoMovimiento.cs
  artifactKey: Guid(8e30e785f96522b409f8eabeca4e3fc1) Importer(815301076,1909f56bfc062723c751e8b465ee728b)
Start importing Assets/scripts/EnemigoMovimiento.cs using Guid(8e30e785f96522b409f8eabeca4e3fc1) Importer(815301076,1909f56bfc062723c751e8b465ee728b) [PhysX] Initialized MultithreadedTaskDispatcher with 12 workers.
 -> (artifact id: '00000000000000000000000000000000') in 0.000581 seconds
Import Error Code:(4)
Message: Build asset version error: assets/scripts/enemigomovimiento.cs in SourceAssetDB has modification time of '2026-04-13T15:48:13.7223398Z' while content on disk has modification time of '2026-04-13T15:48:24.0788675Z'
  ERROR: Build asset version error: assets/scripts/enemigomovimiento.cs in SourceAssetDB has modification time of '2026-04-13T15:48:13.7223398Z' while content on disk has modification time of '2026-04-13T15:48:24.0788675Z'
Number of updated asset objects reloaded before import = 0
Number of asset objects unloaded after import = 0
========================================================================
Received Import Request.
  Time since last request: 0.006057 seconds.
  path: Assets/scripts/EnemigoMovimiento.cs
  artifactKey: Guid(8e30e785f96522b409f8eabeca4e3fc1) Importer(815301076,1909f56bfc062723c751e8b465ee728b)
Start importing Assets/scripts/EnemigoMovimiento.cs using Guid(8e30e785f96522b409f8eabeca4e3fc1) Importer(815301076,1909f56bfc062723c751e8b465ee728b) [PhysX] Initialized MultithreadedTaskDispatcher with 12 workers.
 -> (artifact id: '00000000000000000000000000000000') in 0.000561 seconds
Import Error Code:(4)
Message: Build asset version error: assets/scripts/enemigomovimiento.cs in SourceAssetDB has modification time of '2026-04-13T15:48:13.7223398Z' while content on disk has modification time of '2026-04-13T15:48:24.0788675Z'
  ERROR: Build asset version error: assets/scripts/enemigomovimiento.cs in SourceAssetDB has modification time of '2026-04-13T15:48:13.7223398Z' while content on disk has modification time of '2026-04-13T15:48:24.0788675Z'
Number of updated asset objects reloaded before import = 0
Number of asset objects unloaded after import = 0
========================================================================
Received Import Request.
  Time since last request: 0.005798 seconds.
  path: Assets/scripts/EnemigoMovimiento.cs
  artifactKey: Guid(8e30e785f96522b409f8eabeca4e3fc1) Importer(815301076,1909f56bfc062723c751e8b465ee728b)
Start importing Assets/scripts/EnemigoMovimiento.cs using Guid(8e30e785f96522b409f8eabeca4e3fc1) Importer(815301076,1909f56bfc062723c751e8b465ee728b) [PhysX] Initialized MultithreadedTaskDispatcher with 12 workers.
 -> (artifact id: '00000000000000000000000000000000') in 0.000561 seconds
Import Error Code:(4)
Message: Build asset version error: assets/scripts/enemigomovimiento.cs in SourceAssetDB has modification time of '2026-04-13T15:48:13.7223398Z' while content on disk has modification time of '2026-04-13T15:48:24.0788675Z'
  ERROR: Build asset version error: assets/scripts/enemigomovimiento.cs in SourceAssetDB has modification time of '2026-04-13T15:48:13.7223398Z' while content on disk has modification time of '2026-04-13T15:48:24.0788675Z'
Number of updated asset objects reloaded before import = 0
Number of asset objects unloaded after import = 0
========================================================================
Received Import Request.
  Time since last request: 0.006620 seconds.
  path: Assets/scripts/EnemigoMovimiento.cs
  artifactKey: Guid(8e30e785f96522b409f8eabeca4e3fc1) Importer(815301076,1909f56bfc062723c751e8b465ee728b)
Start importing Assets/scripts/EnemigoMovimiento.cs using Guid(8e30e785f96522b409f8eabeca4e3fc1) Importer(815301076,1909f56bfc062723c751e8b465ee728b) [PhysX] Initialized MultithreadedTaskDispatcher with 12 workers.
 -> (artifact id: '00000000000000000000000000000000') in 0.000605 seconds
Import Error Code:(4)
Message: Build asset version error: assets/scripts/enemigomovimiento.cs in SourceAssetDB has modification time of '2026-04-13T15:48:13.7223398Z' while content on disk has modification time of '2026-04-13T15:48:24.0788675Z'
  ERROR: Build asset version error: assets/scripts/enemigomovimiento.cs in SourceAssetDB has modification time of '2026-04-13T15:48:13.7223398Z' while content on disk has modification time of '2026-04-13T15:48:24.0788675Z'
Number of updated asset objects reloaded before import = 0
Number of asset objects unloaded after import = 0
========================================================================
Received Import Request.
  Time since last request: 0.006250 seconds.
  path: Assets/scripts/EnemigoMovimiento.cs
  artifactKey: Guid(8e30e785f96522b409f8eabeca4e3fc1) Importer(815301076,1909f56bfc062723c751e8b465ee728b)
Start importing Assets/scripts/EnemigoMovimiento.cs using Guid(8e30e785f96522b409f8eabeca4e3fc1) Importer(815301076,1909f56bfc062723c751e8b465ee728b) [PhysX] Initialized MultithreadedTaskDispatcher with 12 workers.
 -> (artifact id: '00000000000000000000000000000000') in 0.000528 seconds
Import Error Code:(4)
Message: Build asset version error: assets/scripts/enemigomovimiento.cs in SourceAssetDB has modification time of '2026-04-13T15:48:13.7223398Z' while content on disk has modification time of '2026-04-13T15:48:24.0788675Z'
  ERROR: Build asset version error: assets/scripts/enemigomovimiento.cs in SourceAssetDB has modification time of '2026-04-13T15:48:13.7223398Z' while content on disk has modification time of '2026-04-13T15:48:24.0788675Z'
Number of updated asset objects reloaded before import = 0
Number of asset objects unloaded after import = 0
========================================================================
Received Import Request.
  Time since last request: 0.005970 seconds.
  path: Assets/scripts/EnemigoMovimiento.cs
  artifactKey: Guid(8e30e785f96522b409f8eabeca4e3fc1) Importer(815301076,1909f56bfc062723c751e8b465ee728b)
Start importing Assets/scripts/EnemigoMovimiento.cs using Guid(8e30e785f96522b409f8eabeca4e3fc1) Importer(815301076,1909f56bfc062723c751e8b465ee728b) [PhysX] Initialized MultithreadedTaskDispatcher with 12 workers.
 -> (artifact id: '00000000000000000000000000000000') in 0.000518 seconds
Import Error Code:(4)
Message: Build asset version error: assets/scripts/enemigomovimiento.cs in SourceAssetDB has modification time of '2026-04-13T15:48:13.7223398Z' while content on disk has modification time of '2026-04-13T15:48:24.0788675Z'
  ERROR: Build asset version error: assets/scripts/enemigomovimiento.cs in SourceAssetDB has modification time of '2026-04-13T15:48:13.7223398Z' while content on disk has modification time of '2026-04-13T15:48:24.0788675Z'
Number of updated asset objects reloaded before import = 0
Number of asset objects unloaded after import = 0
========================================================================
Received Import Request.
  Time since last request: 0.006685 seconds.
  path: Assets/scripts/EnemigoMovimiento.cs
  artifactKey: Guid(8e30e785f96522b409f8eabeca4e3fc1) Importer(815301076,1909f56bfc062723c751e8b465ee728b)
Start importing Assets/scripts/EnemigoMovimiento.cs using Guid(8e30e785f96522b409f8eabeca4e3fc1) Importer(815301076,1909f56bfc062723c751e8b465ee728b) [PhysX] Initialized MultithreadedTaskDispatcher with 12 workers.
 -> (artifact id: '00000000000000000000000000000000') in 0.000496 seconds
Import Error Code:(4)
Message: Build asset version error: assets/scripts/enemigomovimiento.cs in SourceAssetDB has modification time of '2026-04-13T15:48:13.7223398Z' while content on disk has modification time of '2026-04-13T15:48:24.0788675Z'
  ERROR: Build asset version error: assets/scripts/enemigomovimiento.cs in SourceAssetDB has modification time of '2026-04-13T15:48:13.7223398Z' while content on disk has modification time of '2026-04-13T15:48:24.0788675Z'
Number of updated asset objects reloaded before import = 0
Number of asset objects unloaded after import = 0
========================================================================
Received Import Request.
  Time since last request: 0.005485 seconds.
  path: Assets/scripts/EnemigoMovimiento.cs
  artifactKey: Guid(8e30e785f96522b409f8eabeca4e3fc1) Importer(815301076,1909f56bfc062723c751e8b465ee728b)
Start importing Assets/scripts/EnemigoMovimiento.cs using Guid(8e30e785f96522b409f8eabeca4e3fc1) Importer(815301076,1909f56bfc062723c751e8b465ee728b) [PhysX] Initialized MultithreadedTaskDispatcher with 12 workers.
 -> (artifact id: '00000000000000000000000000000000') in 0.000465 seconds
Import Error Code:(4)
Message: Build asset version error: assets/scripts/enemigomovimiento.cs in SourceAssetDB has modification time of '2026-04-13T15:48:13.7223398Z' while content on disk has modification time of '2026-04-13T15:48:24.0788675Z'
  ERROR: Build asset version error: assets/scripts/enemigomovimiento.cs in SourceAssetDB has modification time of '2026-04-13T15:48:13.7223398Z' while content on disk has modification time of '2026-04-13T15:48:24.0788675Z'
Number of updated asset objects reloaded before import = 0
Number of asset objects unloaded after import = 0
========================================================================
Received Import Request.
  Time since last request: 0.006201 seconds.
  path: Assets/scripts/EnemigoMovimiento.cs
  artifactKey: Guid(8e30e785f96522b409f8eabeca4e3fc1) Importer(815301076,1909f56bfc062723c751e8b465ee728b)
Start importing Assets/scripts/EnemigoMovimiento.cs using Guid(8e30e785f96522b409f8eabeca4e3fc1) Importer(815301076,1909f56bfc062723c751e8b465ee728b) [PhysX] Initialized MultithreadedTaskDispatcher with 12 workers.
 -> (artifact id: '00000000000000000000000000000000') in 0.000499 seconds
Import Error Code:(4)
Message: Build asset version error: assets/scripts/enemigomovimiento.cs in SourceAssetDB has modification time of '2026-04-13T15:48:13.7223398Z' while content on disk has modification time of '2026-04-13T15:48:24.0788675Z'
  ERROR: Build asset version error: assets/scripts/enemigomovimiento.cs in SourceAssetDB has modification time of '2026-04-13T15:48:13.7223398Z' while content on disk has modification time of '2026-04-13T15:48:24.0788675Z'
Number of updated asset objects reloaded before import = 0
Number of asset objects unloaded after import = 0
========================================================================
Received Import Request.
  Time since last request: 0.006178 seconds.
  path: Assets/scripts/EnemigoMovimiento.cs
  artifactKey: Guid(8e30e785f96522b409f8eabeca4e3fc1) Importer(815301076,1909f56bfc062723c751e8b465ee728b)
Start importing Assets/scripts/EnemigoMovimiento.cs using Guid(8e30e785f96522b409f8eabeca4e3fc1) Importer(815301076,1909f56bfc062723c751e8b465ee728b) [PhysX] Initialized MultithreadedTaskDispatcher with 12 workers.
 -> (artifact id: '00000000000000000000000000000000') in 0.000470 seconds
Import Error Code:(4)
Message: Build asset version error: assets/scripts/enemigomovimiento.cs in SourceAssetDB has modification time of '2026-04-13T15:48:13.7223398Z' while content on disk has modification time of '2026-04-13T15:48:24.0788675Z'
  ERROR: Build asset version error: assets/scripts/enemigomovimiento.cs in SourceAssetDB has modification time of '2026-04-13T15:48:13.7223398Z' while content on disk has modification time of '2026-04-13T15:48:24.0788675Z'
Number of updated asset objects reloaded before import = 0
Number of asset objects unloaded after import = 0
========================================================================
Received Import Request.
  Time since last request: 0.005668 seconds.
  path: Assets/scripts/EnemigoMovimiento.cs
  artifactKey: Guid(8e30e785f96522b409f8eabeca4e3fc1) Importer(815301076,1909f56bfc062723c751e8b465ee728b)
Start importing Assets/scripts/EnemigoMovimiento.cs using Guid(8e30e785f96522b409f8eabeca4e3fc1) Importer(815301076,1909f56bfc062723c751e8b465ee728b) [PhysX] Initialized MultithreadedTaskDispatcher with 12 workers.
 -> (artifact id: '00000000000000000000000000000000') in 0.000594 seconds
Import Error Code:(4)
Message: Build asset version error: assets/scripts/enemigomovimiento.cs in SourceAssetDB has modification time of '2026-04-13T15:48:13.7223398Z' while content on disk has modification time of '2026-04-13T15:48:24.0788675Z'
  ERROR: Build asset version error: assets/scripts/enemigomovimiento.cs in SourceAssetDB has modification time of '2026-04-13T15:48:13.7223398Z' while content on disk has modification time of '2026-04-13T15:48:24.0788675Z'
Number of updated asset objects reloaded before import = 0
Number of asset objects unloaded after import = 0
========================================================================
Received Import Request.
  Time since last request: 0.006051 seconds.
  path: Assets/scripts/EnemigoMovimiento.cs
  artifactKey: Guid(8e30e785f96522b409f8eabeca4e3fc1) Importer(815301076,1909f56bfc062723c751e8b465ee728b)
Start importing Assets/scripts/EnemigoMovimiento.cs using Guid(8e30e785f96522b409f8eabeca4e3fc1) Importer(815301076,1909f56bfc062723c751e8b465ee728b) [PhysX] Initialized MultithreadedTaskDispatcher with 12 workers.
 -> (artifact id: '00000000000000000000000000000000') in 0.000478 seconds
Import Error Code:(4)
Message: Build asset version error: assets/scripts/enemigomovimiento.cs in SourceAssetDB has modification time of '2026-04-13T15:48:13.7223398Z' while content on disk has modification time of '2026-04-13T15:48:24.0788675Z'
  ERROR: Build asset version error: assets/scripts/enemigomovimiento.cs in SourceAssetDB has modification time of '2026-04-13T15:48:13.7223398Z' while content on disk has modification time of '2026-04-13T15:48:24.0788675Z'
Number of updated asset objects reloaded before import = 0
Number of asset objects unloaded after import = 0
========================================================================
Received Import Request.
  Time since last request: 0.005872 seconds.
  path: Assets/scripts/EnemigoMovimiento.cs
  artifactKey: Guid(8e30e785f96522b409f8eabeca4e3fc1) Importer(815301076,1909f56bfc062723c751e8b465ee728b)
Start importing Assets/scripts/EnemigoMovimiento.cs using Guid(8e30e785f96522b409f8eabeca4e3fc1) Importer(815301076,1909f56bfc062723c751e8b465ee728b) [PhysX] Initialized MultithreadedTaskDispatcher with 12 workers.
 -> (artifact id: '00000000000000000000000000000000') in 0.000483 seconds
Import Error Code:(4)
Message: Build asset version error: assets/scripts/enemigomovimiento.cs in SourceAssetDB has modification time of '2026-04-13T15:48:13.7223398Z' while content on disk has modification time of '2026-04-13T15:48:24.0788675Z'
  ERROR: Build asset version error: assets/scripts/enemigomovimiento.cs in SourceAssetDB has modification time of '2026-04-13T15:48:13.7223398Z' while content on disk has modification time of '2026-04-13T15:48:24.0788675Z'
Number of updated asset objects reloaded before import = 0
Number of asset objects unloaded after import = 0
========================================================================
Received Import Request.
  Time since last request: 0.005416 seconds.
  path: Assets/scripts/EnemigoMovimiento.cs
  artifactKey: Guid(8e30e785f96522b409f8eabeca4e3fc1) Importer(815301076,1909f56bfc062723c751e8b465ee728b)
Start importing Assets/scripts/EnemigoMovimiento.cs using Guid(8e30e785f96522b409f8eabeca4e3fc1) Importer(815301076,1909f56bfc062723c751e8b465ee728b) [PhysX] Initialized MultithreadedTaskDispatcher with 12 workers.
 -> (artifact id: '00000000000000000000000000000000') in 0.000472 seconds
Import Error Code:(4)
Message: Build asset version error: assets/scripts/enemigomovimiento.cs in SourceAssetDB has modification time of '2026-04-13T15:48:13.7223398Z' while content on disk has modification time of '2026-04-13T15:48:24.0788675Z'
  ERROR: Build asset version error: assets/scripts/enemigomovimiento.cs in SourceAssetDB has modification time of '2026-04-13T15:48:13.7223398Z' while content on disk has modification time of '2026-04-13T15:48:24.0788675Z'
Number of updated asset objects reloaded before import = 0
Number of asset objects unloaded after import = 0
========================================================================
Received Import Request.
  Time since last request: 0.005392 seconds.
  path: Assets/scripts/EnemigoMovimiento.cs
  artifactKey: Guid(8e30e785f96522b409f8eabeca4e3fc1) Importer(815301076,1909f56bfc062723c751e8b465ee728b)
Start importing Assets/scripts/EnemigoMovimiento.cs using Guid(8e30e785f96522b409f8eabeca4e3fc1) Importer(815301076,1909f56bfc062723c751e8b465ee728b) [PhysX] Initialized MultithreadedTaskDispatcher with 12 workers.
 -> (artifact id: '00000000000000000000000000000000') in 0.000540 seconds
Import Error Code:(4)
Message: Build asset version error: assets/scripts/enemigomovimiento.cs in SourceAssetDB has modification time of '2026-04-13T15:48:13.7223398Z' while content on disk has modification time of '2026-04-13T15:48:24.0788675Z'
  ERROR: Build asset version error: assets/scripts/enemigomovimiento.cs in SourceAssetDB has modification time of '2026-04-13T15:48:13.7223398Z' while content on disk has modification time of '2026-04-13T15:48:24.0788675Z'
Number of updated asset objects reloaded before import = 0
Number of asset objects unloaded after import = 0
========================================================================
Received Import Request.
  Time since last request: 0.005869 seconds.
  path: Assets/scripts/EnemigoMovimiento.cs
  artifactKey: Guid(8e30e785f96522b409f8eabeca4e3fc1) Importer(815301076,1909f56bfc062723c751e8b465ee728b)
Start importing Assets/scripts/EnemigoMovimiento.cs using Guid(8e30e785f96522b409f8eabeca4e3fc1) Importer(815301076,1909f56bfc062723c751e8b465ee728b) [PhysX] Initialized MultithreadedTaskDispatcher with 12 workers.
 -> (artifact id: '00000000000000000000000000000000') in 0.000491 seconds
Import Error Code:(4)
Message: Build asset version error: assets/scripts/enemigomovimiento.cs in SourceAssetDB has modification time of '2026-04-13T15:48:13.7223398Z' while content on disk has modification time of '2026-04-13T15:48:24.0788675Z'
  ERROR: Build asset version error: assets/scripts/enemigomovimiento.cs in SourceAssetDB has modification time of '2026-04-13T15:48:13.7223398Z' while content on disk has modification time of '2026-04-13T15:48:24.0788675Z'
Number of updated asset objects reloaded before import = 0
Number of asset objects unloaded after import = 0
========================================================================
Received Import Request.
  Time since last request: 0.005888 seconds.
  path: Assets/scripts/EnemigoMovimiento.cs
  artifactKey: Guid(8e30e785f96522b409f8eabeca4e3fc1) Importer(815301076,1909f56bfc062723c751e8b465ee728b)
Start importing Assets/scripts/EnemigoMovimiento.cs using Guid(8e30e785f96522b409f8eabeca4e3fc1) Importer(815301076,1909f56bfc062723c751e8b465ee728b) [PhysX] Initialized MultithreadedTaskDispatcher with 12 workers.
 -> (artifact id: '00000000000000000000000000000000') in 0.000482 seconds
Import Error Code:(4)
Message: Build asset version error: assets/scripts/enemigomovimiento.cs in SourceAssetDB has modification time of '2026-04-13T15:48:13.7223398Z' while content on disk has modification time of '2026-04-13T15:48:24.0788675Z'
  ERROR: Build asset version error: assets/scripts/enemigomovimiento.cs in SourceAssetDB has modification time of '2026-04-13T15:48:13.7223398Z' while content on disk has modification time of '2026-04-13T15:48:24.0788675Z'
Number of updated asset objects reloaded before import = 0
Number of asset objects unloaded after import = 0
========================================================================
Received Import Request.
  Time since last request: 0.005850 seconds.
  path: Assets/scripts/EnemigoMovimiento.cs
  artifactKey: Guid(8e30e785f96522b409f8eabeca4e3fc1) Importer(815301076,1909f56bfc062723c751e8b465ee728b)
Start importing Assets/scripts/EnemigoMovimiento.cs using Guid(8e30e785f96522b409f8eabeca4e3fc1) Importer(815301076,1909f56bfc062723c751e8b465ee728b) [PhysX] Initialized MultithreadedTaskDispatcher with 12 workers.
 -> (artifact id: '00000000000000000000000000000000') in 0.000600 seconds
Import Error Code:(4)
Message: Build asset version error: assets/scripts/enemigomovimiento.cs in SourceAssetDB has modification time of '2026-04-13T15:48:13.7223398Z' while content on disk has modification time of '2026-04-13T15:48:24.0788675Z'
  ERROR: Build asset version error: assets/scripts/enemigomovimiento.cs in SourceAssetDB has modification time of '2026-04-13T15:48:13.7223398Z' while content on disk has modification time of '2026-04-13T15:48:24.0788675Z'
Number of updated asset objects reloaded before import = 0
Number of asset objects unloaded after import = 0
========================================================================
Received Import Request.
  Time since last request: 0.005666 seconds.
  path: Assets/scripts/EnemigoMovimiento.cs
  artifactKey: Guid(8e30e785f96522b409f8eabeca4e3fc1) Importer(815301076,1909f56bfc062723c751e8b465ee728b)
Start importing Assets/scripts/EnemigoMovimiento.cs using Guid(8e30e785f96522b409f8eabeca4e3fc1) Importer(815301076,1909f56bfc062723c751e8b465ee728b) [PhysX] Initialized MultithreadedTaskDispatcher with 12 workers.
 -> (artifact id: '00000000000000000000000000000000') in 0.000496 seconds
Import Error Code:(4)
Message: Build asset version error: assets/scripts/enemigomovimiento.cs in SourceAssetDB has modification time of '2026-04-13T15:48:13.7223398Z' while content on disk has modification time of '2026-04-13T15:48:24.0788675Z'
  ERROR: Build asset version error: assets/scripts/enemigomovimiento.cs in SourceAssetDB has modification time of '2026-04-13T15:48:13.7223398Z' while content on disk has modification time of '2026-04-13T15:48:24.0788675Z'
Number of updated asset objects reloaded before import = 0
Number of asset objects unloaded after import = 0
========================================================================
Received Import Request.
  Time since last request: 0.006836 seconds.
  path: Assets/scripts/EnemigoMovimiento.cs
  artifactKey: Guid(8e30e785f96522b409f8eabeca4e3fc1) Importer(815301076,1909f56bfc062723c751e8b465ee728b)
Start importing Assets/scripts/EnemigoMovimiento.cs using Guid(8e30e785f96522b409f8eabeca4e3fc1) Importer(815301076,1909f56bfc062723c751e8b465ee728b) [PhysX] Initialized MultithreadedTaskDispatcher with 12 workers.
 -> (artifact id: '00000000000000000000000000000000') in 0.000560 seconds
Import Error Code:(4)
Message: Build asset version error: assets/scripts/enemigomovimiento.cs in SourceAssetDB has modification time of '2026-04-13T15:48:13.7223398Z' while content on disk has modification time of '2026-04-13T15:48:24.0788675Z'
  ERROR: Build asset version error: assets/scripts/enemigomovimiento.cs in SourceAssetDB has modification time of '2026-04-13T15:48:13.7223398Z' while content on disk has modification time of '2026-04-13T15:48:24.0788675Z'
Number of updated asset objects reloaded before import = 0
Number of asset objects unloaded after import = 0
========================================================================
Received Import Request.
  Time since last request: 0.006387 seconds.
  path: Assets/scripts/EnemigoMovimiento.cs
  artifactKey: Guid(8e30e785f96522b409f8eabeca4e3fc1) Importer(815301076,1909f56bfc062723c751e8b465ee728b)
Start importing Assets/scripts/EnemigoMovimiento.cs using Guid(8e30e785f96522b409f8eabeca4e3fc1) Importer(815301076,1909f56bfc062723c751e8b465ee728b) [PhysX] Initialized MultithreadedTaskDispatcher with 12 workers.
 -> (artifact id: '00000000000000000000000000000000') in 0.000500 seconds
Import Error Code:(4)
Message: Build asset version error: assets/scripts/enemigomovimiento.cs in SourceAssetDB has modification time of '2026-04-13T15:48:13.7223398Z' while content on disk has modification time of '2026-04-13T15:48:24.0788675Z'
  ERROR: Build asset version error: assets/scripts/enemigomovimiento.cs in SourceAssetDB has modification time of '2026-04-13T15:48:13.7223398Z' while content on disk has modification time of '2026-04-13T15:48:24.0788675Z'
Number of updated asset objects reloaded before import = 0
Number of asset objects unloaded after import = 0
========================================================================
Received Import Request.
  Time since last request: 0.006386 seconds.
  path: Assets/scripts/EnemigoMovimiento.cs
  artifactKey: Guid(8e30e785f96522b409f8eabeca4e3fc1) Importer(815301076,1909f56bfc062723c751e8b465ee728b)
Start importing Assets/scripts/EnemigoMovimiento.cs using Guid(8e30e785f96522b409f8eabeca4e3fc1) Importer(815301076,1909f56bfc062723c751e8b465ee728b) [PhysX] Initialized MultithreadedTaskDispatcher with 12 workers.
 -> (artifact id: '00000000000000000000000000000000') in 0.000591 seconds
Import Error Code:(4)
Message: Build asset version error: assets/scripts/enemigomovimiento.cs in SourceAssetDB has modification time of '2026-04-13T15:48:13.7223398Z' while content on disk has modification time of '2026-04-13T15:48:24.0788675Z'
  ERROR: Build asset version error: assets/scripts/enemigomovimiento.cs in SourceAssetDB has modification time of '2026-04-13T15:48:13.7223398Z' while content on disk has modification time of '2026-04-13T15:48:24.0788675Z'
Number of updated asset objects reloaded before import = 0
Number of asset objects unloaded after import = 0
========================================================================
Received Import Request.
  Time since last request: 0.005297 seconds.
  path: Assets/scripts/EnemigoMovimiento.cs
  artifactKey: Guid(8e30e785f96522b409f8eabeca4e3fc1) Importer(815301076,1909f56bfc062723c751e8b465ee728b)
Start importing Assets/scripts/EnemigoMovimiento.cs using Guid(8e30e785f96522b409f8eabeca4e3fc1) Importer(815301076,1909f56bfc062723c751e8b465ee728b) [PhysX] Initialized MultithreadedTaskDispatcher with 12 workers.
 -> (artifact id: '00000000000000000000000000000000') in 0.000489 seconds
Import Error Code:(4)
Message: Build asset version error: assets/scripts/enemigomovimiento.cs in SourceAssetDB has modification time of '2026-04-13T15:48:13.7223398Z' while content on disk has modification time of '2026-04-13T15:48:24.0788675Z'
  ERROR: Build asset version error: assets/scripts/enemigomovimiento.cs in SourceAssetDB has modification time of '2026-04-13T15:48:13.7223398Z' while content on disk has modification time of '2026-04-13T15:48:24.0788675Z'
Number of updated asset objects reloaded before import = 0
Number of asset objects unloaded after import = 0
========================================================================
Received Import Request.
  Time since last request: 0.006146 seconds.
  path: Assets/scripts/EnemigoMovimiento.cs
  artifactKey: Guid(8e30e785f96522b409f8eabeca4e3fc1) Importer(815301076,1909f56bfc062723c751e8b465ee728b)
Start importing Assets/scripts/EnemigoMovimiento.cs using Guid(8e30e785f96522b409f8eabeca4e3fc1) Importer(815301076,1909f56bfc062723c751e8b465ee728b) [PhysX] Initialized MultithreadedTaskDispatcher with 12 workers.
 -> (artifact id: '00000000000000000000000000000000') in 0.000535 seconds
Import Error Code:(4)
Message: Build asset version error: assets/scripts/enemigomovimiento.cs in SourceAssetDB has modification time of '2026-04-13T15:48:13.7223398Z' while content on disk has modification time of '2026-04-13T15:48:24.0788675Z'
  ERROR: Build asset version error: assets/scripts/enemigomovimiento.cs in SourceAssetDB has modification time of '2026-04-13T15:48:13.7223398Z' while content on disk has modification time of '2026-04-13T15:48:24.0788675Z'
Number of updated asset objects reloaded before import = 0
Number of asset objects unloaded after import = 0
========================================================================
Received Import Request.
  Time since last request: 0.005501 seconds.
  path: Assets/scripts/EnemigoMovimiento.cs
  artifactKey: Guid(8e30e785f96522b409f8eabeca4e3fc1) Importer(815301076,1909f56bfc062723c751e8b465ee728b)
Start importing Assets/scripts/EnemigoMovimiento.cs using Guid(8e30e785f96522b409f8eabeca4e3fc1) Importer(815301076,1909f56bfc062723c751e8b465ee728b) [PhysX] Initialized MultithreadedTaskDispatcher with 12 workers.
 -> (artifact id: '00000000000000000000000000000000') in 0.000579 seconds
Import Error Code:(4)
Message: Build asset version error: assets/scripts/enemigomovimiento.cs in SourceAssetDB has modification time of '2026-04-13T15:48:13.7223398Z' while content on disk has modification time of '2026-04-13T15:48:24.0788675Z'
  ERROR: Build asset version error: assets/scripts/enemigomovimiento.cs in SourceAssetDB has modification time of '2026-04-13T15:48:13.7223398Z' while content on disk has modification time of '2026-04-13T15:48:24.0788675Z'
Number of updated asset objects reloaded before import = 0
Number of asset objects unloaded after import = 0
========================================================================
Received Import Request.
  Time since last request: 0.005759 seconds.
  path: Assets/scripts/EnemigoMovimiento.cs
  artifactKey: Guid(8e30e785f96522b409f8eabeca4e3fc1) Importer(815301076,1909f56bfc062723c751e8b465ee728b)
Start importing Assets/scripts/EnemigoMovimiento.cs using Guid(8e30e785f96522b409f8eabeca4e3fc1) Importer(815301076,1909f56bfc062723c751e8b465ee728b) [PhysX] Initialized MultithreadedTaskDispatcher with 12 workers.
 -> (artifact id: '00000000000000000000000000000000') in 0.000516 seconds
Import Error Code:(4)
Message: Build asset version error: assets/scripts/enemigomovimiento.cs in SourceAssetDB has modification time of '2026-04-13T15:48:13.7223398Z' while content on disk has modification time of '2026-04-13T15:48:24.0788675Z'
  ERROR: Build asset version error: assets/scripts/enemigomovimiento.cs in SourceAssetDB has modification time of '2026-04-13T15:48:13.7223398Z' while content on disk has modification time of '2026-04-13T15:48:24.0788675Z'
Number of updated asset objects reloaded before import = 0
Number of asset objects unloaded after import = 0
========================================================================
Received Import Request.
  Time since last request: 0.005773 seconds.
  path: Assets/scripts/EnemigoMovimiento.cs
  artifactKey: Guid(8e30e785f96522b409f8eabeca4e3fc1) Importer(815301076,1909f56bfc062723c751e8b465ee728b)
Start importing Assets/scripts/EnemigoMovimiento.cs using Guid(8e30e785f96522b409f8eabeca4e3fc1) Importer(815301076,1909f56bfc062723c751e8b465ee728b) [PhysX] Initialized MultithreadedTaskDispatcher with 12 workers.
 -> (artifact id: '00000000000000000000000000000000') in 0.000481 seconds
Import Error Code:(4)
Message: Build asset version error: assets/scripts/enemigomovimiento.cs in SourceAssetDB has modification time of '2026-04-13T15:48:13.7223398Z' while content on disk has modification time of '2026-04-13T15:48:24.0788675Z'
  ERROR: Build asset version error: assets/scripts/enemigomovimiento.cs in SourceAssetDB has modification time of '2026-04-13T15:48:13.7223398Z' while content on disk has modification time of '2026-04-13T15:48:24.0788675Z'
Number of updated asset objects reloaded before import = 0
Number of asset objects unloaded after import = 0
========================================================================
Received Import Request.
  Time since last request: 0.005569 seconds.
  path: Assets/scripts/EnemigoMovimiento.cs
  artifactKey: Guid(8e30e785f96522b409f8eabeca4e3fc1) Importer(815301076,1909f56bfc062723c751e8b465ee728b)
Start importing Assets/scripts/EnemigoMovimiento.cs using Guid(8e30e785f96522b409f8eabeca4e3fc1) Importer(815301076,1909f56bfc062723c751e8b465ee728b) [PhysX] Initialized MultithreadedTaskDispatcher with 12 workers.
 -> (artifact id: '00000000000000000000000000000000') in 0.000507 seconds
Import Error Code:(4)
Message: Build asset version error: assets/scripts/enemigomovimiento.cs in SourceAssetDB has modification time of '2026-04-13T15:48:13.7223398Z' while content on disk has modification time of '2026-04-13T15:48:24.0788675Z'
  ERROR: Build asset version error: assets/scripts/enemigomovimiento.cs in SourceAssetDB has modification time of '2026-04-13T15:48:13.7223398Z' while content on disk has modification time of '2026-04-13T15:48:24.0788675Z'
Number of updated asset objects reloaded before import = 0
Number of asset objects unloaded after import = 0
========================================================================
Received Import Request.
  Time since last request: 0.005820 seconds.
  path: Assets/scripts/EnemigoMovimiento.cs
  artifactKey: Guid(8e30e785f96522b409f8eabeca4e3fc1) Importer(815301076,1909f56bfc062723c751e8b465ee728b)
Start importing Assets/scripts/EnemigoMovimiento.cs using Guid(8e30e785f96522b409f8eabeca4e3fc1) Importer(815301076,1909f56bfc062723c751e8b465ee728b) [PhysX] Initialized MultithreadedTaskDispatcher with 12 workers.
 -> (artifact id: '00000000000000000000000000000000') in 0.000501 seconds
Import Error Code:(4)
Message: Build asset version error: assets/scripts/enemigomovimiento.cs in SourceAssetDB has modification time of '2026-04-13T15:48:13.7223398Z' while content on disk has modification time of '2026-04-13T15:48:24.0788675Z'
  ERROR: Build asset version error: assets/scripts/enemigomovimiento.cs in SourceAssetDB has modification time of '2026-04-13T15:48:13.7223398Z' while content on disk has modification time of '2026-04-13T15:48:24.0788675Z'
Number of updated asset objects reloaded before import = 0
Number of asset objects unloaded after import = 0
========================================================================
Received Import Request.
  Time since last request: 0.006103 seconds.
  path: Assets/scripts/EnemigoMovimiento.cs
  artifactKey: Guid(8e30e785f96522b409f8eabeca4e3fc1) Importer(815301076,1909f56bfc062723c751e8b465ee728b)
Start importing Assets/scripts/EnemigoMovimiento.cs using Guid(8e30e785f96522b409f8eabeca4e3fc1) Importer(815301076,1909f56bfc062723c751e8b465ee728b) [PhysX] Initialized MultithreadedTaskDispatcher with 12 workers.
 -> (artifact id: '00000000000000000000000000000000') in 0.000484 seconds
Import Error Code:(4)
Message: Build asset version error: assets/scripts/enemigomovimiento.cs in SourceAssetDB has modification time of '2026-04-13T15:48:13.7223398Z' while content on disk has modification time of '2026-04-13T15:48:24.0788675Z'
  ERROR: Build asset version error: assets/scripts/enemigomovimiento.cs in SourceAssetDB has modification time of '2026-04-13T15:48:13.7223398Z' while content on disk has modification time of '2026-04-13T15:48:24.0788675Z'
Number of updated asset objects reloaded before import = 0
Number of asset objects unloaded after import = 0
========================================================================
Received Import Request.
  Time since last request: 0.005774 seconds.
  path: Assets/scripts/EnemigoMovimiento.cs
  artifactKey: Guid(8e30e785f96522b409f8eabeca4e3fc1) Importer(815301076,1909f56bfc062723c751e8b465ee728b)
Start importing Assets/scripts/EnemigoMovimiento.cs using Guid(8e30e785f96522b409f8eabeca4e3fc1) Importer(815301076,1909f56bfc062723c751e8b465ee728b) [PhysX] Initialized MultithreadedTaskDispatcher with 12 workers.
 -> (artifact id: '00000000000000000000000000000000') in 0.000481 seconds
Import Error Code:(4)
Message: Build asset version error: assets/scripts/enemigomovimiento.cs in SourceAssetDB has modification time of '2026-04-13T15:48:13.7223398Z' while content on disk has modification time of '2026-04-13T15:48:24.0788675Z'
  ERROR: Build asset version error: assets/scripts/enemigomovimiento.cs in SourceAssetDB has modification time of '2026-04-13T15:48:13.7223398Z' while content on disk has modification time of '2026-04-13T15:48:24.0788675Z'
Number of updated asset objects reloaded before import = 0
Number of asset objects unloaded after import = 0
========================================================================
Received Import Request.
  Time since last request: 0.005985 seconds.
  path: Assets/scripts/EnemigoMovimiento.cs
  artifactKey: Guid(8e30e785f96522b409f8eabeca4e3fc1) Importer(815301076,1909f56bfc062723c751e8b465ee728b)
Start importing Assets/scripts/EnemigoMovimiento.cs using Guid(8e30e785f96522b409f8eabeca4e3fc1) Importer(815301076,1909f56bfc062723c751e8b465ee728b) [PhysX] Initialized MultithreadedTaskDispatcher with 12 workers.
 -> (artifact id: '00000000000000000000000000000000') in 0.000534 seconds
Import Error Code:(4)
Message: Build asset version error: assets/scripts/enemigomovimiento.cs in SourceAssetDB has modification time of '2026-04-13T15:48:13.7223398Z' while content on disk has modification time of '2026-04-13T15:48:24.0788675Z'
  ERROR: Build asset version error: assets/scripts/enemigomovimiento.cs in SourceAssetDB has modification time of '2026-04-13T15:48:13.7223398Z' while content on disk has modification time of '2026-04-13T15:48:24.0788675Z'
Number of updated asset objects reloaded before import = 0
Number of asset objects unloaded after import = 0
========================================================================
Received Import Request.
  Time since last request: 0.006482 seconds.
  path: Assets/scripts/EnemigoMovimiento.cs
  artifactKey: Guid(8e30e785f96522b409f8eabeca4e3fc1) Importer(815301076,1909f56bfc062723c751e8b465ee728b)
Start importing Assets/scripts/EnemigoMovimiento.cs using Guid(8e30e785f96522b409f8eabeca4e3fc1) Importer(815301076,1909f56bfc062723c751e8b465ee728b) [PhysX] Initialized MultithreadedTaskDispatcher with 12 workers.
 -> (artifact id: '00000000000000000000000000000000') in 0.000508 seconds
Import Error Code:(4)
Message: Build asset version error: assets/scripts/enemigomovimiento.cs in SourceAssetDB has modification time of '2026-04-13T15:48:13.7223398Z' while content on disk has modification time of '2026-04-13T15:48:24.0788675Z'
  ERROR: Build asset version error: assets/scripts/enemigomovimiento.cs in SourceAssetDB has modification time of '2026-04-13T15:48:13.7223398Z' while content on disk has modification time of '2026-04-13T15:48:24.0788675Z'
Number of updated asset objects reloaded before import = 0
Number of asset objects unloaded after import = 0
========================================================================
Received Import Request.
  Time since last request: 0.005693 seconds.
  path: Assets/scripts/EnemigoMovimiento.cs
  artifactKey: Guid(8e30e785f96522b409f8eabeca4e3fc1) Importer(815301076,1909f56bfc062723c751e8b465ee728b)
Start importing Assets/scripts/EnemigoMovimiento.cs using Guid(8e30e785f96522b409f8eabeca4e3fc1) Importer(815301076,1909f56bfc062723c751e8b465ee728b) [PhysX] Initialized MultithreadedTaskDispatcher with 12 workers.
 -> (artifact id: '00000000000000000000000000000000') in 0.000499 seconds
Import Error Code:(4)
Message: Build asset version error: assets/scripts/enemigomovimiento.cs in SourceAssetDB has modification time of '2026-04-13T15:48:13.7223398Z' while content on disk has modification time of '2026-04-13T15:48:24.0788675Z'
  ERROR: Build asset version error: assets/scripts/enemigomovimiento.cs in SourceAssetDB has modification time of '2026-04-13T15:48:13.7223398Z' while content on disk has modification time of '2026-04-13T15:48:24.0788675Z'
Number of updated asset objects reloaded before import = 0
Number of asset objects unloaded after import = 0
========================================================================
Received Import Request.
  Time since last request: 0.006913 seconds.
  path: Assets/scripts/EnemigoMovimiento.cs
  artifactKey: Guid(8e30e785f96522b409f8eabeca4e3fc1) Importer(815301076,1909f56bfc062723c751e8b465ee728b)
Start importing Assets/scripts/EnemigoMovimiento.cs using Guid(8e30e785f96522b409f8eabeca4e3fc1) Importer(815301076,1909f56bfc062723c751e8b465ee728b) [PhysX] Initialized MultithreadedTaskDispatcher with 12 workers.
 -> (artifact id: '00000000000000000000000000000000') in 0.000514 seconds
Import Error Code:(4)
Message: Build asset version error: assets/scripts/enemigomovimiento.cs in SourceAssetDB has modification time of '2026-04-13T15:48:13.7223398Z' while content on disk has modification time of '2026-04-13T15:48:24.0788675Z'
  ERROR: Build asset version error: assets/scripts/enemigomovimiento.cs in SourceAssetDB has modification time of '2026-04-13T15:48:13.7223398Z' while content on disk has modification time of '2026-04-13T15:48:24.0788675Z'
Number of updated asset objects reloaded before import = 0
Number of asset objects unloaded after import = 0
========================================================================
Received Import Request.
  Time since last request: 0.005850 seconds.
  path: Assets/scripts/EnemigoMovimiento.cs
  artifactKey: Guid(8e30e785f96522b409f8eabeca4e3fc1) Importer(815301076,1909f56bfc062723c751e8b465ee728b)
Start importing Assets/scripts/EnemigoMovimiento.cs using Guid(8e30e785f96522b409f8eabeca4e3fc1) Importer(815301076,1909f56bfc062723c751e8b465ee728b) [PhysX] Initialized MultithreadedTaskDispatcher with 12 workers.
 -> (artifact id: '00000000000000000000000000000000') in 0.000495 seconds
Import Error Code:(4)
Message: Build asset version error: assets/scripts/enemigomovimiento.cs in SourceAssetDB has modification time of '2026-04-13T15:48:13.7223398Z' while content on disk has modification time of '2026-04-13T15:48:24.0788675Z'
  ERROR: Build asset version error: assets/scripts/enemigomovimiento.cs in SourceAssetDB has modification time of '2026-04-13T15:48:13.7223398Z' while content on disk has modification time of '2026-04-13T15:48:24.0788675Z'
Number of updated asset objects reloaded before import = 0
Number of asset objects unloaded after import = 0
========================================================================
Received Import Request.
  Time since last request: 0.005836 seconds.
  path: Assets/scripts/EnemigoMovimiento.cs
  artifactKey: Guid(8e30e785f96522b409f8eabeca4e3fc1) Importer(815301076,1909f56bfc062723c751e8b465ee728b)
Start importing Assets/scripts/EnemigoMovimiento.cs using Guid(8e30e785f96522b409f8eabeca4e3fc1) Importer(815301076,1909f56bfc062723c751e8b465ee728b) [PhysX] Initialized MultithreadedTaskDispatcher with 12 workers.
 -> (artifact id: '00000000000000000000000000000000') in 0.000512 seconds
Import Error Code:(4)
Message: Build asset version error: assets/scripts/enemigomovimiento.cs in SourceAssetDB has modification time of '2026-04-13T15:48:13.7223398Z' while content on disk has modification time of '2026-04-13T15:48:24.0788675Z'
  ERROR: Build asset version error: assets/scripts/enemigomovimiento.cs in SourceAssetDB has modification time of '2026-04-13T15:48:13.7223398Z' while content on disk has modification time of '2026-04-13T15:48:24.0788675Z'
Number of updated asset objects reloaded before import = 0
Number of asset objects unloaded after import = 0
========================================================================
Received Import Request.
  Time since last request: 0.005832 seconds.
  path: Assets/scripts/EnemigoMovimiento.cs
  artifactKey: Guid(8e30e785f96522b409f8eabeca4e3fc1) Importer(815301076,1909f56bfc062723c751e8b465ee728b)
Start importing Assets/scripts/EnemigoMovimiento.cs using Guid(8e30e785f96522b409f8eabeca4e3fc1) Importer(815301076,1909f56bfc062723c751e8b465ee728b) [PhysX] Initialized MultithreadedTaskDispatcher with 12 workers.
 -> (artifact id: '00000000000000000000000000000000') in 0.000485 seconds
Import Error Code:(4)
Message: Build asset version error: assets/scripts/enemigomovimiento.cs in SourceAssetDB has modification time of '2026-04-13T15:48:13.7223398Z' while content on disk has modification time of '2026-04-13T15:48:24.0788675Z'
  ERROR: Build asset version error: assets/scripts/enemigomovimiento.cs in SourceAssetDB has modification time of '2026-04-13T15:48:13.7223398Z' while content on disk has modification time of '2026-04-13T15:48:24.0788675Z'
Number of updated asset objects reloaded before import = 0
Number of asset objects unloaded after import = 0
========================================================================
Received Import Request.
  Time since last request: 0.005581 seconds.
  path: Assets/scripts/EnemigoMovimiento.cs
  artifactKey: Guid(8e30e785f96522b409f8eabeca4e3fc1) Importer(815301076,1909f56bfc062723c751e8b465ee728b)
Start importing Assets/scripts/EnemigoMovimiento.cs using Guid(8e30e785f96522b409f8eabeca4e3fc1) Importer(815301076,1909f56bfc062723c751e8b465ee728b) [PhysX] Initialized MultithreadedTaskDispatcher with 12 workers.
 -> (artifact id: '00000000000000000000000000000000') in 0.000762 seconds
Import Error Code:(4)
Message: Build asset version error: assets/scripts/enemigomovimiento.cs in SourceAssetDB has modification time of '2026-04-13T15:48:13.7223398Z' while content on disk has modification time of '2026-04-13T15:48:24.0788675Z'
  ERROR: Build asset version error: assets/scripts/enemigomovimiento.cs in SourceAssetDB has modification time of '2026-04-13T15:48:13.7223398Z' while content on disk has modification time of '2026-04-13T15:48:24.0788675Z'
Number of updated asset objects reloaded before import = 0
Number of asset objects unloaded after import = 0
========================================================================
Received Import Request.
  Time since last request: 0.005891 seconds.
  path: Assets/scripts/EnemigoMovimiento.cs
  artifactKey: Guid(8e30e785f96522b409f8eabeca4e3fc1) Importer(815301076,1909f56bfc062723c751e8b465ee728b)
Start importing Assets/scripts/EnemigoMovimiento.cs using Guid(8e30e785f96522b409f8eabeca4e3fc1) Importer(815301076,1909f56bfc062723c751e8b465ee728b) [PhysX] Initialized MultithreadedTaskDispatcher with 12 workers.
 -> (artifact id: '00000000000000000000000000000000') in 0.000497 seconds
Import Error Code:(4)
Message: Build asset version error: assets/scripts/enemigomovimiento.cs in SourceAssetDB has modification time of '2026-04-13T15:48:13.7223398Z' while content on disk has modification time of '2026-04-13T15:48:24.0788675Z'
  ERROR: Build asset version error: assets/scripts/enemigomovimiento.cs in SourceAssetDB has modification time of '2026-04-13T15:48:13.7223398Z' while content on disk has modification time of '2026-04-13T15:48:24.0788675Z'
Number of updated asset objects reloaded before import = 0
Number of asset objects unloaded after import = 0
========================================================================
Received Import Request.
  Time since last request: 0.006110 seconds.
  path: Assets/scripts/EnemigoMovimiento.cs
  artifactKey: Guid(8e30e785f96522b409f8eabeca4e3fc1) Importer(815301076,1909f56bfc062723c751e8b465ee728b)
Start importing Assets/scripts/EnemigoMovimiento.cs using Guid(8e30e785f96522b409f8eabeca4e3fc1) Importer(815301076,1909f56bfc062723c751e8b465ee728b) [PhysX] Initialized MultithreadedTaskDispatcher with 12 workers.
 -> (artifact id: '00000000000000000000000000000000') in 0.000516 seconds
Import Error Code:(4)
Message: Build asset version error: assets/scripts/enemigomovimiento.cs in SourceAssetDB has modification time of '2026-04-13T15:48:13.7223398Z' while content on disk has modification time of '2026-04-13T15:48:24.0788675Z'
  ERROR: Build asset version error: assets/scripts/enemigomovimiento.cs in SourceAssetDB has modification time of '2026-04-13T15:48:13.7223398Z' while content on disk has modification time of '2026-04-13T15:48:24.0788675Z'
Number of updated asset objects reloaded before import = 0
Number of asset objects unloaded after import = 0
========================================================================
Received Import Request.
  Time since last request: 0.006841 seconds.
  path: Assets/scripts/EnemigoMovimiento.cs
  artifactKey: Guid(8e30e785f96522b409f8eabeca4e3fc1) Importer(815301076,1909f56bfc062723c751e8b465ee728b)
Start importing Assets/scripts/EnemigoMovimiento.cs using Guid(8e30e785f96522b409f8eabeca4e3fc1) Importer(815301076,1909f56bfc062723c751e8b465ee728b) [PhysX] Initialized MultithreadedTaskDispatcher with 12 workers.
 -> (artifact id: '00000000000000000000000000000000') in 0.000579 seconds
Import Error Code:(4)
Message: Build asset version error: assets/scripts/enemigomovimiento.cs in SourceAssetDB has modification time of '2026-04-13T15:48:13.7223398Z' while content on disk has modification time of '2026-04-13T15:48:24.0788675Z'
  ERROR: Build asset version error: assets/scripts/enemigomovimiento.cs in SourceAssetDB has modification time of '2026-04-13T15:48:13.7223398Z' while content on disk has modification time of '2026-04-13T15:48:24.0788675Z'
Number of updated asset objects reloaded before import = 0
Number of asset objects unloaded after import = 0
========================================================================
Received Import Request.
  Time since last request: 0.006407 seconds.
  path: Assets/scripts/EnemigoMovimiento.cs
  artifactKey: Guid(8e30e785f96522b409f8eabeca4e3fc1) Importer(815301076,1909f56bfc062723c751e8b465ee728b)
Start importing Assets/scripts/EnemigoMovimiento.cs using Guid(8e30e785f96522b409f8eabeca4e3fc1) Importer(815301076,1909f56bfc062723c751e8b465ee728b) [PhysX] Initialized MultithreadedTaskDispatcher with 12 workers.
 -> (artifact id: '00000000000000000000000000000000') in 0.000733 seconds
Import Error Code:(4)
Message: Build asset version error: assets/scripts/enemigomovimiento.cs in SourceAssetDB has modification time of '2026-04-13T15:48:13.7223398Z' while content on disk has modification time of '2026-04-13T15:48:24.0788675Z'
  ERROR: Build asset version error: assets/scripts/enemigomovimiento.cs in SourceAssetDB has modification time of '2026-04-13T15:48:13.7223398Z' while content on disk has modification time of '2026-04-13T15:48:24.0788675Z'
Number of updated asset objects reloaded before import = 0
Number of asset objects unloaded after import = 0
========================================================================
Received Import Request.
  Time since last request: 0.006079 seconds.
  path: Assets/scripts/EnemigoMovimiento.cs
  artifactKey: Guid(8e30e785f96522b409f8eabeca4e3fc1) Importer(815301076,1909f56bfc062723c751e8b465ee728b)
Start importing Assets/scripts/EnemigoMovimiento.cs using Guid(8e30e785f96522b409f8eabeca4e3fc1) Importer(815301076,1909f56bfc062723c751e8b465ee728b) [PhysX] Initialized MultithreadedTaskDispatcher with 12 workers.
 -> (artifact id: '00000000000000000000000000000000') in 0.000467 seconds
Import Error Code:(4)
Message: Build asset version error: assets/scripts/enemigomovimiento.cs in SourceAssetDB has modification time of '2026-04-13T15:48:13.7223398Z' while content on disk has modification time of '2026-04-13T15:48:24.0788675Z'
  ERROR: Build asset version error: assets/scripts/enemigomovimiento.cs in SourceAssetDB has modification time of '2026-04-13T15:48:13.7223398Z' while content on disk has modification time of '2026-04-13T15:48:24.0788675Z'
Number of updated asset objects reloaded before import = 0
Number of asset objects unloaded after import = 0
========================================================================
Received Import Request.
  Time since last request: 0.006965 seconds.
  path: Assets/scripts/EnemigoMovimiento.cs
  artifactKey: Guid(8e30e785f96522b409f8eabeca4e3fc1) Importer(815301076,1909f56bfc062723c751e8b465ee728b)
Start importing Assets/scripts/EnemigoMovimiento.cs using Guid(8e30e785f96522b409f8eabeca4e3fc1) Importer(815301076,1909f56bfc062723c751e8b465ee728b) [PhysX] Initialized MultithreadedTaskDispatcher with 12 workers.
 -> (artifact id: '00000000000000000000000000000000') in 0.000586 seconds
Import Error Code:(4)
Message: Build asset version error: assets/scripts/enemigomovimiento.cs in SourceAssetDB has modification time of '2026-04-13T15:48:13.7223398Z' while content on disk has modification time of '2026-04-13T15:48:24.0788675Z'
  ERROR: Build asset version error: assets/scripts/enemigomovimiento.cs in SourceAssetDB has modification time of '2026-04-13T15:48:13.7223398Z' while content on disk has modification time of '2026-04-13T15:48:24.0788675Z'
Number of updated asset objects reloaded before import = 0
Number of asset objects unloaded after import = 0
========================================================================
Received Import Request.
  Time since last request: 0.006864 seconds.
  path: Assets/scripts/EnemigoMovimiento.cs
  artifactKey: Guid(8e30e785f96522b409f8eabeca4e3fc1) Importer(815301076,1909f56bfc062723c751e8b465ee728b)
Start importing Assets/scripts/EnemigoMovimiento.cs using Guid(8e30e785f96522b409f8eabeca4e3fc1) Importer(815301076,1909f56bfc062723c751e8b465ee728b) [PhysX] Initialized MultithreadedTaskDispatcher with 12 workers.
 -> (artifact id: '00000000000000000000000000000000') in 0.000542 seconds
Import Error Code:(4)
Message: Build asset version error: assets/scripts/enemigomovimiento.cs in SourceAssetDB has modification time of '2026-04-13T15:48:13.7223398Z' while content on disk has modification time of '2026-04-13T15:48:24.0788675Z'
  ERROR: Build asset version error: assets/scripts/enemigomovimiento.cs in SourceAssetDB has modification time of '2026-04-13T15:48:13.7223398Z' while content on disk has modification time of '2026-04-13T15:48:24.0788675Z'
Number of updated asset objects reloaded before import = 0
Number of asset objects unloaded after import = 0
========================================================================
Received Import Request.
  Time since last request: 0.006376 seconds.
  path: Assets/scripts/EnemigoMovimiento.cs
  artifactKey: Guid(8e30e785f96522b409f8eabeca4e3fc1) Importer(815301076,1909f56bfc062723c751e8b465ee728b)
Start importing Assets/scripts/EnemigoMovimiento.cs using Guid(8e30e785f96522b409f8eabeca4e3fc1) Importer(815301076,1909f56bfc062723c751e8b465ee728b) [PhysX] Initialized MultithreadedTaskDispatcher with 12 workers.
 -> (artifact id: '00000000000000000000000000000000') in 0.000651 seconds
Import Error Code:(4)
Message: Build asset version error: assets/scripts/enemigomovimiento.cs in SourceAssetDB has modification time of '2026-04-13T15:48:13.7223398Z' while content on disk has modification time of '2026-04-13T15:48:24.0788675Z'
  ERROR: Build asset version error: assets/scripts/enemigomovimiento.cs in SourceAssetDB has modification time of '2026-04-13T15:48:13.7223398Z' while content on disk has modification time of '2026-04-13T15:48:24.0788675Z'
Number of updated asset objects reloaded before import = 0
Number of asset objects unloaded after import = 0
========================================================================
Received Import Request.
  Time since last request: 0.006855 seconds.
  path: Assets/scripts/EnemigoMovimiento.cs
  artifactKey: Guid(8e30e785f96522b409f8eabeca4e3fc1) Importer(815301076,1909f56bfc062723c751e8b465ee728b)
Start importing Assets/scripts/EnemigoMovimiento.cs using Guid(8e30e785f96522b409f8eabeca4e3fc1) Importer(815301076,1909f56bfc062723c751e8b465ee728b) [PhysX] Initialized MultithreadedTaskDispatcher with 12 workers.
 -> (artifact id: '00000000000000000000000000000000') in 0.000546 seconds
Import Error Code:(4)
Message: Build asset version error: assets/scripts/enemigomovimiento.cs in SourceAssetDB has modification time of '2026-04-13T15:48:13.7223398Z' while content on disk has modification time of '2026-04-13T15:48:24.0788675Z'
  ERROR: Build asset version error: assets/scripts/enemigomovimiento.cs in SourceAssetDB has modification time of '2026-04-13T15:48:13.7223398Z' while content on disk has modification time of '2026-04-13T15:48:24.0788675Z'
Number of updated asset objects reloaded before import = 0
Number of asset objects unloaded after import = 0
========================================================================
Received Import Request.
  Time since last request: 0.005882 seconds.
  path: Assets/scripts/EnemigoMovimiento.cs
  artifactKey: Guid(8e30e785f96522b409f8eabeca4e3fc1) Importer(815301076,1909f56bfc062723c751e8b465ee728b)
Start importing Assets/scripts/EnemigoMovimiento.cs using Guid(8e30e785f96522b409f8eabeca4e3fc1) Importer(815301076,1909f56bfc062723c751e8b465ee728b) [PhysX] Initialized MultithreadedTaskDispatcher with 12 workers.
 -> (artifact id: '00000000000000000000000000000000') in 0.000598 seconds
Import Error Code:(4)
Message: Build asset version error: assets/scripts/enemigomovimiento.cs in SourceAssetDB has modification time of '2026-04-13T15:48:13.7223398Z' while content on disk has modification time of '2026-04-13T15:48:24.0788675Z'
  ERROR: Build asset version error: assets/scripts/enemigomovimiento.cs in SourceAssetDB has modification time of '2026-04-13T15:48:13.7223398Z' while content on disk has modification time of '2026-04-13T15:48:24.0788675Z'
Number of updated asset objects reloaded before import = 0
Number of asset objects unloaded after import = 0
========================================================================
Received Import Request.
  Time since last request: 0.006298 seconds.
  path: Assets/scripts/EnemigoMovimiento.cs
  artifactKey: Guid(8e30e785f96522b409f8eabeca4e3fc1) Importer(815301076,1909f56bfc062723c751e8b465ee728b)
Start importing Assets/scripts/EnemigoMovimiento.cs using Guid(8e30e785f96522b409f8eabeca4e3fc1) Importer(815301076,1909f56bfc062723c751e8b465ee728b) [PhysX] Initialized MultithreadedTaskDispatcher with 12 workers.
 -> (artifact id: '00000000000000000000000000000000') in 0.000493 seconds
Import Error Code:(4)
Message: Build asset version error: assets/scripts/enemigomovimiento.cs in SourceAssetDB has modification time of '2026-04-13T15:48:13.7223398Z' while content on disk has modification time of '2026-04-13T15:48:24.0788675Z'
  ERROR: Build asset version error: assets/scripts/enemigomovimiento.cs in SourceAssetDB has modification time of '2026-04-13T15:48:13.7223398Z' while content on disk has modification time of '2026-04-13T15:48:24.0788675Z'
Number of updated asset objects reloaded before import = 0
Number of asset objects unloaded after import = 0
========================================================================
Received Import Request.
  Time since last request: 0.006811 seconds.
  path: Assets/scripts/EnemigoMovimiento.cs
  artifactKey: Guid(8e30e785f96522b409f8eabeca4e3fc1) Importer(815301076,1909f56bfc062723c751e8b465ee728b)
Start importing Assets/scripts/EnemigoMovimiento.cs using Guid(8e30e785f96522b409f8eabeca4e3fc1) Importer(815301076,1909f56bfc062723c751e8b465ee728b) [PhysX] Initialized MultithreadedTaskDispatcher with 12 workers.
 -> (artifact id: '00000000000000000000000000000000') in 0.000531 seconds
Import Error Code:(4)
Message: Build asset version error: assets/scripts/enemigomovimiento.cs in SourceAssetDB has modification time of '2026-04-13T15:48:13.7223398Z' while content on disk has modification time of '2026-04-13T15:48:24.0788675Z'
  ERROR: Build asset version error: assets/scripts/enemigomovimiento.cs in SourceAssetDB has modification time of '2026-04-13T15:48:13.7223398Z' while content on disk has modification time of '2026-04-13T15:48:24.0788675Z'
Number of updated asset objects reloaded before import = 0
Number of asset objects unloaded after import = 0
========================================================================
Received Import Request.
  Time since last request: 0.006527 seconds.
  path: Assets/scripts/EnemigoMovimiento.cs
  artifactKey: Guid(8e30e785f96522b409f8eabeca4e3fc1) Importer(815301076,1909f56bfc062723c751e8b465ee728b)
Start importing Assets/scripts/EnemigoMovimiento.cs using Guid(8e30e785f96522b409f8eabeca4e3fc1) Importer(815301076,1909f56bfc062723c751e8b465ee728b) [PhysX] Initialized MultithreadedTaskDispatcher with 12 workers.
 -> (artifact id: '00000000000000000000000000000000') in 0.000496 seconds
Import Error Code:(4)
Message: Build asset version error: assets/scripts/enemigomovimiento.cs in SourceAssetDB has modification time of '2026-04-13T15:48:13.7223398Z' while content on disk has modification time of '2026-04-13T15:48:24.0788675Z'
  ERROR: Build asset version error: assets/scripts/enemigomovimiento.cs in SourceAssetDB has modification time of '2026-04-13T15:48:13.7223398Z' while content on disk has modification time of '2026-04-13T15:48:24.0788675Z'
Number of updated asset objects reloaded before import = 0
Number of asset objects unloaded after import = 0
========================================================================
Received Import Request.
  Time since last request: 0.005909 seconds.
  path: Assets/scripts/EnemigoMovimiento.cs
  artifactKey: Guid(8e30e785f96522b409f8eabeca4e3fc1) Importer(815301076,1909f56bfc062723c751e8b465ee728b)
Start importing Assets/scripts/EnemigoMovimiento.cs using Guid(8e30e785f96522b409f8eabeca4e3fc1) Importer(815301076,1909f56bfc062723c751e8b465ee728b) [PhysX] Initialized MultithreadedTaskDispatcher with 12 workers.
 -> (artifact id: '00000000000000000000000000000000') in 0.000702 seconds
Import Error Code:(4)
Message: Build asset version error: assets/scripts/enemigomovimiento.cs in SourceAssetDB has modification time of '2026-04-13T15:48:13.7223398Z' while content on disk has modification time of '2026-04-13T15:48:24.0788675Z'
  ERROR: Build asset version error: assets/scripts/enemigomovimiento.cs in SourceAssetDB has modification time of '2026-04-13T15:48:13.7223398Z' while content on disk has modification time of '2026-04-13T15:48:24.0788675Z'
Number of updated asset objects reloaded before import = 0
Number of asset objects unloaded after import = 0
========================================================================
Received Import Request.
  Time since last request: 0.006686 seconds.
  path: Assets/scripts/EnemigoMovimiento.cs
  artifactKey: Guid(8e30e785f96522b409f8eabeca4e3fc1) Importer(815301076,1909f56bfc062723c751e8b465ee728b)
Start importing Assets/scripts/EnemigoMovimiento.cs using Guid(8e30e785f96522b409f8eabeca4e3fc1) Importer(815301076,1909f56bfc062723c751e8b465ee728b) [PhysX] Initialized MultithreadedTaskDispatcher with 12 workers.
 -> (artifact id: '00000000000000000000000000000000') in 0.000488 seconds
Import Error Code:(4)
Message: Build asset version error: assets/scripts/enemigomovimiento.cs in SourceAssetDB has modification time of '2026-04-13T15:48:13.7223398Z' while content on disk has modification time of '2026-04-13T15:48:24.0788675Z'
  ERROR: Build asset version error: assets/scripts/enemigomovimiento.cs in SourceAssetDB has modification time of '2026-04-13T15:48:13.7223398Z' while content on disk has modification time of '2026-04-13T15:48:24.0788675Z'
Number of updated asset objects reloaded before import = 0
Number of asset objects unloaded after import = 0
========================================================================
Received Import Request.
  Time since last request: 0.006705 seconds.
  path: Assets/scripts/EnemigoMovimiento.cs
  artifactKey: Guid(8e30e785f96522b409f8eabeca4e3fc1) Importer(815301076,1909f56bfc062723c751e8b465ee728b)
Start importing Assets/scripts/EnemigoMovimiento.cs using Guid(8e30e785f96522b409f8eabeca4e3fc1) Importer(815301076,1909f56bfc062723c751e8b465ee728b) [PhysX] Initialized MultithreadedTaskDispatcher with 12 workers.
 -> (artifact id: '00000000000000000000000000000000') in 0.000488 seconds
Import Error Code:(4)
Message: Build asset version error: assets/scripts/enemigomovimiento.cs in SourceAssetDB has modification time of '2026-04-13T15:48:13.7223398Z' while content on disk has modification time of '2026-04-13T15:48:24.0788675Z'
  ERROR: Build asset version error: assets/scripts/enemigomovimiento.cs in SourceAssetDB has modification time of '2026-04-13T15:48:13.7223398Z' while content on disk has modification time of '2026-04-13T15:48:24.0788675Z'
Number of updated asset objects reloaded before import = 0
Number of asset objects unloaded after import = 0
========================================================================
Received Import Request.
  Time since last request: 0.006610 seconds.
  path: Assets/scripts/EnemigoMovimiento.cs
  artifactKey: Guid(8e30e785f96522b409f8eabeca4e3fc1) Importer(815301076,1909f56bfc062723c751e8b465ee728b)
Start importing Assets/scripts/EnemigoMovimiento.cs using Guid(8e30e785f96522b409f8eabeca4e3fc1) Importer(815301076,1909f56bfc062723c751e8b465ee728b) [PhysX] Initialized MultithreadedTaskDispatcher with 12 workers.
 -> (artifact id: '00000000000000000000000000000000') in 0.000493 seconds
Import Error Code:(4)
Message: Build asset version error: assets/scripts/enemigomovimiento.cs in SourceAssetDB has modification time of '2026-04-13T15:48:13.7223398Z' while content on disk has modification time of '2026-04-13T15:48:24.0788675Z'
  ERROR: Build asset version error: assets/scripts/enemigomovimiento.cs in SourceAssetDB has modification time of '2026-04-13T15:48:13.7223398Z' while content on disk has modification time of '2026-04-13T15:48:24.0788675Z'
Number of updated asset objects reloaded before import = 0
Number of asset objects unloaded after import = 0
========================================================================
Received Import Request.
  Time since last request: 0.006631 seconds.
  path: Assets/scripts/EnemigoMovimiento.cs
  artifactKey: Guid(8e30e785f96522b409f8eabeca4e3fc1) Importer(815301076,1909f56bfc062723c751e8b465ee728b)
Start importing Assets/scripts/EnemigoMovimiento.cs using Guid(8e30e785f96522b409f8eabeca4e3fc1) Importer(815301076,1909f56bfc062723c751e8b465ee728b) [PhysX] Initialized MultithreadedTaskDispatcher with 12 workers.
 -> (artifact id: '00000000000000000000000000000000') in 0.000528 seconds
Import Error Code:(4)
Message: Build asset version error: assets/scripts/enemigomovimiento.cs in SourceAssetDB has modification time of '2026-04-13T15:48:13.7223398Z' while content on disk has modification time of '2026-04-13T15:48:24.0788675Z'
  ERROR: Build asset version error: assets/scripts/enemigomovimiento.cs in SourceAssetDB has modification time of '2026-04-13T15:48:13.7223398Z' while content on disk has modification time of '2026-04-13T15:48:24.0788675Z'
Number of updated asset objects reloaded before import = 0
Number of asset objects unloaded after import = 0
========================================================================
Received Import Request.
  Time since last request: 0.006099 seconds.
  path: Assets/scripts/EnemigoMovimiento.cs
  artifactKey: Guid(8e30e785f96522b409f8eabeca4e3fc1) Importer(815301076,1909f56bfc062723c751e8b465ee728b)
Start importing Assets/scripts/EnemigoMovimiento.cs using Guid(8e30e785f96522b409f8eabeca4e3fc1) Importer(815301076,1909f56bfc062723c751e8b465ee728b) [PhysX] Initialized MultithreadedTaskDispatcher with 12 workers.
 -> (artifact id: '00000000000000000000000000000000') in 0.000535 seconds
Import Error Code:(4)
Message: Build asset version error: assets/scripts/enemigomovimiento.cs in SourceAssetDB has modification time of '2026-04-13T15:48:13.7223398Z' while content on disk has modification time of '2026-04-13T15:48:24.0788675Z'
  ERROR: Build asset version error: assets/scripts/enemigomovimiento.cs in SourceAssetDB has modification time of '2026-04-13T15:48:13.7223398Z' while content on disk has modification time of '2026-04-13T15:48:24.0788675Z'
Number of updated asset objects reloaded before import = 0
Number of asset objects unloaded after import = 0
========================================================================
Received Import Request.
  Time since last request: 0.006543 seconds.
  path: Assets/scripts/EnemigoMovimiento.cs
  artifactKey: Guid(8e30e785f96522b409f8eabeca4e3fc1) Importer(815301076,1909f56bfc062723c751e8b465ee728b)
Start importing Assets/scripts/EnemigoMovimiento.cs using Guid(8e30e785f96522b409f8eabeca4e3fc1) Importer(815301076,1909f56bfc062723c751e8b465ee728b) [PhysX] Initialized MultithreadedTaskDispatcher with 12 workers.
 -> (artifact id: '00000000000000000000000000000000') in 0.000487 seconds
Import Error Code:(4)
Message: Build asset version error: assets/scripts/enemigomovimiento.cs in SourceAssetDB has modification time of '2026-04-13T15:48:13.7223398Z' while content on disk has modification time of '2026-04-13T15:48:24.0788675Z'
  ERROR: Build asset version error: assets/scripts/enemigomovimiento.cs in SourceAssetDB has modification time of '2026-04-13T15:48:13.7223398Z' while content on disk has modification time of '2026-04-13T15:48:24.0788675Z'
Number of updated asset objects reloaded before import = 0
Number of asset objects unloaded after import = 0
========================================================================
Received Import Request.
  Time since last request: 0.006786 seconds.
  path: Assets/scripts/EnemigoMovimiento.cs
  artifactKey: Guid(8e30e785f96522b409f8eabeca4e3fc1) Importer(815301076,1909f56bfc062723c751e8b465ee728b)
Start importing Assets/scripts/EnemigoMovimiento.cs using Guid(8e30e785f96522b409f8eabeca4e3fc1) Importer(815301076,1909f56bfc062723c751e8b465ee728b) [PhysX] Initialized MultithreadedTaskDispatcher with 12 workers.
 -> (artifact id: '00000000000000000000000000000000') in 0.000481 seconds
Import Error Code:(4)
Message: Build asset version error: assets/scripts/enemigomovimiento.cs in SourceAssetDB has modification time of '2026-04-13T15:48:13.7223398Z' while content on disk has modification time of '2026-04-13T15:48:24.0788675Z'
  ERROR: Build asset version error: assets/scripts/enemigomovimiento.cs in SourceAssetDB has modification time of '2026-04-13T15:48:13.7223398Z' while content on disk has modification time of '2026-04-13T15:48:24.0788675Z'
Number of updated asset objects reloaded before import = 0
Number of asset objects unloaded after import = 0
========================================================================
Received Import Request.
  Time since last request: 0.006568 seconds.
  path: Assets/scripts/EnemigoMovimiento.cs
  artifactKey: Guid(8e30e785f96522b409f8eabeca4e3fc1) Importer(815301076,1909f56bfc062723c751e8b465ee728b)
Start importing Assets/scripts/EnemigoMovimiento.cs using Guid(8e30e785f96522b409f8eabeca4e3fc1) Importer(815301076,1909f56bfc062723c751e8b465ee728b) [PhysX] Initialized MultithreadedTaskDispatcher with 12 workers.
 -> (artifact id: '00000000000000000000000000000000') in 0.000503 seconds
Import Error Code:(4)
Message: Build asset version error: assets/scripts/enemigomovimiento.cs in SourceAssetDB has modification time of '2026-04-13T15:48:13.7223398Z' while content on disk has modification time of '2026-04-13T15:48:24.0788675Z'
  ERROR: Build asset version error: assets/scripts/enemigomovimiento.cs in SourceAssetDB has modification time of '2026-04-13T15:48:13.7223398Z' while content on disk has modification time of '2026-04-13T15:48:24.0788675Z'
Number of updated asset objects reloaded before import = 0
Number of asset objects unloaded after import = 0
========================================================================
Received Import Request.
  Time since last request: 0.006292 seconds.
  path: Assets/scripts/EnemigoMovimiento.cs
  artifactKey: Guid(8e30e785f96522b409f8eabeca4e3fc1) Importer(815301076,1909f56bfc062723c751e8b465ee728b)
Start importing Assets/scripts/EnemigoMovimiento.cs using Guid(8e30e785f96522b409f8eabeca4e3fc1) Importer(815301076,1909f56bfc062723c751e8b465ee728b) [PhysX] Initialized MultithreadedTaskDispatcher with 12 workers.
 -> (artifact id: '00000000000000000000000000000000') in 0.000575 seconds
Import Error Code:(4)
Message: Build asset version error: assets/scripts/enemigomovimiento.cs in SourceAssetDB has modification time of '2026-04-13T15:48:13.7223398Z' while content on disk has modification time of '2026-04-13T15:48:24.0788675Z'
  ERROR: Build asset version error: assets/scripts/enemigomovimiento.cs in SourceAssetDB has modification time of '2026-04-13T15:48:13.7223398Z' while content on disk has modification time of '2026-04-13T15:48:24.0788675Z'
Number of updated asset objects reloaded before import = 0
Number of asset objects unloaded after import = 0
========================================================================
Received Import Request.
  Time since last request: 0.006626 seconds.
  path: Assets/scripts/EnemigoMovimiento.cs
  artifactKey: Guid(8e30e785f96522b409f8eabeca4e3fc1) Importer(815301076,1909f56bfc062723c751e8b465ee728b)
Start importing Assets/scripts/EnemigoMovimiento.cs using Guid(8e30e785f96522b409f8eabeca4e3fc1) Importer(815301076,1909f56bfc062723c751e8b465ee728b) [PhysX] Initialized MultithreadedTaskDispatcher with 12 workers.
 -> (artifact id: '00000000000000000000000000000000') in 0.000572 seconds
Import Error Code:(4)
Message: Build asset version error: assets/scripts/enemigomovimiento.cs in SourceAssetDB has modification time of '2026-04-13T15:48:13.7223398Z' while content on disk has modification time of '2026-04-13T15:48:24.0788675Z'
  ERROR: Build asset version error: assets/scripts/enemigomovimiento.cs in SourceAssetDB has modification time of '2026-04-13T15:48:13.7223398Z' while content on disk has modification time of '2026-04-13T15:48:24.0788675Z'
Number of updated asset objects reloaded before import = 0
Number of asset objects unloaded after import = 0
========================================================================
Received Import Request.
  Time since last request: 0.007954 seconds.
  path: Assets/scripts/EnemigoMovimiento.cs
  artifactKey: Guid(8e30e785f96522b409f8eabeca4e3fc1) Importer(815301076,1909f56bfc062723c751e8b465ee728b)
Start importing Assets/scripts/EnemigoMovimiento.cs using Guid(8e30e785f96522b409f8eabeca4e3fc1) Importer(815301076,1909f56bfc062723c751e8b465ee728b) [PhysX] Initialized MultithreadedTaskDispatcher with 12 workers.
 -> (artifact id: '00000000000000000000000000000000') in 0.000550 seconds
Import Error Code:(4)
Message: Build asset version error: assets/scripts/enemigomovimiento.cs in SourceAssetDB has modification time of '2026-04-13T15:48:13.7223398Z' while content on disk has modification time of '2026-04-13T15:48:24.0788675Z'
  ERROR: Build asset version error: assets/scripts/enemigomovimiento.cs in SourceAssetDB has modification time of '2026-04-13T15:48:13.7223398Z' while content on disk has modification time of '2026-04-13T15:48:24.0788675Z'
Number of updated asset objects reloaded before import = 0
Number of asset objects unloaded after import = 0
========================================================================
Received Import Request.
  Time since last request: 0.007468 seconds.
  path: Assets/scripts/EnemigoMovimiento.cs
  artifactKey: Guid(8e30e785f96522b409f8eabeca4e3fc1) Importer(815301076,1909f56bfc062723c751e8b465ee728b)
Start importing Assets/scripts/EnemigoMovimiento.cs using Guid(8e30e785f96522b409f8eabeca4e3fc1) Importer(815301076,1909f56bfc062723c751e8b465ee728b) [PhysX] Initialized MultithreadedTaskDispatcher with 12 workers.
 -> (artifact id: '00000000000000000000000000000000') in 0.000611 seconds
Import Error Code:(4)
Message: Build asset version error: assets/scripts/enemigomovimiento.cs in SourceAssetDB has modification time of '2026-04-13T15:48:13.7223398Z' while content on disk has modification time of '2026-04-13T15:48:24.0788675Z'
  ERROR: Build asset version error: assets/scripts/enemigomovimiento.cs in SourceAssetDB has modification time of '2026-04-13T15:48:13.7223398Z' while content on disk has modification time of '2026-04-13T15:48:24.0788675Z'
Number of updated asset objects reloaded before import = 0
Number of asset objects unloaded after import = 0
========================================================================
Received Import Request.
  Time since last request: 0.006429 seconds.
  path: Assets/scripts/EnemigoMovimiento.cs
  artifactKey: Guid(8e30e785f96522b409f8eabeca4e3fc1) Importer(815301076,1909f56bfc062723c751e8b465ee728b)
Start importing Assets/scripts/EnemigoMovimiento.cs using Guid(8e30e785f96522b409f8eabeca4e3fc1) Importer(815301076,1909f56bfc062723c751e8b465ee728b) [PhysX] Initialized MultithreadedTaskDispatcher with 12 workers.
 -> (artifact id: '00000000000000000000000000000000') in 0.000543 seconds
Import Error Code:(4)
Message: Build asset version error: assets/scripts/enemigomovimiento.cs in SourceAssetDB has modification time of '2026-04-13T15:48:13.7223398Z' while content on disk has modification time of '2026-04-13T15:48:24.0788675Z'
  ERROR: Build asset version error: assets/scripts/enemigomovimiento.cs in SourceAssetDB has modification time of '2026-04-13T15:48:13.7223398Z' while content on disk has modification time of '2026-04-13T15:48:24.0788675Z'
Number of updated asset objects reloaded before import = 0
Number of asset objects unloaded after import = 0
========================================================================
Received Import Request.
  Time since last request: 0.007404 seconds.
  path: Assets/scripts/EnemigoMovimiento.cs
  artifactKey: Guid(8e30e785f96522b409f8eabeca4e3fc1) Importer(815301076,1909f56bfc062723c751e8b465ee728b)
Start importing Assets/scripts/EnemigoMovimiento.cs using Guid(8e30e785f96522b409f8eabeca4e3fc1) Importer(815301076,1909f56bfc062723c751e8b465ee728b) [PhysX] Initialized MultithreadedTaskDispatcher with 12 workers.
 -> (artifact id: '00000000000000000000000000000000') in 0.000502 seconds
Import Error Code:(4)
Message: Build asset version error: assets/scripts/enemigomovimiento.cs in SourceAssetDB has modification time of '2026-04-13T15:48:13.7223398Z' while content on disk has modification time of '2026-04-13T15:48:24.0788675Z'
  ERROR: Build asset version error: assets/scripts/enemigomovimiento.cs in SourceAssetDB has modification time of '2026-04-13T15:48:13.7223398Z' while content on disk has modification time of '2026-04-13T15:48:24.0788675Z'
Number of updated asset objects reloaded before import = 0
Number of asset objects unloaded after import = 0
========================================================================
Received Import Request.
  Time since last request: 0.006410 seconds.
  path: Assets/scripts/EnemigoMovimiento.cs
  artifactKey: Guid(8e30e785f96522b409f8eabeca4e3fc1) Importer(815301076,1909f56bfc062723c751e8b465ee728b)
Start importing Assets/scripts/EnemigoMovimiento.cs using Guid(8e30e785f96522b409f8eabeca4e3fc1) Importer(815301076,1909f56bfc062723c751e8b465ee728b) [PhysX] Initialized MultithreadedTaskDispatcher with 12 workers.
 -> (artifact id: '00000000000000000000000000000000') in 0.000586 seconds
Import Error Code:(4)
Message: Build asset version error: assets/scripts/enemigomovimiento.cs in SourceAssetDB has modification time of '2026-04-13T15:48:13.7223398Z' while content on disk has modification time of '2026-04-13T15:48:24.0788675Z'
  ERROR: Build asset version error: assets/scripts/enemigomovimiento.cs in SourceAssetDB has modification time of '2026-04-13T15:48:13.7223398Z' while content on disk has modification time of '2026-04-13T15:48:24.0788675Z'
Number of updated asset objects reloaded before import = 0
Number of asset objects unloaded after import = 0
========================================================================
Received Import Request.
  Time since last request: 0.006063 seconds.
  path: Assets/scripts/EnemigoMovimiento.cs
  artifactKey: Guid(8e30e785f96522b409f8eabeca4e3fc1) Importer(815301076,1909f56bfc062723c751e8b465ee728b)
Start importing Assets/scripts/EnemigoMovimiento.cs using Guid(8e30e785f96522b409f8eabeca4e3fc1) Importer(815301076,1909f56bfc062723c751e8b465ee728b) [PhysX] Initialized MultithreadedTaskDispatcher with 12 workers.
 -> (artifact id: '00000000000000000000000000000000') in 0.000493 seconds
Import Error Code:(4)
Message: Build asset version error: assets/scripts/enemigomovimiento.cs in SourceAssetDB has modification time of '2026-04-13T15:48:13.7223398Z' while content on disk has modification time of '2026-04-13T15:48:24.0788675Z'
  ERROR: Build asset version error: assets/scripts/enemigomovimiento.cs in SourceAssetDB has modification time of '2026-04-13T15:48:13.7223398Z' while content on disk has modification time of '2026-04-13T15:48:24.0788675Z'
Number of updated asset objects reloaded before import = 0
Number of asset objects unloaded after import = 0
========================================================================
Received Import Request.
  Time since last request: 0.005432 seconds.
  path: Assets/scripts/EnemigoMovimiento.cs
  artifactKey: Guid(8e30e785f96522b409f8eabeca4e3fc1) Importer(815301076,1909f56bfc062723c751e8b465ee728b)
Start importing Assets/scripts/EnemigoMovimiento.cs using Guid(8e30e785f96522b409f8eabeca4e3fc1) Importer(815301076,1909f56bfc062723c751e8b465ee728b) [PhysX] Initialized MultithreadedTaskDispatcher with 12 workers.
 -> (artifact id: '00000000000000000000000000000000') in 0.000476 seconds
Import Error Code:(4)
Message: Build asset version error: assets/scripts/enemigomovimiento.cs in SourceAssetDB has modification time of '2026-04-13T15:48:13.7223398Z' while content on disk has modification time of '2026-04-13T15:48:24.0788675Z'
  ERROR: Build asset version error: assets/scripts/enemigomovimiento.cs in SourceAssetDB has modification time of '2026-04-13T15:48:13.7223398Z' while content on disk has modification time of '2026-04-13T15:48:24.0788675Z'
Number of updated asset objects reloaded before import = 0
Number of asset objects unloaded after import = 0
========================================================================
Received Import Request.
  Time since last request: 0.005863 seconds.
  path: Assets/scripts/EnemigoMovimiento.cs
  artifactKey: Guid(8e30e785f96522b409f8eabeca4e3fc1) Importer(815301076,1909f56bfc062723c751e8b465ee728b)
Start importing Assets/scripts/EnemigoMovimiento.cs using Guid(8e30e785f96522b409f8eabeca4e3fc1) Importer(815301076,1909f56bfc062723c751e8b465ee728b) [PhysX] Initialized MultithreadedTaskDispatcher with 12 workers.
 -> (artifact id: '00000000000000000000000000000000') in 0.000513 seconds
Import Error Code:(4)
Message: Build asset version error: assets/scripts/enemigomovimiento.cs in SourceAssetDB has modification time of '2026-04-13T15:48:13.7223398Z' while content on disk has modification time of '2026-04-13T15:48:24.0788675Z'
  ERROR: Build asset version error: assets/scripts/enemigomovimiento.cs in SourceAssetDB has modification time of '2026-04-13T15:48:13.7223398Z' while content on disk has modification time of '2026-04-13T15:48:24.0788675Z'
Number of updated asset objects reloaded before import = 0
Number of asset objects unloaded after import = 0
========================================================================
Received Import Request.
  Time since last request: 0.005336 seconds.
  path: Assets/scripts/EnemigoMovimiento.cs
  artifactKey: Guid(8e30e785f96522b409f8eabeca4e3fc1) Importer(815301076,1909f56bfc062723c751e8b465ee728b)
Start importing Assets/scripts/EnemigoMovimiento.cs using Guid(8e30e785f96522b409f8eabeca4e3fc1) Importer(815301076,1909f56bfc062723c751e8b465ee728b) [PhysX] Initialized MultithreadedTaskDispatcher with 12 workers.
 -> (artifact id: '00000000000000000000000000000000') in 0.000486 seconds
Import Error Code:(4)
Message: Build asset version error: assets/scripts/enemigomovimiento.cs in SourceAssetDB has modification time of '2026-04-13T15:48:13.7223398Z' while content on disk has modification time of '2026-04-13T15:48:24.0788675Z'
  ERROR: Build asset version error: assets/scripts/enemigomovimiento.cs in SourceAssetDB has modification time of '2026-04-13T15:48:13.7223398Z' while content on disk has modification time of '2026-04-13T15:48:24.0788675Z'
Number of updated asset objects reloaded before import = 0
Number of asset objects unloaded after import = 0
========================================================================
Received Import Request.
  Time since last request: 0.005616 seconds.
  path: Assets/scripts/EnemigoMovimiento.cs
  artifactKey: Guid(8e30e785f96522b409f8eabeca4e3fc1) Importer(815301076,1909f56bfc062723c751e8b465ee728b)
Start importing Assets/scripts/EnemigoMovimiento.cs using Guid(8e30e785f96522b409f8eabeca4e3fc1) Importer(815301076,1909f56bfc062723c751e8b465ee728b) [PhysX] Initialized MultithreadedTaskDispatcher with 12 workers.
 -> (artifact id: '00000000000000000000000000000000') in 0.000497 seconds
Import Error Code:(4)
Message: Build asset version error: assets/scripts/enemigomovimiento.cs in SourceAssetDB has modification time of '2026-04-13T15:48:13.7223398Z' while content on disk has modification time of '2026-04-13T15:48:24.0788675Z'
  ERROR: Build asset version error: assets/scripts/enemigomovimiento.cs in SourceAssetDB has modification time of '2026-04-13T15:48:13.7223398Z' while content on disk has modification time of '2026-04-13T15:48:24.0788675Z'
Number of updated asset objects reloaded before import = 0
Number of asset objects unloaded after import = 0
========================================================================
Received Import Request.
  Time since last request: 0.005448 seconds.
  path: Assets/scripts/EnemigoMovimiento.cs
  artifactKey: Guid(8e30e785f96522b409f8eabeca4e3fc1) Importer(815301076,1909f56bfc062723c751e8b465ee728b)
Start importing Assets/scripts/EnemigoMovimiento.cs using Guid(8e30e785f96522b409f8eabeca4e3fc1) Importer(815301076,1909f56bfc062723c751e8b465ee728b) [PhysX] Initialized MultithreadedTaskDispatcher with 12 workers.
 -> (artifact id: '00000000000000000000000000000000') in 0.000476 seconds
Import Error Code:(4)
Message: Build asset version error: assets/scripts/enemigomovimiento.cs in SourceAssetDB has modification time of '2026-04-13T15:48:13.7223398Z' while content on disk has modification time of '2026-04-13T15:48:24.0788675Z'
  ERROR: Build asset version error: assets/scripts/enemigomovimiento.cs in SourceAssetDB has modification time of '2026-04-13T15:48:13.7223398Z' while content on disk has modification time of '2026-04-13T15:48:24.0788675Z'
Number of updated asset objects reloaded before import = 0
Number of asset objects unloaded after import = 0
========================================================================
Received Import Request.
  Time since last request: 0.005638 seconds.
  path: Assets/scripts/EnemigoMovimiento.cs
  artifactKey: Guid(8e30e785f96522b409f8eabeca4e3fc1) Importer(815301076,1909f56bfc062723c751e8b465ee728b)
Start importing Assets/scripts/EnemigoMovimiento.cs using Guid(8e30e785f96522b409f8eabeca4e3fc1) Importer(815301076,1909f56bfc062723c751e8b465ee728b) [PhysX] Initialized MultithreadedTaskDispatcher with 12 workers.
 -> (artifact id: '00000000000000000000000000000000') in 0.000623 seconds
Import Error Code:(4)
Message: Build asset version error: assets/scripts/enemigomovimiento.cs in SourceAssetDB has modification time of '2026-04-13T15:48:13.7223398Z' while content on disk has modification time of '2026-04-13T15:48:24.0788675Z'
  ERROR: Build asset version error: assets/scripts/enemigomovimiento.cs in SourceAssetDB has modification time of '2026-04-13T15:48:13.7223398Z' while content on disk has modification time of '2026-04-13T15:48:24.0788675Z'
Number of updated asset objects reloaded before import = 0
Number of asset objects unloaded after import = 0
========================================================================
Received Import Request.
  Time since last request: 0.006200 seconds.
  path: Assets/scripts/EnemigoMovimiento.cs
  artifactKey: Guid(8e30e785f96522b409f8eabeca4e3fc1) Importer(815301076,1909f56bfc062723c751e8b465ee728b)
Start importing Assets/scripts/EnemigoMovimiento.cs using Guid(8e30e785f96522b409f8eabeca4e3fc1) Importer(815301076,1909f56bfc062723c751e8b465ee728b) [PhysX] Initialized MultithreadedTaskDispatcher with 12 workers.
 -> (artifact id: '00000000000000000000000000000000') in 0.000491 seconds
Import Error Code:(4)
Message: Build asset version error: assets/scripts/enemigomovimiento.cs in SourceAssetDB has modification time of '2026-04-13T15:48:13.7223398Z' while content on disk has modification time of '2026-04-13T15:48:24.0788675Z'
  ERROR: Build asset version error: assets/scripts/enemigomovimiento.cs in SourceAssetDB has modification time of '2026-04-13T15:48:13.7223398Z' while content on disk has modification time of '2026-04-13T15:48:24.0788675Z'
Number of updated asset objects reloaded before import = 0
Number of asset objects unloaded after import = 0
========================================================================
Received Import Request.
  Time since last request: 0.005941 seconds.
  path: Assets/scripts/EnemigoMovimiento.cs
  artifactKey: Guid(8e30e785f96522b409f8eabeca4e3fc1) Importer(815301076,1909f56bfc062723c751e8b465ee728b)
Start importing Assets/scripts/EnemigoMovimiento.cs using Guid(8e30e785f96522b409f8eabeca4e3fc1) Importer(815301076,1909f56bfc062723c751e8b465ee728b) [PhysX] Initialized MultithreadedTaskDispatcher with 12 workers.
 -> (artifact id: '00000000000000000000000000000000') in 0.000502 seconds
Import Error Code:(4)
Message: Build asset version error: assets/scripts/enemigomovimiento.cs in SourceAssetDB has modification time of '2026-04-13T15:48:13.7223398Z' while content on disk has modification time of '2026-04-13T15:48:24.0788675Z'
  ERROR: Build asset version error: assets/scripts/enemigomovimiento.cs in SourceAssetDB has modification time of '2026-04-13T15:48:13.7223398Z' while content on disk has modification time of '2026-04-13T15:48:24.0788675Z'
Number of updated asset objects reloaded before import = 0
Number of asset objects unloaded after import = 0
========================================================================
Received Import Request.
  Time since last request: 0.005971 seconds.
  path: Assets/scripts/EnemigoMovimiento.cs
  artifactKey: Guid(8e30e785f96522b409f8eabeca4e3fc1) Importer(815301076,1909f56bfc062723c751e8b465ee728b)
Start importing Assets/scripts/EnemigoMovimiento.cs using Guid(8e30e785f96522b409f8eabeca4e3fc1) Importer(815301076,1909f56bfc062723c751e8b465ee728b) [PhysX] Initialized MultithreadedTaskDispatcher with 12 workers.
 -> (artifact id: '00000000000000000000000000000000') in 0.000507 seconds
Import Error Code:(4)
Message: Build asset version error: assets/scripts/enemigomovimiento.cs in SourceAssetDB has modification time of '2026-04-13T15:48:13.7223398Z' while content on disk has modification time of '2026-04-13T15:48:24.0788675Z'
  ERROR: Build asset version error: assets/scripts/enemigomovimiento.cs in SourceAssetDB has modification time of '2026-04-13T15:48:13.7223398Z' while content on disk has modification time of '2026-04-13T15:48:24.0788675Z'
Number of updated asset objects reloaded before import = 0
Number of asset objects unloaded after import = 0
========================================================================
Received Import Request.
  Time since last request: 0.005858 seconds.
  path: Assets/scripts/EnemigoMovimiento.cs
  artifactKey: Guid(8e30e785f96522b409f8eabeca4e3fc1) Importer(815301076,1909f56bfc062723c751e8b465ee728b)
Start importing Assets/scripts/EnemigoMovimiento.cs using Guid(8e30e785f96522b409f8eabeca4e3fc1) Importer(815301076,1909f56bfc062723c751e8b465ee728b) [PhysX] Initialized MultithreadedTaskDispatcher with 12 workers.
 -> (artifact id: '00000000000000000000000000000000') in 0.000493 seconds
Import Error Code:(4)
Message: Build asset version error: assets/scripts/enemigomovimiento.cs in SourceAssetDB has modification time of '2026-04-13T15:48:13.7223398Z' while content on disk has modification time of '2026-04-13T15:48:24.0788675Z'
  ERROR: Build asset version error: assets/scripts/enemigomovimiento.cs in SourceAssetDB has modification time of '2026-04-13T15:48:13.7223398Z' while content on disk has modification time of '2026-04-13T15:48:24.0788675Z'
Number of updated asset objects reloaded before import = 0
Number of asset objects unloaded after import = 0
========================================================================
Received Import Request.
  Time since last request: 0.006185 seconds.
  path: Assets/scripts/EnemigoMovimiento.cs
  artifactKey: Guid(8e30e785f96522b409f8eabeca4e3fc1) Importer(815301076,1909f56bfc062723c751e8b465ee728b)
Start importing Assets/scripts/EnemigoMovimiento.cs using Guid(8e30e785f96522b409f8eabeca4e3fc1) Importer(815301076,1909f56bfc062723c751e8b465ee728b) [PhysX] Initialized MultithreadedTaskDispatcher with 12 workers.
 -> (artifact id: '00000000000000000000000000000000') in 0.000476 seconds
Import Error Code:(4)
Message: Build asset version error: assets/scripts/enemigomovimiento.cs in SourceAssetDB has modification time of '2026-04-13T15:48:13.7223398Z' while content on disk has modification time of '2026-04-13T15:48:24.0788675Z'
  ERROR: Build asset version error: assets/scripts/enemigomovimiento.cs in SourceAssetDB has modification time of '2026-04-13T15:48:13.7223398Z' while content on disk has modification time of '2026-04-13T15:48:24.0788675Z'
Number of updated asset objects reloaded before import = 0
Number of asset objects unloaded after import = 0
========================================================================
Received Import Request.
  Time since last request: 0.005662 seconds.
  path: Assets/scripts/EnemigoMovimiento.cs
  artifactKey: Guid(8e30e785f96522b409f8eabeca4e3fc1) Importer(815301076,1909f56bfc062723c751e8b465ee728b)
Start importing Assets/scripts/EnemigoMovimiento.cs using Guid(8e30e785f96522b409f8eabeca4e3fc1) Importer(815301076,1909f56bfc062723c751e8b465ee728b) [PhysX] Initialized MultithreadedTaskDispatcher with 12 workers.
 -> (artifact id: '00000000000000000000000000000000') in 0.000469 seconds
Import Error Code:(4)
Message: Build asset version error: assets/scripts/enemigomovimiento.cs in SourceAssetDB has modification time of '2026-04-13T15:48:13.7223398Z' while content on disk has modification time of '2026-04-13T15:48:24.0788675Z'
  ERROR: Build asset version error: assets/scripts/enemigomovimiento.cs in SourceAssetDB has modification time of '2026-04-13T15:48:13.7223398Z' while content on disk has modification time of '2026-04-13T15:48:24.0788675Z'
Number of updated asset objects reloaded before import = 0
Number of asset objects unloaded after import = 0
========================================================================
Received Import Request.
  Time since last request: 0.005897 seconds.
  path: Assets/scripts/EnemigoMovimiento.cs
  artifactKey: Guid(8e30e785f96522b409f8eabeca4e3fc1) Importer(815301076,1909f56bfc062723c751e8b465ee728b)
Start importing Assets/scripts/EnemigoMovimiento.cs using Guid(8e30e785f96522b409f8eabeca4e3fc1) Importer(815301076,1909f56bfc062723c751e8b465ee728b) [PhysX] Initialized MultithreadedTaskDispatcher with 12 workers.
 -> (artifact id: '00000000000000000000000000000000') in 0.000496 seconds
Import Error Code:(4)
Message: Build asset version error: assets/scripts/enemigomovimiento.cs in SourceAssetDB has modification time of '2026-04-13T15:48:13.7223398Z' while content on disk has modification time of '2026-04-13T15:48:24.0788675Z'
  ERROR: Build asset version error: assets/scripts/enemigomovimiento.cs in SourceAssetDB has modification time of '2026-04-13T15:48:13.7223398Z' while content on disk has modification time of '2026-04-13T15:48:24.0788675Z'
Number of updated asset objects reloaded before import = 0
Number of asset objects unloaded after import = 0
========================================================================
Received Import Request.
  Time since last request: 0.005630 seconds.
  path: Assets/scripts/EnemigoMovimiento.cs
  artifactKey: Guid(8e30e785f96522b409f8eabeca4e3fc1) Importer(815301076,1909f56bfc062723c751e8b465ee728b)
Start importing Assets/scripts/EnemigoMovimiento.cs using Guid(8e30e785f96522b409f8eabeca4e3fc1) Importer(815301076,1909f56bfc062723c751e8b465ee728b) [PhysX] Initialized MultithreadedTaskDispatcher with 12 workers.
 -> (artifact id: '00000000000000000000000000000000') in 0.000486 seconds
Import Error Code:(4)
Message: Build asset version error: assets/scripts/enemigomovimiento.cs in SourceAssetDB has modification time of '2026-04-13T15:48:13.7223398Z' while content on disk has modification time of '2026-04-13T15:48:24.0788675Z'
  ERROR: Build asset version error: assets/scripts/enemigomovimiento.cs in SourceAssetDB has modification time of '2026-04-13T15:48:13.7223398Z' while content on disk has modification time of '2026-04-13T15:48:24.0788675Z'
Number of updated asset objects reloaded before import = 0
Number of asset objects unloaded after import = 0
========================================================================
Received Import Request.
  Time since last request: 0.005349 seconds.
  path: Assets/scripts/EnemigoMovimiento.cs
  artifactKey: Guid(8e30e785f96522b409f8eabeca4e3fc1) Importer(815301076,1909f56bfc062723c751e8b465ee728b)
Start importing Assets/scripts/EnemigoMovimiento.cs using Guid(8e30e785f96522b409f8eabeca4e3fc1) Importer(815301076,1909f56bfc062723c751e8b465ee728b) [PhysX] Initialized MultithreadedTaskDispatcher with 12 workers.
 -> (artifact id: '00000000000000000000000000000000') in 0.000607 seconds
Import Error Code:(4)
Message: Build asset version error: assets/scripts/enemigomovimiento.cs in SourceAssetDB has modification time of '2026-04-13T15:48:13.7223398Z' while content on disk has modification time of '2026-04-13T15:48:24.0788675Z'
  ERROR: Build asset version error: assets/scripts/enemigomovimiento.cs in SourceAssetDB has modification time of '2026-04-13T15:48:13.7223398Z' while content on disk has modification time of '2026-04-13T15:48:24.0788675Z'
Number of updated asset objects reloaded before import = 0
Number of asset objects unloaded after import = 0
========================================================================
Received Import Request.
  Time since last request: 0.005777 seconds.
  path: Assets/scripts/EnemigoMovimiento.cs
  artifactKey: Guid(8e30e785f96522b409f8eabeca4e3fc1) Importer(815301076,1909f56bfc062723c751e8b465ee728b)
Start importing Assets/scripts/EnemigoMovimiento.cs using Guid(8e30e785f96522b409f8eabeca4e3fc1) Importer(815301076,1909f56bfc062723c751e8b465ee728b) [PhysX] Initialized MultithreadedTaskDispatcher with 12 workers.
 -> (artifact id: '00000000000000000000000000000000') in 0.000486 seconds
Import Error Code:(4)
Message: Build asset version error: assets/scripts/enemigomovimiento.cs in SourceAssetDB has modification time of '2026-04-13T15:48:13.7223398Z' while content on disk has modification time of '2026-04-13T15:48:24.0788675Z'
  ERROR: Build asset version error: assets/scripts/enemigomovimiento.cs in SourceAssetDB has modification time of '2026-04-13T15:48:13.7223398Z' while content on disk has modification time of '2026-04-13T15:48:24.0788675Z'
Number of updated asset objects reloaded before import = 0
Number of asset objects unloaded after import = 0
========================================================================
Received Import Request.
  Time since last request: 0.005278 seconds.
  path: Assets/scripts/EnemigoMovimiento.cs
  artifactKey: Guid(8e30e785f96522b409f8eabeca4e3fc1) Importer(815301076,1909f56bfc062723c751e8b465ee728b)
Start importing Assets/scripts/EnemigoMovimiento.cs using Guid(8e30e785f96522b409f8eabeca4e3fc1) Importer(815301076,1909f56bfc062723c751e8b465ee728b) [PhysX] Initialized MultithreadedTaskDispatcher with 12 workers.
 -> (artifact id: '00000000000000000000000000000000') in 0.000478 seconds
Import Error Code:(4)
Message: Build asset version error: assets/scripts/enemigomovimiento.cs in SourceAssetDB has modification time of '2026-04-13T15:48:13.7223398Z' while content on disk has modification time of '2026-04-13T15:48:24.0788675Z'
  ERROR: Build asset version error: assets/scripts/enemigomovimiento.cs in SourceAssetDB has modification time of '2026-04-13T15:48:13.7223398Z' while content on disk has modification time of '2026-04-13T15:48:24.0788675Z'
Number of updated asset objects reloaded before import = 0
Number of asset objects unloaded after import = 0
========================================================================
Received Import Request.
  Time since last request: 0.006062 seconds.
  path: Assets/scripts/EnemigoMovimiento.cs
  artifactKey: Guid(8e30e785f96522b409f8eabeca4e3fc1) Importer(815301076,1909f56bfc062723c751e8b465ee728b)
Start importing Assets/scripts/EnemigoMovimiento.cs using Guid(8e30e785f96522b409f8eabeca4e3fc1) Importer(815301076,1909f56bfc062723c751e8b465ee728b) [PhysX] Initialized MultithreadedTaskDispatcher with 12 workers.
 -> (artifact id: '00000000000000000000000000000000') in 0.000468 seconds
Import Error Code:(4)
Message: Build asset version error: assets/scripts/enemigomovimiento.cs in SourceAssetDB has modification time of '2026-04-13T15:48:13.7223398Z' while content on disk has modification time of '2026-04-13T15:48:24.0788675Z'
  ERROR: Build asset version error: assets/scripts/enemigomovimiento.cs in SourceAssetDB has modification time of '2026-04-13T15:48:13.7223398Z' while content on disk has modification time of '2026-04-13T15:48:24.0788675Z'
Number of updated asset objects reloaded before import = 0
Number of asset objects unloaded after import = 0
========================================================================
Received Import Request.
  Time since last request: 0.005164 seconds.
  path: Assets/scripts/EnemigoMovimiento.cs
  artifactKey: Guid(8e30e785f96522b409f8eabeca4e3fc1) Importer(815301076,1909f56bfc062723c751e8b465ee728b)
Start importing Assets/scripts/EnemigoMovimiento.cs using Guid(8e30e785f96522b409f8eabeca4e3fc1) Importer(815301076,1909f56bfc062723c751e8b465ee728b) [PhysX] Initialized MultithreadedTaskDispatcher with 12 workers.
 -> (artifact id: '00000000000000000000000000000000') in 0.000441 seconds
Import Error Code:(4)
Message: Build asset version error: assets/scripts/enemigomovimiento.cs in SourceAssetDB has modification time of '2026-04-13T15:48:13.7223398Z' while content on disk has modification time of '2026-04-13T15:48:24.0788675Z'
  ERROR: Build asset version error: assets/scripts/enemigomovimiento.cs in SourceAssetDB has modification time of '2026-04-13T15:48:13.7223398Z' while content on disk has modification time of '2026-04-13T15:48:24.0788675Z'
Number of updated asset objects reloaded before import = 0
Number of asset objects unloaded after import = 0
========================================================================
Received Import Request.
  Time since last request: 0.005865 seconds.
  path: Assets/scripts/EnemigoMovimiento.cs
  artifactKey: Guid(8e30e785f96522b409f8eabeca4e3fc1) Importer(815301076,1909f56bfc062723c751e8b465ee728b)
Start importing Assets/scripts/EnemigoMovimiento.cs using Guid(8e30e785f96522b409f8eabeca4e3fc1) Importer(815301076,1909f56bfc062723c751e8b465ee728b) [PhysX] Initialized MultithreadedTaskDispatcher with 12 workers.
 -> (artifact id: '00000000000000000000000000000000') in 0.000503 seconds
Import Error Code:(4)
Message: Build asset version error: assets/scripts/enemigomovimiento.cs in SourceAssetDB has modification time of '2026-04-13T15:48:13.7223398Z' while content on disk has modification time of '2026-04-13T15:48:24.0788675Z'
  ERROR: Build asset version error: assets/scripts/enemigomovimiento.cs in SourceAssetDB has modification time of '2026-04-13T15:48:13.7223398Z' while content on disk has modification time of '2026-04-13T15:48:24.0788675Z'
Number of updated asset objects reloaded before import = 0
Number of asset objects unloaded after import = 0
========================================================================
Received Import Request.
  Time since last request: 0.005903 seconds.
  path: Assets/scripts/EnemigoMovimiento.cs
  artifactKey: Guid(8e30e785f96522b409f8eabeca4e3fc1) Importer(815301076,1909f56bfc062723c751e8b465ee728b)
Start importing Assets/scripts/EnemigoMovimiento.cs using Guid(8e30e785f96522b409f8eabeca4e3fc1) Importer(815301076,1909f56bfc062723c751e8b465ee728b) [PhysX] Initialized MultithreadedTaskDispatcher with 12 workers.
 -> (artifact id: '00000000000000000000000000000000') in 0.000522 seconds
Import Error Code:(4)
Message: Build asset version error: assets/scripts/enemigomovimiento.cs in SourceAssetDB has modification time of '2026-04-13T15:48:13.7223398Z' while content on disk has modification time of '2026-04-13T15:48:24.0788675Z'
  ERROR: Build asset version error: assets/scripts/enemigomovimiento.cs in SourceAssetDB has modification time of '2026-04-13T15:48:13.7223398Z' while content on disk has modification time of '2026-04-13T15:48:24.0788675Z'
Number of updated asset objects reloaded before import = 0
Number of asset objects unloaded after import = 0
========================================================================
Received Import Request.
  Time since last request: 0.005797 seconds.
  path: Assets/scripts/EnemigoMovimiento.cs
  artifactKey: Guid(8e30e785f96522b409f8eabeca4e3fc1) Importer(815301076,1909f56bfc062723c751e8b465ee728b)
Start importing Assets/scripts/EnemigoMovimiento.cs using Guid(8e30e785f96522b409f8eabeca4e3fc1) Importer(815301076,1909f56bfc062723c751e8b465ee728b) [PhysX] Initialized MultithreadedTaskDispatcher with 12 workers.
 -> (artifact id: '00000000000000000000000000000000') in 0.000522 seconds
Import Error Code:(4)
Message: Build asset version error: assets/scripts/enemigomovimiento.cs in SourceAssetDB has modification time of '2026-04-13T15:48:13.7223398Z' while content on disk has modification time of '2026-04-13T15:48:24.0788675Z'
  ERROR: Build asset version error: assets/scripts/enemigomovimiento.cs in SourceAssetDB has modification time of '2026-04-13T15:48:13.7223398Z' while content on disk has modification time of '2026-04-13T15:48:24.0788675Z'
Number of updated asset objects reloaded before import = 0
Number of asset objects unloaded after import = 0
========================================================================
Received Import Request.
  Time since last request: 0.005265 seconds.
  path: Assets/scripts/EnemigoMovimiento.cs
  artifactKey: Guid(8e30e785f96522b409f8eabeca4e3fc1) Importer(815301076,1909f56bfc062723c751e8b465ee728b)
Start importing Assets/scripts/EnemigoMovimiento.cs using Guid(8e30e785f96522b409f8eabeca4e3fc1) Importer(815301076,1909f56bfc062723c751e8b465ee728b) [PhysX] Initialized MultithreadedTaskDispatcher with 12 workers.
 -> (artifact id: '00000000000000000000000000000000') in 0.000463 seconds
Import Error Code:(4)
Message: Build asset version error: assets/scripts/enemigomovimiento.cs in SourceAssetDB has modification time of '2026-04-13T15:48:13.7223398Z' while content on disk has modification time of '2026-04-13T15:48:24.0788675Z'
  ERROR: Build asset version error: assets/scripts/enemigomovimiento.cs in SourceAssetDB has modification time of '2026-04-13T15:48:13.7223398Z' while content on disk has modification time of '2026-04-13T15:48:24.0788675Z'
Number of updated asset objects reloaded before import = 0
Number of asset objects unloaded after import = 0
========================================================================
Received Import Request.
  Time since last request: 0.005843 seconds.
  path: Assets/scripts/EnemigoMovimiento.cs
  artifactKey: Guid(8e30e785f96522b409f8eabeca4e3fc1) Importer(815301076,1909f56bfc062723c751e8b465ee728b)
Start importing Assets/scripts/EnemigoMovimiento.cs using Guid(8e30e785f96522b409f8eabeca4e3fc1) Importer(815301076,1909f56bfc062723c751e8b465ee728b) [PhysX] Initialized MultithreadedTaskDispatcher with 12 workers.
 -> (artifact id: '00000000000000000000000000000000') in 0.000508 seconds
Import Error Code:(4)
Message: Build asset version error: assets/scripts/enemigomovimiento.cs in SourceAssetDB has modification time of '2026-04-13T15:48:13.7223398Z' while content on disk has modification time of '2026-04-13T15:48:24.0788675Z'
  ERROR: Build asset version error: assets/scripts/enemigomovimiento.cs in SourceAssetDB has modification time of '2026-04-13T15:48:13.7223398Z' while content on disk has modification time of '2026-04-13T15:48:24.0788675Z'
Number of updated asset objects reloaded before import = 0
Number of asset objects unloaded after import = 0
========================================================================
Received Import Request.
  Time since last request: 0.006120 seconds.
  path: Assets/scripts/EnemigoMovimiento.cs
  artifactKey: Guid(8e30e785f96522b409f8eabeca4e3fc1) Importer(815301076,1909f56bfc062723c751e8b465ee728b)
Start importing Assets/scripts/EnemigoMovimiento.cs using Guid(8e30e785f96522b409f8eabeca4e3fc1) Importer(815301076,1909f56bfc062723c751e8b465ee728b) [PhysX] Initialized MultithreadedTaskDispatcher with 12 workers.
 -> (artifact id: '00000000000000000000000000000000') in 0.000479 seconds
Import Error Code:(4)
Message: Build asset version error: assets/scripts/enemigomovimiento.cs in SourceAssetDB has modification time of '2026-04-13T15:48:13.7223398Z' while content on disk has modification time of '2026-04-13T15:48:24.0788675Z'
  ERROR: Build asset version error: assets/scripts/enemigomovimiento.cs in SourceAssetDB has modification time of '2026-04-13T15:48:13.7223398Z' while content on disk has modification time of '2026-04-13T15:48:24.0788675Z'
Number of updated asset objects reloaded before import = 0
Number of asset objects unloaded after import = 0
========================================================================
Received Import Request.
  Time since last request: 0.005751 seconds.
  path: Assets/scripts/EnemigoMovimiento.cs
  artifactKey: Guid(8e30e785f96522b409f8eabeca4e3fc1) Importer(815301076,1909f56bfc062723c751e8b465ee728b)
Start importing Assets/scripts/EnemigoMovimiento.cs using Guid(8e30e785f96522b409f8eabeca4e3fc1) Importer(815301076,1909f56bfc062723c751e8b465ee728b) [PhysX] Initialized MultithreadedTaskDispatcher with 12 workers.
 -> (artifact id: '00000000000000000000000000000000') in 0.000463 seconds
Import Error Code:(4)
Message: Build asset version error: assets/scripts/enemigomovimiento.cs in SourceAssetDB has modification time of '2026-04-13T15:48:13.7223398Z' while content on disk has modification time of '2026-04-13T15:48:24.0788675Z'
  ERROR: Build asset version error: assets/scripts/enemigomovimiento.cs in SourceAssetDB has modification time of '2026-04-13T15:48:13.7223398Z' while content on disk has modification time of '2026-04-13T15:48:24.0788675Z'
Number of updated asset objects reloaded before import = 0
Number of asset objects unloaded after import = 0
========================================================================
Received Import Request.
  Time since last request: 0.005948 seconds.
  path: Assets/scripts/EnemigoMovimiento.cs
  artifactKey: Guid(8e30e785f96522b409f8eabeca4e3fc1) Importer(815301076,1909f56bfc062723c751e8b465ee728b)
Start importing Assets/scripts/EnemigoMovimiento.cs using Guid(8e30e785f96522b409f8eabeca4e3fc1) Importer(815301076,1909f56bfc062723c751e8b465ee728b) [PhysX] Initialized MultithreadedTaskDispatcher with 12 workers.
 -> (artifact id: '00000000000000000000000000000000') in 0.000480 seconds
Import Error Code:(4)
Message: Build asset version error: assets/scripts/enemigomovimiento.cs in SourceAssetDB has modification time of '2026-04-13T15:48:13.7223398Z' while content on disk has modification time of '2026-04-13T15:48:24.0788675Z'
  ERROR: Build asset version error: assets/scripts/enemigomovimiento.cs in SourceAssetDB has modification time of '2026-04-13T15:48:13.7223398Z' while content on disk has modification time of '2026-04-13T15:48:24.0788675Z'
Number of updated asset objects reloaded before import = 0
Number of asset objects unloaded after import = 0
========================================================================
Received Import Request.
  Time since last request: 0.005516 seconds.
  path: Assets/scripts/EnemigoMovimiento.cs
  artifactKey: Guid(8e30e785f96522b409f8eabeca4e3fc1) Importer(815301076,1909f56bfc062723c751e8b465ee728b)
Start importing Assets/scripts/EnemigoMovimiento.cs using Guid(8e30e785f96522b409f8eabeca4e3fc1) Importer(815301076,1909f56bfc062723c751e8b465ee728b) [PhysX] Initialized MultithreadedTaskDispatcher with 12 workers.
 -> (artifact id: '00000000000000000000000000000000') in 0.000480 seconds
Import Error Code:(4)
Message: Build asset version error: assets/scripts/enemigomovimiento.cs in SourceAssetDB has modification time of '2026-04-13T15:48:13.7223398Z' while content on disk has modification time of '2026-04-13T15:48:24.0788675Z'
  ERROR: Build asset version error: assets/scripts/enemigomovimiento.cs in SourceAssetDB has modification time of '2026-04-13T15:48:13.7223398Z' while content on disk has modification time of '2026-04-13T15:48:24.0788675Z'
Number of updated asset objects reloaded before import = 0
Number of asset objects unloaded after import = 0
========================================================================
Received Import Request.
  Time since last request: 0.005548 seconds.
  path: Assets/scripts/EnemigoMovimiento.cs
  artifactKey: Guid(8e30e785f96522b409f8eabeca4e3fc1) Importer(815301076,1909f56bfc062723c751e8b465ee728b)
Start importing Assets/scripts/EnemigoMovimiento.cs using Guid(8e30e785f96522b409f8eabeca4e3fc1) Importer(815301076,1909f56bfc062723c751e8b465ee728b) [PhysX] Initialized MultithreadedTaskDispatcher with 12 workers.
 -> (artifact id: '00000000000000000000000000000000') in 0.000500 seconds
Import Error Code:(4)
Message: Build asset version error: assets/scripts/enemigomovimiento.cs in SourceAssetDB has modification time of '2026-04-13T15:48:13.7223398Z' while content on disk has modification time of '2026-04-13T15:48:24.0788675Z'
  ERROR: Build asset version error: assets/scripts/enemigomovimiento.cs in SourceAssetDB has modification time of '2026-04-13T15:48:13.7223398Z' while content on disk has modification time of '2026-04-13T15:48:24.0788675Z'
Number of updated asset objects reloaded before import = 0
Number of asset objects unloaded after import = 0
========================================================================
Received Import Request.
  Time since last request: 0.008616 seconds.
  path: Assets/scripts/EnemigoMovimiento.cs
  artifactKey: Guid(8e30e785f96522b409f8eabeca4e3fc1) Importer(815301076,1909f56bfc062723c751e8b465ee728b)
Start importing Assets/scripts/EnemigoMovimiento.cs using Guid(8e30e785f96522b409f8eabeca4e3fc1) Importer(815301076,1909f56bfc062723c751e8b465ee728b) [PhysX] Initialized MultithreadedTaskDispatcher with 12 workers.
 -> (artifact id: '00000000000000000000000000000000') in 0.000693 seconds
Import Error Code:(4)
Message: Build asset version error: assets/scripts/enemigomovimiento.cs in SourceAssetDB has modification time of '2026-04-13T15:48:13.7223398Z' while content on disk has modification time of '2026-04-13T15:48:24.0788675Z'
  ERROR: Build asset version error: assets/scripts/enemigomovimiento.cs in SourceAssetDB has modification time of '2026-04-13T15:48:13.7223398Z' while content on disk has modification time of '2026-04-13T15:48:24.0788675Z'
Number of updated asset objects reloaded before import = 0
Number of asset objects unloaded after import = 0
========================================================================
Received Import Request.
  Time since last request: 0.009003 seconds.
  path: Assets/scripts/EnemigoMovimiento.cs
  artifactKey: Guid(8e30e785f96522b409f8eabeca4e3fc1) Importer(815301076,1909f56bfc062723c751e8b465ee728b)
Start importing Assets/scripts/EnemigoMovimiento.cs using Guid(8e30e785f96522b409f8eabeca4e3fc1) Importer(815301076,1909f56bfc062723c751e8b465ee728b) [PhysX] Initialized MultithreadedTaskDispatcher with 12 workers.
 -> (artifact id: '00000000000000000000000000000000') in 0.000503 seconds
Import Error Code:(4)
Message: Build asset version error: assets/scripts/enemigomovimiento.cs in SourceAssetDB has modification time of '2026-04-13T15:48:13.7223398Z' while content on disk has modification time of '2026-04-13T15:48:24.0788675Z'
  ERROR: Build asset version error: assets/scripts/enemigomovimiento.cs in SourceAssetDB has modification time of '2026-04-13T15:48:13.7223398Z' while content on disk has modification time of '2026-04-13T15:48:24.0788675Z'
Number of updated asset objects reloaded before import = 0
Number of asset objects unloaded after import = 0
========================================================================
Received Import Request.
  Time since last request: 0.006674 seconds.
  path: Assets/scripts/EnemigoMovimiento.cs
  artifactKey: Guid(8e30e785f96522b409f8eabeca4e3fc1) Importer(815301076,1909f56bfc062723c751e8b465ee728b)
Start importing Assets/scripts/EnemigoMovimiento.cs using Guid(8e30e785f96522b409f8eabeca4e3fc1) Importer(815301076,1909f56bfc062723c751e8b465ee728b) [PhysX] Initialized MultithreadedTaskDispatcher with 12 workers.
 -> (artifact id: '00000000000000000000000000000000') in 0.000654 seconds
Import Error Code:(4)
Message: Build asset version error: assets/scripts/enemigomovimiento.cs in SourceAssetDB has modification time of '2026-04-13T15:48:13.7223398Z' while content on disk has modification time of '2026-04-13T15:48:24.0788675Z'
  ERROR: Build asset version error: assets/scripts/enemigomovimiento.cs in SourceAssetDB has modification time of '2026-04-13T15:48:13.7223398Z' while content on disk has modification time of '2026-04-13T15:48:24.0788675Z'
Number of updated asset objects reloaded before import = 0
Number of asset objects unloaded after import = 0
========================================================================
Received Import Request.
  Time since last request: 0.006405 seconds.
  path: Assets/scripts/EnemigoMovimiento.cs
  artifactKey: Guid(8e30e785f96522b409f8eabeca4e3fc1) Importer(815301076,1909f56bfc062723c751e8b465ee728b)
Start importing Assets/scripts/EnemigoMovimiento.cs using Guid(8e30e785f96522b409f8eabeca4e3fc1) Importer(815301076,1909f56bfc062723c751e8b465ee728b) [PhysX] Initialized MultithreadedTaskDispatcher with 12 workers.
 -> (artifact id: '00000000000000000000000000000000') in 0.000496 seconds
Import Error Code:(4)
Message: Build asset version error: assets/scripts/enemigomovimiento.cs in SourceAssetDB has modification time of '2026-04-13T15:48:13.7223398Z' while content on disk has modification time of '2026-04-13T15:48:24.0788675Z'
  ERROR: Build asset version error: assets/scripts/enemigomovimiento.cs in SourceAssetDB has modification time of '2026-04-13T15:48:13.7223398Z' while content on disk has modification time of '2026-04-13T15:48:24.0788675Z'
Number of updated asset objects reloaded before import = 0
Number of asset objects unloaded after import = 0
========================================================================
Received Import Request.
  Time since last request: 0.005043 seconds.
  path: Assets/scripts/EnemigoMovimiento.cs
  artifactKey: Guid(8e30e785f96522b409f8eabeca4e3fc1) Importer(815301076,1909f56bfc062723c751e8b465ee728b)
Start importing Assets/scripts/EnemigoMovimiento.cs using Guid(8e30e785f96522b409f8eabeca4e3fc1) Importer(815301076,1909f56bfc062723c751e8b465ee728b) [PhysX] Initialized MultithreadedTaskDispatcher with 12 workers.
 -> (artifact id: '00000000000000000000000000000000') in 0.000519 seconds
Import Error Code:(4)
Message: Build asset version error: assets/scripts/enemigomovimiento.cs in SourceAssetDB has modification time of '2026-04-13T15:48:13.7223398Z' while content on disk has modification time of '2026-04-13T15:48:24.0788675Z'
  ERROR: Build asset version error: assets/scripts/enemigomovimiento.cs in SourceAssetDB has modification time of '2026-04-13T15:48:13.7223398Z' while content on disk has modification time of '2026-04-13T15:48:24.0788675Z'
Number of updated asset objects reloaded before import = 0
Number of asset objects unloaded after import = 0
========================================================================
Received Import Request.
  Time since last request: 0.006509 seconds.
  path: Assets/scripts/EnemigoMovimiento.cs
  artifactKey: Guid(8e30e785f96522b409f8eabeca4e3fc1) Importer(815301076,1909f56bfc062723c751e8b465ee728b)
Start importing Assets/scripts/EnemigoMovimiento.cs using Guid(8e30e785f96522b409f8eabeca4e3fc1) Importer(815301076,1909f56bfc062723c751e8b465ee728b) [PhysX] Initialized MultithreadedTaskDispatcher with 12 workers.
 -> (artifact id: '00000000000000000000000000000000') in 0.000477 seconds
Import Error Code:(4)
Message: Build asset version error: assets/scripts/enemigomovimiento.cs in SourceAssetDB has modification time of '2026-04-13T15:48:13.7223398Z' while content on disk has modification time of '2026-04-13T15:48:24.0788675Z'
  ERROR: Build asset version error: assets/scripts/enemigomovimiento.cs in SourceAssetDB has modification time of '2026-04-13T15:48:13.7223398Z' while content on disk has modification time of '2026-04-13T15:48:24.0788675Z'
Number of updated asset objects reloaded before import = 0
Number of asset objects unloaded after import = 0
========================================================================
Received Import Request.
  Time since last request: 0.006186 seconds.
  path: Assets/scripts/EnemigoMovimiento.cs
  artifactKey: Guid(8e30e785f96522b409f8eabeca4e3fc1) Importer(815301076,1909f56bfc062723c751e8b465ee728b)
Start importing Assets/scripts/EnemigoMovimiento.cs using Guid(8e30e785f96522b409f8eabeca4e3fc1) Importer(815301076,1909f56bfc062723c751e8b465ee728b) [PhysX] Initialized MultithreadedTaskDispatcher with 12 workers.
 -> (artifact id: '00000000000000000000000000000000') in 0.000502 seconds
Import Error Code:(4)
Message: Build asset version error: assets/scripts/enemigomovimiento.cs in SourceAssetDB has modification time of '2026-04-13T15:48:13.7223398Z' while content on disk has modification time of '2026-04-13T15:48:24.0788675Z'
  ERROR: Build asset version error: assets/scripts/enemigomovimiento.cs in SourceAssetDB has modification time of '2026-04-13T15:48:13.7223398Z' while content on disk has modification time of '2026-04-13T15:48:24.0788675Z'
Number of updated asset objects reloaded before import = 0
Number of asset objects unloaded after import = 0
========================================================================
Received Import Request.
  Time since last request: 0.007176 seconds.
  path: Assets/scripts/EnemigoMovimiento.cs
  artifactKey: Guid(8e30e785f96522b409f8eabeca4e3fc1) Importer(815301076,1909f56bfc062723c751e8b465ee728b)
Start importing Assets/scripts/EnemigoMovimiento.cs using Guid(8e30e785f96522b409f8eabeca4e3fc1) Importer(815301076,1909f56bfc062723c751e8b465ee728b) [PhysX] Initialized MultithreadedTaskDispatcher with 12 workers.
 -> (artifact id: '00000000000000000000000000000000') in 0.000605 seconds
Import Error Code:(4)
Message: Build asset version error: assets/scripts/enemigomovimiento.cs in SourceAssetDB has modification time of '2026-04-13T15:48:13.7223398Z' while content on disk has modification time of '2026-04-13T15:48:24.0788675Z'
  ERROR: Build asset version error: assets/scripts/enemigomovimiento.cs in SourceAssetDB has modification time of '2026-04-13T15:48:13.7223398Z' while content on disk has modification time of '2026-04-13T15:48:24.0788675Z'
Number of updated asset objects reloaded before import = 0
Number of asset objects unloaded after import = 0
========================================================================
Received Import Request.
  Time since last request: 0.010471 seconds.
  path: Assets/scripts/EnemigoMovimiento.cs
  artifactKey: Guid(8e30e785f96522b409f8eabeca4e3fc1) Importer(815301076,1909f56bfc062723c751e8b465ee728b)
Start importing Assets/scripts/EnemigoMovimiento.cs using Guid(8e30e785f96522b409f8eabeca4e3fc1) Importer(815301076,1909f56bfc062723c751e8b465ee728b) [PhysX] Initialized MultithreadedTaskDispatcher with 12 workers.
 -> (artifact id: '00000000000000000000000000000000') in 0.000486 seconds
Import Error Code:(4)
Message: Build asset version error: assets/scripts/enemigomovimiento.cs in SourceAssetDB has modification time of '2026-04-13T15:48:13.7223398Z' while content on disk has modification time of '2026-04-13T15:48:24.0788675Z'
  ERROR: Build asset version error: assets/scripts/enemigomovimiento.cs in SourceAssetDB has modification time of '2026-04-13T15:48:13.7223398Z' while content on disk has modification time of '2026-04-13T15:48:24.0788675Z'
Number of updated asset objects reloaded before import = 0
Number of asset objects unloaded after import = 0
========================================================================
Received Import Request.
  Time since last request: 0.009082 seconds.
  path: Assets/scripts/EnemigoMovimiento.cs
  artifactKey: Guid(8e30e785f96522b409f8eabeca4e3fc1) Importer(815301076,1909f56bfc062723c751e8b465ee728b)
Start importing Assets/scripts/EnemigoMovimiento.cs using Guid(8e30e785f96522b409f8eabeca4e3fc1) Importer(815301076,1909f56bfc062723c751e8b465ee728b) [PhysX] Initialized MultithreadedTaskDispatcher with 12 workers.
 -> (artifact id: '00000000000000000000000000000000') in 0.000517 seconds
Import Error Code:(4)
Message: Build asset version error: assets/scripts/enemigomovimiento.cs in SourceAssetDB has modification time of '2026-04-13T15:48:13.7223398Z' while content on disk has modification time of '2026-04-13T15:48:24.0788675Z'
  ERROR: Build asset version error: assets/scripts/enemigomovimiento.cs in SourceAssetDB has modification time of '2026-04-13T15:48:13.7223398Z' while content on disk has modification time of '2026-04-13T15:48:24.0788675Z'
Number of updated asset objects reloaded before import = 0
Number of asset objects unloaded after import = 0
========================================================================
Received Import Request.
  Time since last request: 0.009126 seconds.
  path: Assets/scripts/EnemigoMovimiento.cs
  artifactKey: Guid(8e30e785f96522b409f8eabeca4e3fc1) Importer(815301076,1909f56bfc062723c751e8b465ee728b)
Start importing Assets/scripts/EnemigoMovimiento.cs using Guid(8e30e785f96522b409f8eabeca4e3fc1) Importer(815301076,1909f56bfc062723c751e8b465ee728b) [PhysX] Initialized MultithreadedTaskDispatcher with 12 workers.
 -> (artifact id: '00000000000000000000000000000000') in 0.000520 seconds
Import Error Code:(4)
Message: Build asset version error: assets/scripts/enemigomovimiento.cs in SourceAssetDB has modification time of '2026-04-13T15:48:13.7223398Z' while content on disk has modification time of '2026-04-13T15:48:24.0788675Z'
  ERROR: Build asset version error: assets/scripts/enemigomovimiento.cs in SourceAssetDB has modification time of '2026-04-13T15:48:13.7223398Z' while content on disk has modification time of '2026-04-13T15:48:24.0788675Z'
Number of updated asset objects reloaded before import = 0
Number of asset objects unloaded after import = 0
========================================================================
Received Import Request.
  Time since last request: 0.008229 seconds.
  path: Assets/scripts/EnemigoMovimiento.cs
  artifactKey: Guid(8e30e785f96522b409f8eabeca4e3fc1) Importer(815301076,1909f56bfc062723c751e8b465ee728b)
Start importing Assets/scripts/EnemigoMovimiento.cs using Guid(8e30e785f96522b409f8eabeca4e3fc1) Importer(815301076,1909f56bfc062723c751e8b465ee728b) [PhysX] Initialized MultithreadedTaskDispatcher with 12 workers.
 -> (artifact id: '00000000000000000000000000000000') in 0.000598 seconds
Import Error Code:(4)
Message: Build asset version error: assets/scripts/enemigomovimiento.cs in SourceAssetDB has modification time of '2026-04-13T15:48:13.7223398Z' while content on disk has modification time of '2026-04-13T15:48:24.0788675Z'
  ERROR: Build asset version error: assets/scripts/enemigomovimiento.cs in SourceAssetDB has modification time of '2026-04-13T15:48:13.7223398Z' while content on disk has modification time of '2026-04-13T15:48:24.0788675Z'
Number of updated asset objects reloaded before import = 0
Number of asset objects unloaded after import = 0
========================================================================
Received Import Request.
  Time since last request: 0.016793 seconds.
  path: Assets/scripts/EnemigoMovimiento.cs
  artifactKey: Guid(8e30e785f96522b409f8eabeca4e3fc1) Importer(815301076,1909f56bfc062723c751e8b465ee728b)
Start importing Assets/scripts/EnemigoMovimiento.cs using Guid(8e30e785f96522b409f8eabeca4e3fc1) Importer(815301076,1909f56bfc062723c751e8b465ee728b) [PhysX] Initialized MultithreadedTaskDispatcher with 12 workers.
 -> (artifact id: '00000000000000000000000000000000') in 0.000522 seconds
Import Error Code:(4)
Message: Build asset version error: assets/scripts/enemigomovimiento.cs in SourceAssetDB has modification time of '2026-04-13T15:48:13.7223398Z' while content on disk has modification time of '2026-04-13T15:48:24.0788675Z'
  ERROR: Build asset version error: assets/scripts/enemigomovimiento.cs in SourceAssetDB has modification time of '2026-04-13T15:48:13.7223398Z' while content on disk has modification time of '2026-04-13T15:48:24.0788675Z'
Number of updated asset objects reloaded before import = 0
Number of asset objects unloaded after import = 0
========================================================================
Received Import Request.
  Time since last request: 0.006637 seconds.
  path: Assets/scripts/EnemigoMovimiento.cs
  artifactKey: Guid(8e30e785f96522b409f8eabeca4e3fc1) Importer(815301076,1909f56bfc062723c751e8b465ee728b)
Start importing Assets/scripts/EnemigoMovimiento.cs using Guid(8e30e785f96522b409f8eabeca4e3fc1) Importer(815301076,1909f56bfc062723c751e8b465ee728b) [PhysX] Initialized MultithreadedTaskDispatcher with 12 workers.
 -> (artifact id: '00000000000000000000000000000000') in 0.000515 seconds
Import Error Code:(4)
Message: Build asset version error: assets/scripts/enemigomovimiento.cs in SourceAssetDB has modification time of '2026-04-13T15:48:13.7223398Z' while content on disk has modification time of '2026-04-13T15:48:24.0788675Z'
  ERROR: Build asset version error: assets/scripts/enemigomovimiento.cs in SourceAssetDB has modification time of '2026-04-13T15:48:13.7223398Z' while content on disk has modification time of '2026-04-13T15:48:24.0788675Z'
Number of updated asset objects reloaded before import = 0
Number of asset objects unloaded after import = 0
========================================================================
Received Import Request.
  Time since last request: 0.007890 seconds.
  path: Assets/scripts/EnemigoMovimiento.cs
  artifactKey: Guid(8e30e785f96522b409f8eabeca4e3fc1) Importer(815301076,1909f56bfc062723c751e8b465ee728b)
Start importing Assets/scripts/EnemigoMovimiento.cs using Guid(8e30e785f96522b409f8eabeca4e3fc1) Importer(815301076,1909f56bfc062723c751e8b465ee728b) [PhysX] Initialized MultithreadedTaskDispatcher with 12 workers.
 -> (artifact id: '00000000000000000000000000000000') in 0.000622 seconds
Import Error Code:(4)
Message: Build asset version error: assets/scripts/enemigomovimiento.cs in SourceAssetDB has modification time of '2026-04-13T15:48:13.7223398Z' while content on disk has modification time of '2026-04-13T15:48:24.0788675Z'
  ERROR: Build asset version error: assets/scripts/enemigomovimiento.cs in SourceAssetDB has modification time of '2026-04-13T15:48:13.7223398Z' while content on disk has modification time of '2026-04-13T15:48:24.0788675Z'
Number of updated asset objects reloaded before import = 0
Number of asset objects unloaded after import = 0
========================================================================
Received Import Request.
  Time since last request: 0.006391 seconds.
  path: Assets/scripts/EnemigoMovimiento.cs
  artifactKey: Guid(8e30e785f96522b409f8eabeca4e3fc1) Importer(815301076,1909f56bfc062723c751e8b465ee728b)
Start importing Assets/scripts/EnemigoMovimiento.cs using Guid(8e30e785f96522b409f8eabeca4e3fc1) Importer(815301076,1909f56bfc062723c751e8b465ee728b) [PhysX] Initialized MultithreadedTaskDispatcher with 12 workers.
 -> (artifact id: '00000000000000000000000000000000') in 0.000813 seconds
Import Error Code:(4)
Message: Build asset version error: assets/scripts/enemigomovimiento.cs in SourceAssetDB has modification time of '2026-04-13T15:48:13.7223398Z' while content on disk has modification time of '2026-04-13T15:48:24.0788675Z'
  ERROR: Build asset version error: assets/scripts/enemigomovimiento.cs in SourceAssetDB has modification time of '2026-04-13T15:48:13.7223398Z' while content on disk has modification time of '2026-04-13T15:48:24.0788675Z'
Number of updated asset objects reloaded before import = 0
Number of asset objects unloaded after import = 0
========================================================================
Received Import Request.
  Time since last request: 0.006917 seconds.
  path: Assets/scripts/EnemigoMovimiento.cs
  artifactKey: Guid(8e30e785f96522b409f8eabeca4e3fc1) Importer(815301076,1909f56bfc062723c751e8b465ee728b)
Start importing Assets/scripts/EnemigoMovimiento.cs using Guid(8e30e785f96522b409f8eabeca4e3fc1) Importer(815301076,1909f56bfc062723c751e8b465ee728b) [PhysX] Initialized MultithreadedTaskDispatcher with 12 workers.
 -> (artifact id: '00000000000000000000000000000000') in 0.000501 seconds
Import Error Code:(4)
Message: Build asset version error: assets/scripts/enemigomovimiento.cs in SourceAssetDB has modification time of '2026-04-13T15:48:13.7223398Z' while content on disk has modification time of '2026-04-13T15:48:24.0788675Z'
  ERROR: Build asset version error: assets/scripts/enemigomovimiento.cs in SourceAssetDB has modification time of '2026-04-13T15:48:13.7223398Z' while content on disk has modification time of '2026-04-13T15:48:24.0788675Z'
Number of updated asset objects reloaded before import = 0
Number of asset objects unloaded after import = 0
========================================================================
Received Import Request.
  Time since last request: 0.007151 seconds.
  path: Assets/scripts/EnemigoMovimiento.cs
  artifactKey: Guid(8e30e785f96522b409f8eabeca4e3fc1) Importer(815301076,1909f56bfc062723c751e8b465ee728b)
Start importing Assets/scripts/EnemigoMovimiento.cs using Guid(8e30e785f96522b409f8eabeca4e3fc1) Importer(815301076,1909f56bfc062723c751e8b465ee728b) [PhysX] Initialized MultithreadedTaskDispatcher with 12 workers.
 -> (artifact id: '00000000000000000000000000000000') in 0.000574 seconds
Import Error Code:(4)
Message: Build asset version error: assets/scripts/enemigomovimiento.cs in SourceAssetDB has modification time of '2026-04-13T15:48:13.7223398Z' while content on disk has modification time of '2026-04-13T15:48:24.0788675Z'
  ERROR: Build asset version error: assets/scripts/enemigomovimiento.cs in SourceAssetDB has modification time of '2026-04-13T15:48:13.7223398Z' while content on disk has modification time of '2026-04-13T15:48:24.0788675Z'
Number of updated asset objects reloaded before import = 0
Number of asset objects unloaded after import = 0
========================================================================
Received Import Request.
  Time since last request: 0.007203 seconds.
  path: Assets/scripts/EnemigoMovimiento.cs
  artifactKey: Guid(8e30e785f96522b409f8eabeca4e3fc1) Importer(815301076,1909f56bfc062723c751e8b465ee728b)
Start importing Assets/scripts/EnemigoMovimiento.cs using Guid(8e30e785f96522b409f8eabeca4e3fc1) Importer(815301076,1909f56bfc062723c751e8b465ee728b) [PhysX] Initialized MultithreadedTaskDispatcher with 12 workers.
 -> (artifact id: '00000000000000000000000000000000') in 0.000496 seconds
Import Error Code:(4)
Message: Build asset version error: assets/scripts/enemigomovimiento.cs in SourceAssetDB has modification time of '2026-04-13T15:48:13.7223398Z' while content on disk has modification time of '2026-04-13T15:48:24.0788675Z'
  ERROR: Build asset version error: assets/scripts/enemigomovimiento.cs in SourceAssetDB has modification time of '2026-04-13T15:48:13.7223398Z' while content on disk has modification time of '2026-04-13T15:48:24.0788675Z'
Number of updated asset objects reloaded before import = 0
Number of asset objects unloaded after import = 0
========================================================================
Received Import Request.
  Time since last request: 0.006368 seconds.
  path: Assets/scripts/EnemigoMovimiento.cs
  artifactKey: Guid(8e30e785f96522b409f8eabeca4e3fc1) Importer(815301076,1909f56bfc062723c751e8b465ee728b)
Start importing Assets/scripts/EnemigoMovimiento.cs using Guid(8e30e785f96522b409f8eabeca4e3fc1) Importer(815301076,1909f56bfc062723c751e8b465ee728b) [PhysX] Initialized MultithreadedTaskDispatcher with 12 workers.
 -> (artifact id: '00000000000000000000000000000000') in 0.000571 seconds
Import Error Code:(4)
Message: Build asset version error: assets/scripts/enemigomovimiento.cs in SourceAssetDB has modification time of '2026-04-13T15:48:13.7223398Z' while content on disk has modification time of '2026-04-13T15:48:24.0788675Z'
  ERROR: Build asset version error: assets/scripts/enemigomovimiento.cs in SourceAssetDB has modification time of '2026-04-13T15:48:13.7223398Z' while content on disk has modification time of '2026-04-13T15:48:24.0788675Z'
Number of updated asset objects reloaded before import = 0
Number of asset objects unloaded after import = 0
========================================================================
Received Import Request.
  Time since last request: 0.006102 seconds.
  path: Assets/scripts/EnemigoMovimiento.cs
  artifactKey: Guid(8e30e785f96522b409f8eabeca4e3fc1) Importer(815301076,1909f56bfc062723c751e8b465ee728b)
Start importing Assets/scripts/EnemigoMovimiento.cs using Guid(8e30e785f96522b409f8eabeca4e3fc1) Importer(815301076,1909f56bfc062723c751e8b465ee728b) [PhysX] Initialized MultithreadedTaskDispatcher with 12 workers.
 -> (artifact id: '00000000000000000000000000000000') in 0.000579 seconds
Import Error Code:(4)
Message: Build asset version error: assets/scripts/enemigomovimiento.cs in SourceAssetDB has modification time of '2026-04-13T15:48:13.7223398Z' while content on disk has modification time of '2026-04-13T15:48:24.0788675Z'
  ERROR: Build asset version error: assets/scripts/enemigomovimiento.cs in SourceAssetDB has modification time of '2026-04-13T15:48:13.7223398Z' while content on disk has modification time of '2026-04-13T15:48:24.0788675Z'
Number of updated asset objects reloaded before import = 0
Number of asset objects unloaded after import = 0
========================================================================
Received Import Request.
  Time since last request: 0.006066 seconds.
  path: Assets/scripts/EnemigoMovimiento.cs
  artifactKey: Guid(8e30e785f96522b409f8eabeca4e3fc1) Importer(815301076,1909f56bfc062723c751e8b465ee728b)
Start importing Assets/scripts/EnemigoMovimiento.cs using Guid(8e30e785f96522b409f8eabeca4e3fc1) Importer(815301076,1909f56bfc062723c751e8b465ee728b) [PhysX] Initialized MultithreadedTaskDispatcher with 12 workers.
 -> (artifact id: '00000000000000000000000000000000') in 0.000591 seconds
Import Error Code:(4)
Message: Build asset version error: assets/scripts/enemigomovimiento.cs in SourceAssetDB has modification time of '2026-04-13T15:48:13.7223398Z' while content on disk has modification time of '2026-04-13T15:48:24.0788675Z'
  ERROR: Build asset version error: assets/scripts/enemigomovimiento.cs in SourceAssetDB has modification time of '2026-04-13T15:48:13.7223398Z' while content on disk has modification time of '2026-04-13T15:48:24.0788675Z'
Number of updated asset objects reloaded before import = 0
Number of asset objects unloaded after import = 0
========================================================================
Received Import Request.
  Time since last request: 0.008363 seconds.
  path: Assets/scripts/EnemigoMovimiento.cs
  artifactKey: Guid(8e30e785f96522b409f8eabeca4e3fc1) Importer(815301076,1909f56bfc062723c751e8b465ee728b)
Start importing Assets/scripts/EnemigoMovimiento.cs using Guid(8e30e785f96522b409f8eabeca4e3fc1) Importer(815301076,1909f56bfc062723c751e8b465ee728b) [PhysX] Initialized MultithreadedTaskDispatcher with 12 workers.
 -> (artifact id: '00000000000000000000000000000000') in 0.000514 seconds
Import Error Code:(4)
Message: Build asset version error: assets/scripts/enemigomovimiento.cs in SourceAssetDB has modification time of '2026-04-13T15:48:13.7223398Z' while content on disk has modification time of '2026-04-13T15:48:24.0788675Z'
  ERROR: Build asset version error: assets/scripts/enemigomovimiento.cs in SourceAssetDB has modification time of '2026-04-13T15:48:13.7223398Z' while content on disk has modification time of '2026-04-13T15:48:24.0788675Z'
Number of updated asset objects reloaded before import = 0
Number of asset objects unloaded after import = 0
========================================================================
Received Import Request.
  Time since last request: 0.007305 seconds.
  path: Assets/scripts/EnemigoMovimiento.cs
  artifactKey: Guid(8e30e785f96522b409f8eabeca4e3fc1) Importer(815301076,1909f56bfc062723c751e8b465ee728b)
Start importing Assets/scripts/EnemigoMovimiento.cs using Guid(8e30e785f96522b409f8eabeca4e3fc1) Importer(815301076,1909f56bfc062723c751e8b465ee728b) [PhysX] Initialized MultithreadedTaskDispatcher with 12 workers.
 -> (artifact id: '00000000000000000000000000000000') in 0.000477 seconds
Import Error Code:(4)
Message: Build asset version error: assets/scripts/enemigomovimiento.cs in SourceAssetDB has modification time of '2026-04-13T15:48:13.7223398Z' while content on disk has modification time of '2026-04-13T15:48:24.0788675Z'
  ERROR: Build asset version error: assets/scripts/enemigomovimiento.cs in SourceAssetDB has modification time of '2026-04-13T15:48:13.7223398Z' while content on disk has modification time of '2026-04-13T15:48:24.0788675Z'
Number of updated asset objects reloaded before import = 0
Number of asset objects unloaded after import = 0
========================================================================
Received Import Request.
  Time since last request: 0.006629 seconds.
  path: Assets/scripts/EnemigoMovimiento.cs
  artifactKey: Guid(8e30e785f96522b409f8eabeca4e3fc1) Importer(815301076,1909f56bfc062723c751e8b465ee728b)
Start importing Assets/scripts/EnemigoMovimiento.cs using Guid(8e30e785f96522b409f8eabeca4e3fc1) Importer(815301076,1909f56bfc062723c751e8b465ee728b) [PhysX] Initialized MultithreadedTaskDispatcher with 12 workers.
 -> (artifact id: '00000000000000000000000000000000') in 0.000494 seconds
Import Error Code:(4)
Message: Build asset version error: assets/scripts/enemigomovimiento.cs in SourceAssetDB has modification time of '2026-04-13T15:48:13.7223398Z' while content on disk has modification time of '2026-04-13T15:48:24.0788675Z'
  ERROR: Build asset version error: assets/scripts/enemigomovimiento.cs in SourceAssetDB has modification time of '2026-04-13T15:48:13.7223398Z' while content on disk has modification time of '2026-04-13T15:48:24.0788675Z'
Number of updated asset objects reloaded before import = 0
Number of asset objects unloaded after import = 0
========================================================================
Received Import Request.
  Time since last request: 0.006210 seconds.
  path: Assets/scripts/EnemigoMovimiento.cs
  artifactKey: Guid(8e30e785f96522b409f8eabeca4e3fc1) Importer(815301076,1909f56bfc062723c751e8b465ee728b)
Start importing Assets/scripts/EnemigoMovimiento.cs using Guid(8e30e785f96522b409f8eabeca4e3fc1) Importer(815301076,1909f56bfc062723c751e8b465ee728b) [PhysX] Initialized MultithreadedTaskDispatcher with 12 workers.
 -> (artifact id: '00000000000000000000000000000000') in 0.000683 seconds
Import Error Code:(4)
Message: Build asset version error: assets/scripts/enemigomovimiento.cs in SourceAssetDB has modification time of '2026-04-13T15:48:13.7223398Z' while content on disk has modification time of '2026-04-13T15:48:24.0788675Z'
  ERROR: Build asset version error: assets/scripts/enemigomovimiento.cs in SourceAssetDB has modification time of '2026-04-13T15:48:13.7223398Z' while content on disk has modification time of '2026-04-13T15:48:24.0788675Z'
Number of updated asset objects reloaded before import = 0
Number of asset objects unloaded after import = 0
========================================================================
Received Import Request.
  Time since last request: 0.006545 seconds.
  path: Assets/scripts/EnemigoMovimiento.cs
  artifactKey: Guid(8e30e785f96522b409f8eabeca4e3fc1) Importer(815301076,1909f56bfc062723c751e8b465ee728b)
Start importing Assets/scripts/EnemigoMovimiento.cs using Guid(8e30e785f96522b409f8eabeca4e3fc1) Importer(815301076,1909f56bfc062723c751e8b465ee728b) [PhysX] Initialized MultithreadedTaskDispatcher with 12 workers.
 -> (artifact id: '00000000000000000000000000000000') in 0.000701 seconds
Import Error Code:(4)
Message: Build asset version error: assets/scripts/enemigomovimiento.cs in SourceAssetDB has modification time of '2026-04-13T15:48:13.7223398Z' while content on disk has modification time of '2026-04-13T15:48:24.0788675Z'
  ERROR: Build asset version error: assets/scripts/enemigomovimiento.cs in SourceAssetDB has modification time of '2026-04-13T15:48:13.7223398Z' while content on disk has modification time of '2026-04-13T15:48:24.0788675Z'
Number of updated asset objects reloaded before import = 0
Number of asset objects unloaded after import = 0
========================================================================
Received Import Request.
  Time since last request: 0.007233 seconds.
  path: Assets/scripts/EnemigoMovimiento.cs
  artifactKey: Guid(8e30e785f96522b409f8eabeca4e3fc1) Importer(815301076,1909f56bfc062723c751e8b465ee728b)
Start importing Assets/scripts/EnemigoMovimiento.cs using Guid(8e30e785f96522b409f8eabeca4e3fc1) Importer(815301076,1909f56bfc062723c751e8b465ee728b) [PhysX] Initialized MultithreadedTaskDispatcher with 12 workers.
 -> (artifact id: '00000000000000000000000000000000') in 0.000505 seconds
Import Error Code:(4)
Message: Build asset version error: assets/scripts/enemigomovimiento.cs in SourceAssetDB has modification time of '2026-04-13T15:48:13.7223398Z' while content on disk has modification time of '2026-04-13T15:48:24.0788675Z'
  ERROR: Build asset version error: assets/scripts/enemigomovimiento.cs in SourceAssetDB has modification time of '2026-04-13T15:48:13.7223398Z' while content on disk has modification time of '2026-04-13T15:48:24.0788675Z'
Number of updated asset objects reloaded before import = 0
Number of asset objects unloaded after import = 0
========================================================================
Received Import Request.
  Time since last request: 0.006872 seconds.
  path: Assets/scripts/EnemigoMovimiento.cs
  artifactKey: Guid(8e30e785f96522b409f8eabeca4e3fc1) Importer(815301076,1909f56bfc062723c751e8b465ee728b)
Start importing Assets/scripts/EnemigoMovimiento.cs using Guid(8e30e785f96522b409f8eabeca4e3fc1) Importer(815301076,1909f56bfc062723c751e8b465ee728b) [PhysX] Initialized MultithreadedTaskDispatcher with 12 workers.
 -> (artifact id: '00000000000000000000000000000000') in 0.000604 seconds
Import Error Code:(4)
Message: Build asset version error: assets/scripts/enemigomovimiento.cs in SourceAssetDB has modification time of '2026-04-13T15:48:13.7223398Z' while content on disk has modification time of '2026-04-13T15:48:24.0788675Z'
  ERROR: Build asset version error: assets/scripts/enemigomovimiento.cs in SourceAssetDB has modification time of '2026-04-13T15:48:13.7223398Z' while content on disk has modification time of '2026-04-13T15:48:24.0788675Z'
Number of updated asset objects reloaded before import = 0
Number of asset objects unloaded after import = 0
========================================================================
Received Import Request.
  Time since last request: 0.006824 seconds.
  path: Assets/scripts/EnemigoMovimiento.cs
  artifactKey: Guid(8e30e785f96522b409f8eabeca4e3fc1) Importer(815301076,1909f56bfc062723c751e8b465ee728b)
Start importing Assets/scripts/EnemigoMovimiento.cs using Guid(8e30e785f96522b409f8eabeca4e3fc1) Importer(815301076,1909f56bfc062723c751e8b465ee728b) [PhysX] Initialized MultithreadedTaskDispatcher with 12 workers.
 -> (artifact id: '00000000000000000000000000000000') in 0.000578 seconds
Import Error Code:(4)
Message: Build asset version error: assets/scripts/enemigomovimiento.cs in SourceAssetDB has modification time of '2026-04-13T15:48:13.7223398Z' while content on disk has modification time of '2026-04-13T15:48:24.0788675Z'
  ERROR: Build asset version error: assets/scripts/enemigomovimiento.cs in SourceAssetDB has modification time of '2026-04-13T15:48:13.7223398Z' while content on disk has modification time of '2026-04-13T15:48:24.0788675Z'
Number of updated asset objects reloaded before import = 0
Number of asset objects unloaded after import = 0
========================================================================
Received Import Request.
  Time since last request: 0.005921 seconds.
  path: Assets/scripts/EnemigoMovimiento.cs
  artifactKey: Guid(8e30e785f96522b409f8eabeca4e3fc1) Importer(815301076,1909f56bfc062723c751e8b465ee728b)
Start importing Assets/scripts/EnemigoMovimiento.cs using Guid(8e30e785f96522b409f8eabeca4e3fc1) Importer(815301076,1909f56bfc062723c751e8b465ee728b) [PhysX] Initialized MultithreadedTaskDispatcher with 12 workers.
 -> (artifact id: '00000000000000000000000000000000') in 0.000540 seconds
Import Error Code:(4)
Message: Build asset version error: assets/scripts/enemigomovimiento.cs in SourceAssetDB has modification time of '2026-04-13T15:48:13.7223398Z' while content on disk has modification time of '2026-04-13T15:48:24.0788675Z'
  ERROR: Build asset version error: assets/scripts/enemigomovimiento.cs in SourceAssetDB has modification time of '2026-04-13T15:48:13.7223398Z' while content on disk has modification time of '2026-04-13T15:48:24.0788675Z'
Number of updated asset objects reloaded before import = 0
Number of asset objects unloaded after import = 0
========================================================================
Received Import Request.
  Time since last request: 0.006473 seconds.
  path: Assets/scripts/EnemigoMovimiento.cs
  artifactKey: Guid(8e30e785f96522b409f8eabeca4e3fc1) Importer(815301076,1909f56bfc062723c751e8b465ee728b)
Start importing Assets/scripts/EnemigoMovimiento.cs using Guid(8e30e785f96522b409f8eabeca4e3fc1) Importer(815301076,1909f56bfc062723c751e8b465ee728b) [PhysX] Initialized MultithreadedTaskDispatcher with 12 workers.
 -> (artifact id: '00000000000000000000000000000000') in 0.000775 seconds
Import Error Code:(4)
Message: Build asset version error: assets/scripts/enemigomovimiento.cs in SourceAssetDB has modification time of '2026-04-13T15:48:13.7223398Z' while content on disk has modification time of '2026-04-13T15:48:24.0788675Z'
  ERROR: Build asset version error: assets/scripts/enemigomovimiento.cs in SourceAssetDB has modification time of '2026-04-13T15:48:13.7223398Z' while content on disk has modification time of '2026-04-13T15:48:24.0788675Z'
Number of updated asset objects reloaded before import = 0
Number of asset objects unloaded after import = 0
========================================================================
Received Import Request.
  Time since last request: 0.005640 seconds.
  path: Assets/scripts/EnemigoMovimiento.cs
  artifactKey: Guid(8e30e785f96522b409f8eabeca4e3fc1) Importer(815301076,1909f56bfc062723c751e8b465ee728b)
Start importing Assets/scripts/EnemigoMovimiento.cs using Guid(8e30e785f96522b409f8eabeca4e3fc1) Importer(815301076,1909f56bfc062723c751e8b465ee728b) [PhysX] Initialized MultithreadedTaskDispatcher with 12 workers.
 -> (artifact id: '00000000000000000000000000000000') in 0.000514 seconds
Import Error Code:(4)
Message: Build asset version error: assets/scripts/enemigomovimiento.cs in SourceAssetDB has modification time of '2026-04-13T15:48:13.7223398Z' while content on disk has modification time of '2026-04-13T15:48:24.0788675Z'
  ERROR: Build asset version error: assets/scripts/enemigomovimiento.cs in SourceAssetDB has modification time of '2026-04-13T15:48:13.7223398Z' while content on disk has modification time of '2026-04-13T15:48:24.0788675Z'
Number of updated asset objects reloaded before import = 0
Number of asset objects unloaded after import = 0
========================================================================
Received Import Request.
  Time since last request: 0.006260 seconds.
  path: Assets/scripts/EnemigoMovimiento.cs
  artifactKey: Guid(8e30e785f96522b409f8eabeca4e3fc1) Importer(815301076,1909f56bfc062723c751e8b465ee728b)
Start importing Assets/scripts/EnemigoMovimiento.cs using Guid(8e30e785f96522b409f8eabeca4e3fc1) Importer(815301076,1909f56bfc062723c751e8b465ee728b) [PhysX] Initialized MultithreadedTaskDispatcher with 12 workers.
 -> (artifact id: '00000000000000000000000000000000') in 0.000488 seconds
Import Error Code:(4)
Message: Build asset version error: assets/scripts/enemigomovimiento.cs in SourceAssetDB has modification time of '2026-04-13T15:48:13.7223398Z' while content on disk has modification time of '2026-04-13T15:48:24.0788675Z'
  ERROR: Build asset version error: assets/scripts/enemigomovimiento.cs in SourceAssetDB has modification time of '2026-04-13T15:48:13.7223398Z' while content on disk has modification time of '2026-04-13T15:48:24.0788675Z'
Number of updated asset objects reloaded before import = 0
Number of asset objects unloaded after import = 0
========================================================================
Received Import Request.
  Time since last request: 0.006245 seconds.
  path: Assets/scripts/EnemigoMovimiento.cs
  artifactKey: Guid(8e30e785f96522b409f8eabeca4e3fc1) Importer(815301076,1909f56bfc062723c751e8b465ee728b)
Start importing Assets/scripts/EnemigoMovimiento.cs using Guid(8e30e785f96522b409f8eabeca4e3fc1) Importer(815301076,1909f56bfc062723c751e8b465ee728b) [PhysX] Initialized MultithreadedTaskDispatcher with 12 workers.
 -> (artifact id: '00000000000000000000000000000000') in 0.000568 seconds
Import Error Code:(4)
Message: Build asset version error: assets/scripts/enemigomovimiento.cs in SourceAssetDB has modification time of '2026-04-13T15:48:13.7223398Z' while content on disk has modification time of '2026-04-13T15:48:24.0788675Z'
  ERROR: Build asset version error: assets/scripts/enemigomovimiento.cs in SourceAssetDB has modification time of '2026-04-13T15:48:13.7223398Z' while content on disk has modification time of '2026-04-13T15:48:24.0788675Z'
Number of updated asset objects reloaded before import = 0
Number of asset objects unloaded after import = 0
========================================================================
Received Import Request.
  Time since last request: 0.006314 seconds.
  path: Assets/scripts/EnemigoMovimiento.cs
  artifactKey: Guid(8e30e785f96522b409f8eabeca4e3fc1) Importer(815301076,1909f56bfc062723c751e8b465ee728b)
Start importing Assets/scripts/EnemigoMovimiento.cs using Guid(8e30e785f96522b409f8eabeca4e3fc1) Importer(815301076,1909f56bfc062723c751e8b465ee728b) [PhysX] Initialized MultithreadedTaskDispatcher with 12 workers.
 -> (artifact id: '00000000000000000000000000000000') in 0.000730 seconds
Import Error Code:(4)
Message: Build asset version error: assets/scripts/enemigomovimiento.cs in SourceAssetDB has modification time of '2026-04-13T15:48:13.7223398Z' while content on disk has modification time of '2026-04-13T15:48:24.0788675Z'
  ERROR: Build asset version error: assets/scripts/enemigomovimiento.cs in SourceAssetDB has modification time of '2026-04-13T15:48:13.7223398Z' while content on disk has modification time of '2026-04-13T15:48:24.0788675Z'
Number of updated asset objects reloaded before import = 0
Number of asset objects unloaded after import = 0
========================================================================
Received Import Request.
  Time since last request: 0.005407 seconds.
  path: Assets/scripts/EnemigoMovimiento.cs
  artifactKey: Guid(8e30e785f96522b409f8eabeca4e3fc1) Importer(815301076,1909f56bfc062723c751e8b465ee728b)
Start importing Assets/scripts/EnemigoMovimiento.cs using Guid(8e30e785f96522b409f8eabeca4e3fc1) Importer(815301076,1909f56bfc062723c751e8b465ee728b) [PhysX] Initialized MultithreadedTaskDispatcher with 12 workers.
 -> (artifact id: '00000000000000000000000000000000') in 0.000485 seconds
Import Error Code:(4)
Message: Build asset version error: assets/scripts/enemigomovimiento.cs in SourceAssetDB has modification time of '2026-04-13T15:48:13.7223398Z' while content on disk has modification time of '2026-04-13T15:48:24.0788675Z'
  ERROR: Build asset version error: assets/scripts/enemigomovimiento.cs in SourceAssetDB has modification time of '2026-04-13T15:48:13.7223398Z' while content on disk has modification time of '2026-04-13T15:48:24.0788675Z'
Number of updated asset objects reloaded before import = 0
Number of asset objects unloaded after import = 0
========================================================================
Received Import Request.
  Time since last request: 0.006511 seconds.
  path: Assets/scripts/EnemigoMovimiento.cs
  artifactKey: Guid(8e30e785f96522b409f8eabeca4e3fc1) Importer(815301076,1909f56bfc062723c751e8b465ee728b)
Start importing Assets/scripts/EnemigoMovimiento.cs using Guid(8e30e785f96522b409f8eabeca4e3fc1) Importer(815301076,1909f56bfc062723c751e8b465ee728b) [PhysX] Initialized MultithreadedTaskDispatcher with 12 workers.
 -> (artifact id: '00000000000000000000000000000000') in 0.000519 seconds
Import Error Code:(4)
Message: Build asset version error: assets/scripts/enemigomovimiento.cs in SourceAssetDB has modification time of '2026-04-13T15:48:13.7223398Z' while content on disk has modification time of '2026-04-13T15:48:24.0788675Z'
  ERROR: Build asset version error: assets/scripts/enemigomovimiento.cs in SourceAssetDB has modification time of '2026-04-13T15:48:13.7223398Z' while content on disk has modification time of '2026-04-13T15:48:24.0788675Z'
Number of updated asset objects reloaded before import = 0
Number of asset objects unloaded after import = 0
========================================================================
Received Import Request.
  Time since last request: 0.005457 seconds.
  path: Assets/scripts/EnemigoMovimiento.cs
  artifactKey: Guid(8e30e785f96522b409f8eabeca4e3fc1) Importer(815301076,1909f56bfc062723c751e8b465ee728b)
Start importing Assets/scripts/EnemigoMovimiento.cs using Guid(8e30e785f96522b409f8eabeca4e3fc1) Importer(815301076,1909f56bfc062723c751e8b465ee728b) [PhysX] Initialized MultithreadedTaskDispatcher with 12 workers.
 -> (artifact id: '00000000000000000000000000000000') in 0.000547 seconds
Import Error Code:(4)
Message: Build asset version error: assets/scripts/enemigomovimiento.cs in SourceAssetDB has modification time of '2026-04-13T15:48:13.7223398Z' while content on disk has modification time of '2026-04-13T15:48:24.0788675Z'
  ERROR: Build asset version error: assets/scripts/enemigomovimiento.cs in SourceAssetDB has modification time of '2026-04-13T15:48:13.7223398Z' while content on disk has modification time of '2026-04-13T15:48:24.0788675Z'
Number of updated asset objects reloaded before import = 0
Number of asset objects unloaded after import = 0
========================================================================
Received Import Request.
  Time since last request: 0.006176 seconds.
  path: Assets/scripts/EnemigoMovimiento.cs
  artifactKey: Guid(8e30e785f96522b409f8eabeca4e3fc1) Importer(815301076,1909f56bfc062723c751e8b465ee728b)
Start importing Assets/scripts/EnemigoMovimiento.cs using Guid(8e30e785f96522b409f8eabeca4e3fc1) Importer(815301076,1909f56bfc062723c751e8b465ee728b) [PhysX] Initialized MultithreadedTaskDispatcher with 12 workers.
 -> (artifact id: '00000000000000000000000000000000') in 0.000544 seconds
Import Error Code:(4)
Message: Build asset version error: assets/scripts/enemigomovimiento.cs in SourceAssetDB has modification time of '2026-04-13T15:48:13.7223398Z' while content on disk has modification time of '2026-04-13T15:48:24.0788675Z'
  ERROR: Build asset version error: assets/scripts/enemigomovimiento.cs in SourceAssetDB has modification time of '2026-04-13T15:48:13.7223398Z' while content on disk has modification time of '2026-04-13T15:48:24.0788675Z'
Number of updated asset objects reloaded before import = 0
Number of asset objects unloaded after import = 0
========================================================================
Received Import Request.
  Time since last request: 0.006544 seconds.
  path: Assets/scripts/EnemigoMovimiento.cs
  artifactKey: Guid(8e30e785f96522b409f8eabeca4e3fc1) Importer(815301076,1909f56bfc062723c751e8b465ee728b)
Start importing Assets/scripts/EnemigoMovimiento.cs using Guid(8e30e785f96522b409f8eabeca4e3fc1) Importer(815301076,1909f56bfc062723c751e8b465ee728b) [PhysX] Initialized MultithreadedTaskDispatcher with 12 workers.
 -> (artifact id: '00000000000000000000000000000000') in 0.000527 seconds
Import Error Code:(4)
Message: Build asset version error: assets/scripts/enemigomovimiento.cs in SourceAssetDB has modification time of '2026-04-13T15:48:13.7223398Z' while content on disk has modification time of '2026-04-13T15:48:24.0788675Z'
  ERROR: Build asset version error: assets/scripts/enemigomovimiento.cs in SourceAssetDB has modification time of '2026-04-13T15:48:13.7223398Z' while content on disk has modification time of '2026-04-13T15:48:24.0788675Z'
Number of updated asset objects reloaded before import = 0
Number of asset objects unloaded after import = 0
========================================================================
Received Import Request.
  Time since last request: 0.008729 seconds.
  path: Assets/scripts/EnemigoMovimiento.cs
  artifactKey: Guid(8e30e785f96522b409f8eabeca4e3fc1) Importer(815301076,1909f56bfc062723c751e8b465ee728b)
Start importing Assets/scripts/EnemigoMovimiento.cs using Guid(8e30e785f96522b409f8eabeca4e3fc1) Importer(815301076,1909f56bfc062723c751e8b465ee728b) [PhysX] Initialized MultithreadedTaskDispatcher with 12 workers.
 -> (artifact id: '00000000000000000000000000000000') in 0.000582 seconds
Import Error Code:(4)
Message: Build asset version error: assets/scripts/enemigomovimiento.cs in SourceAssetDB has modification time of '2026-04-13T15:48:13.7223398Z' while content on disk has modification time of '2026-04-13T15:48:24.0788675Z'
  ERROR: Build asset version error: assets/scripts/enemigomovimiento.cs in SourceAssetDB has modification time of '2026-04-13T15:48:13.7223398Z' while content on disk has modification time of '2026-04-13T15:48:24.0788675Z'
Number of updated asset objects reloaded before import = 0
Number of asset objects unloaded after import = 0
========================================================================
Received Import Request.
  Time since last request: 0.007150 seconds.
  path: Assets/scripts/EnemigoMovimiento.cs
  artifactKey: Guid(8e30e785f96522b409f8eabeca4e3fc1) Importer(815301076,1909f56bfc062723c751e8b465ee728b)
Start importing Assets/scripts/EnemigoMovimiento.cs using Guid(8e30e785f96522b409f8eabeca4e3fc1) Importer(815301076,1909f56bfc062723c751e8b465ee728b) [PhysX] Initialized MultithreadedTaskDispatcher with 12 workers.
 -> (artifact id: '00000000000000000000000000000000') in 0.000480 seconds
Import Error Code:(4)
Message: Build asset version error: assets/scripts/enemigomovimiento.cs in SourceAssetDB has modification time of '2026-04-13T15:48:13.7223398Z' while content on disk has modification time of '2026-04-13T15:48:24.0788675Z'
  ERROR: Build asset version error: assets/scripts/enemigomovimiento.cs in SourceAssetDB has modification time of '2026-04-13T15:48:13.7223398Z' while content on disk has modification time of '2026-04-13T15:48:24.0788675Z'
Number of updated asset objects reloaded before import = 0
Number of asset objects unloaded after import = 0
========================================================================
Received Import Request.
  Time since last request: 0.005752 seconds.
  path: Assets/scripts/EnemigoMovimiento.cs
  artifactKey: Guid(8e30e785f96522b409f8eabeca4e3fc1) Importer(815301076,1909f56bfc062723c751e8b465ee728b)
Start importing Assets/scripts/EnemigoMovimiento.cs using Guid(8e30e785f96522b409f8eabeca4e3fc1) Importer(815301076,1909f56bfc062723c751e8b465ee728b) [PhysX] Initialized MultithreadedTaskDispatcher with 12 workers.
 -> (artifact id: '00000000000000000000000000000000') in 0.000543 seconds
Import Error Code:(4)
Message: Build asset version error: assets/scripts/enemigomovimiento.cs in SourceAssetDB has modification time of '2026-04-13T15:48:13.7223398Z' while content on disk has modification time of '2026-04-13T15:48:24.0788675Z'
  ERROR: Build asset version error: assets/scripts/enemigomovimiento.cs in SourceAssetDB has modification time of '2026-04-13T15:48:13.7223398Z' while content on disk has modification time of '2026-04-13T15:48:24.0788675Z'
Number of updated asset objects reloaded before import = 0
Number of asset objects unloaded after import = 0
========================================================================
Received Import Request.
  Time since last request: 0.005883 seconds.
  path: Assets/scripts/EnemigoMovimiento.cs
  artifactKey: Guid(8e30e785f96522b409f8eabeca4e3fc1) Importer(815301076,1909f56bfc062723c751e8b465ee728b)
Start importing Assets/scripts/EnemigoMovimiento.cs using Guid(8e30e785f96522b409f8eabeca4e3fc1) Importer(815301076,1909f56bfc062723c751e8b465ee728b) [PhysX] Initialized MultithreadedTaskDispatcher with 12 workers.
 -> (artifact id: '00000000000000000000000000000000') in 0.000501 seconds
Import Error Code:(4)
Message: Build asset version error: assets/scripts/enemigomovimiento.cs in SourceAssetDB has modification time of '2026-04-13T15:48:13.7223398Z' while content on disk has modification time of '2026-04-13T15:48:24.0788675Z'
  ERROR: Build asset version error: assets/scripts/enemigomovimiento.cs in SourceAssetDB has modification time of '2026-04-13T15:48:13.7223398Z' while content on disk has modification time of '2026-04-13T15:48:24.0788675Z'
Number of updated asset objects reloaded before import = 0
Number of asset objects unloaded after import = 0
========================================================================
Received Import Request.
  Time since last request: 0.005433 seconds.
  path: Assets/scripts/EnemigoMovimiento.cs
  artifactKey: Guid(8e30e785f96522b409f8eabeca4e3fc1) Importer(815301076,1909f56bfc062723c751e8b465ee728b)
Start importing Assets/scripts/EnemigoMovimiento.cs using Guid(8e30e785f96522b409f8eabeca4e3fc1) Importer(815301076,1909f56bfc062723c751e8b465ee728b) [PhysX] Initialized MultithreadedTaskDispatcher with 12 workers.
 -> (artifact id: '00000000000000000000000000000000') in 0.000601 seconds
Import Error Code:(4)
Message: Build asset version error: assets/scripts/enemigomovimiento.cs in SourceAssetDB has modification time of '2026-04-13T15:48:13.7223398Z' while content on disk has modification time of '2026-04-13T15:48:24.0788675Z'
  ERROR: Build asset version error: assets/scripts/enemigomovimiento.cs in SourceAssetDB has modification time of '2026-04-13T15:48:13.7223398Z' while content on disk has modification time of '2026-04-13T15:48:24.0788675Z'
Number of updated asset objects reloaded before import = 0
Number of asset objects unloaded after import = 0
========================================================================
Received Import Request.
  Time since last request: 0.006193 seconds.
  path: Assets/scripts/EnemigoMovimiento.cs
  artifactKey: Guid(8e30e785f96522b409f8eabeca4e3fc1) Importer(815301076,1909f56bfc062723c751e8b465ee728b)
Start importing Assets/scripts/EnemigoMovimiento.cs using Guid(8e30e785f96522b409f8eabeca4e3fc1) Importer(815301076,1909f56bfc062723c751e8b465ee728b) [PhysX] Initialized MultithreadedTaskDispatcher with 12 workers.
 -> (artifact id: '00000000000000000000000000000000') in 0.000501 seconds
Import Error Code:(4)
Message: Build asset version error: assets/scripts/enemigomovimiento.cs in SourceAssetDB has modification time of '2026-04-13T15:48:13.7223398Z' while content on disk has modification time of '2026-04-13T15:48:24.0788675Z'
  ERROR: Build asset version error: assets/scripts/enemigomovimiento.cs in SourceAssetDB has modification time of '2026-04-13T15:48:13.7223398Z' while content on disk has modification time of '2026-04-13T15:48:24.0788675Z'
Number of updated asset objects reloaded before import = 0
Number of asset objects unloaded after import = 0
========================================================================
Received Import Request.
  Time since last request: 0.005394 seconds.
  path: Assets/scripts/EnemigoMovimiento.cs
  artifactKey: Guid(8e30e785f96522b409f8eabeca4e3fc1) Importer(815301076,1909f56bfc062723c751e8b465ee728b)
Start importing Assets/scripts/EnemigoMovimiento.cs using Guid(8e30e785f96522b409f8eabeca4e3fc1) Importer(815301076,1909f56bfc062723c751e8b465ee728b) [PhysX] Initialized MultithreadedTaskDispatcher with 12 workers.
 -> (artifact id: '00000000000000000000000000000000') in 0.000478 seconds
Import Error Code:(4)
Message: Build asset version error: assets/scripts/enemigomovimiento.cs in SourceAssetDB has modification time of '2026-04-13T15:48:13.7223398Z' while content on disk has modification time of '2026-04-13T15:48:24.0788675Z'
  ERROR: Build asset version error: assets/scripts/enemigomovimiento.cs in SourceAssetDB has modification time of '2026-04-13T15:48:13.7223398Z' while content on disk has modification time of '2026-04-13T15:48:24.0788675Z'
Number of updated asset objects reloaded before import = 0
Number of asset objects unloaded after import = 0
========================================================================
Received Import Request.
  Time since last request: 0.006202 seconds.
  path: Assets/scripts/EnemigoMovimiento.cs
  artifactKey: Guid(8e30e785f96522b409f8eabeca4e3fc1) Importer(815301076,1909f56bfc062723c751e8b465ee728b)
Start importing Assets/scripts/EnemigoMovimiento.cs using Guid(8e30e785f96522b409f8eabeca4e3fc1) Importer(815301076,1909f56bfc062723c751e8b465ee728b) [PhysX] Initialized MultithreadedTaskDispatcher with 12 workers.
 -> (artifact id: '00000000000000000000000000000000') in 0.000482 seconds
Import Error Code:(4)
Message: Build asset version error: assets/scripts/enemigomovimiento.cs in SourceAssetDB has modification time of '2026-04-13T15:48:13.7223398Z' while content on disk has modification time of '2026-04-13T15:48:24.0788675Z'
  ERROR: Build asset version error: assets/scripts/enemigomovimiento.cs in SourceAssetDB has modification time of '2026-04-13T15:48:13.7223398Z' while content on disk has modification time of '2026-04-13T15:48:24.0788675Z'
Number of updated asset objects reloaded before import = 0
Number of asset objects unloaded after import = 0
========================================================================
Received Import Request.
  Time since last request: 0.005959 seconds.
  path: Assets/scripts/EnemigoMovimiento.cs
  artifactKey: Guid(8e30e785f96522b409f8eabeca4e3fc1) Importer(815301076,1909f56bfc062723c751e8b465ee728b)
Start importing Assets/scripts/EnemigoMovimiento.cs using Guid(8e30e785f96522b409f8eabeca4e3fc1) Importer(815301076,1909f56bfc062723c751e8b465ee728b) [PhysX] Initialized MultithreadedTaskDispatcher with 12 workers.
 -> (artifact id: '00000000000000000000000000000000') in 0.000473 seconds
Import Error Code:(4)
Message: Build asset version error: assets/scripts/enemigomovimiento.cs in SourceAssetDB has modification time of '2026-04-13T15:48:13.7223398Z' while content on disk has modification time of '2026-04-13T15:48:24.0788675Z'
  ERROR: Build asset version error: assets/scripts/enemigomovimiento.cs in SourceAssetDB has modification time of '2026-04-13T15:48:13.7223398Z' while content on disk has modification time of '2026-04-13T15:48:24.0788675Z'
Number of updated asset objects reloaded before import = 0
Number of asset objects unloaded after import = 0
========================================================================
Received Import Request.
  Time since last request: 0.005917 seconds.
  path: Assets/scripts/EnemigoMovimiento.cs
  artifactKey: Guid(8e30e785f96522b409f8eabeca4e3fc1) Importer(815301076,1909f56bfc062723c751e8b465ee728b)
Start importing Assets/scripts/EnemigoMovimiento.cs using Guid(8e30e785f96522b409f8eabeca4e3fc1) Importer(815301076,1909f56bfc062723c751e8b465ee728b) [PhysX] Initialized MultithreadedTaskDispatcher with 12 workers.
 -> (artifact id: '00000000000000000000000000000000') in 0.000532 seconds
Import Error Code:(4)
Message: Build asset version error: assets/scripts/enemigomovimiento.cs in SourceAssetDB has modification time of '2026-04-13T15:48:13.7223398Z' while content on disk has modification time of '2026-04-13T15:48:24.0788675Z'
  ERROR: Build asset version error: assets/scripts/enemigomovimiento.cs in SourceAssetDB has modification time of '2026-04-13T15:48:13.7223398Z' while content on disk has modification time of '2026-04-13T15:48:24.0788675Z'
Number of updated asset objects reloaded before import = 0
Number of asset objects unloaded after import = 0
========================================================================
Received Import Request.
  Time since last request: 0.005555 seconds.
  path: Assets/scripts/EnemigoMovimiento.cs
  artifactKey: Guid(8e30e785f96522b409f8eabeca4e3fc1) Importer(815301076,1909f56bfc062723c751e8b465ee728b)
Start importing Assets/scripts/EnemigoMovimiento.cs using Guid(8e30e785f96522b409f8eabeca4e3fc1) Importer(815301076,1909f56bfc062723c751e8b465ee728b) [PhysX] Initialized MultithreadedTaskDispatcher with 12 workers.
 -> (artifact id: '00000000000000000000000000000000') in 0.000459 seconds
Import Error Code:(4)
Message: Build asset version error: assets/scripts/enemigomovimiento.cs in SourceAssetDB has modification time of '2026-04-13T15:48:13.7223398Z' while content on disk has modification time of '2026-04-13T15:48:24.0788675Z'
  ERROR: Build asset version error: assets/scripts/enemigomovimiento.cs in SourceAssetDB has modification time of '2026-04-13T15:48:13.7223398Z' while content on disk has modification time of '2026-04-13T15:48:24.0788675Z'
Number of updated asset objects reloaded before import = 0
Number of asset objects unloaded after import = 0
========================================================================
Received Import Request.
  Time since last request: 0.005605 seconds.
  path: Assets/scripts/EnemigoMovimiento.cs
  artifactKey: Guid(8e30e785f96522b409f8eabeca4e3fc1) Importer(815301076,1909f56bfc062723c751e8b465ee728b)
Start importing Assets/scripts/EnemigoMovimiento.cs using Guid(8e30e785f96522b409f8eabeca4e3fc1) Importer(815301076,1909f56bfc062723c751e8b465ee728b) [PhysX] Initialized MultithreadedTaskDispatcher with 12 workers.
 -> (artifact id: '00000000000000000000000000000000') in 0.000505 seconds
Import Error Code:(4)
Message: Build asset version error: assets/scripts/enemigomovimiento.cs in SourceAssetDB has modification time of '2026-04-13T15:48:13.7223398Z' while content on disk has modification time of '2026-04-13T15:48:24.0788675Z'
  ERROR: Build asset version error: assets/scripts/enemigomovimiento.cs in SourceAssetDB has modification time of '2026-04-13T15:48:13.7223398Z' while content on disk has modification time of '2026-04-13T15:48:24.0788675Z'
Number of updated asset objects reloaded before import = 0
Number of asset objects unloaded after import = 0
========================================================================
Received Import Request.
  Time since last request: 0.012893 seconds.
  path: Assets/scripts/EnemigoMovimiento.cs
  artifactKey: Guid(8e30e785f96522b409f8eabeca4e3fc1) Importer(815301076,1909f56bfc062723c751e8b465ee728b)
Start importing Assets/scripts/EnemigoMovimiento.cs using Guid(8e30e785f96522b409f8eabeca4e3fc1) Importer(815301076,1909f56bfc062723c751e8b465ee728b) [PhysX] Initialized MultithreadedTaskDispatcher with 12 workers.
 -> (artifact id: '00000000000000000000000000000000') in 0.000698 seconds
Import Error Code:(4)
Message: Build asset version error: assets/scripts/enemigomovimiento.cs in SourceAssetDB has modification time of '2026-04-13T15:48:13.7223398Z' while content on disk has modification time of '2026-04-13T15:48:24.0788675Z'
  ERROR: Build asset version error: assets/scripts/enemigomovimiento.cs in SourceAssetDB has modification time of '2026-04-13T15:48:13.7223398Z' while content on disk has modification time of '2026-04-13T15:48:24.0788675Z'
Number of updated asset objects reloaded before import = 0
Number of asset objects unloaded after import = 0
========================================================================
Received Prepare
Caller must complete domain reload
Begin MonoManager ReloadAssembly
- Loaded All Assemblies, in  0.517 seconds
Native extension for WindowsStandalone target not found
Mono: successfully reloaded assembly
- Finished resetting the current domain, in  1.568 seconds
Domain Reload Profiling: 2080ms
	BeginReloadAssembly (150ms)
		ExecutionOrderSort (0ms)
		DisableScriptedObjects (9ms)
		BackupInstance (0ms)
		ReleaseScriptingObjects (0ms)
		CreateAndSetChildDomain (40ms)
	RebuildCommonClasses (27ms)
	RebuildNativeTypeToScriptingClass (9ms)
	initialDomainReloadingComplete (30ms)
	LoadAllAssembliesAndSetupDomain (296ms)
		LoadAssemblies (317ms)
		RebuildTransferFunctionScriptingTraits (0ms)
		AnalyzeDomain (47ms)
			TypeCache.Refresh (11ms)
				TypeCache.ScanAssembly (0ms)
			ScanForSourceGeneratedMonoScriptInfo (23ms)
			ResolveRequiredComponents (11ms)
	FinalizeReload (1569ms)
		ReleaseScriptCaches (0ms)
		RebuildScriptCaches (0ms)
		SetupLoadedEditorAssemblies (472ms)
			LogAssemblyErrors (0ms)
			InitializePlatformSupportModulesInManaged (6ms)
			SetLoadedEditorAssemblies (5ms)
			RefreshPlugins (0ms)
			BeforeProcessingInitializeOnLoad (95ms)
			ProcessInitializeOnLoadAttributes (288ms)
			ProcessInitializeOnLoadMethodAttributes (69ms)
			AfterProcessingInitializeOnLoad (8ms)
			EditorAssembliesLoaded (0ms)
		ExecutionOrderSort2 (0ms)
		AwakeInstancesAfterBackupRestoration (12ms)
WARNING: Shader Unsupported: 'Hidden/Universal Render Pipeline/Terrain/Lit (Base Pass)' - All subshaders removed
WARNING: Shader Did you use #pragma only_renderers and omit this platform?
WARNING: Shader If subshaders removal was intentional, you may have forgotten turning Fallback off?
WARNING: Shader Unsupported: 'Hidden/Universal Render Pipeline/Terrain/Lit (Base Pass)' - All subshaders removed
WARNING: Shader Did you use #pragma only_renderers and omit this platform?
WARNING: Shader If subshaders removal was intentional, you may have forgotten turning Fallback off?
WARNING: Shader Unsupported: 'Universal Render Pipeline/Terrain/Lit' - All subshaders removed
WARNING: Shader Did you use #pragma only_renderers and omit this platform?
WARNING: Shader If subshaders removal was intentional, you may have forgotten turning Fallback off?
WARNING: Shader Unsupported: 'Universal Render Pipeline/Terrain/Lit' - All subshaders removed
WARNING: Shader Did you use #pragma only_renderers and omit this platform?
WARNING: Shader If subshaders removal was intentional, you may have forgotten turning Fallback off?
Refreshing native plugins compatible for Editor in 10.77 ms, found 5 plugins.
Preloading 0 native plugins for Editor in 0.00 ms.
Unloading 6034 Unused Serialized files (Serialized files now loaded: 0)
Unloading 105 unused Assets / (6.4 MB). Loaded Objects now: 6446.
Memory consumption went from 206.3 MB to 199.9 MB.
Total: 7.393600 ms (FindLiveObjects: 0.490300 ms CreateObjectMapping: 0.185600 ms MarkObjects: 2.842600 ms  DeleteObjects: 3.873400 ms)

Prepare: number of updated asset objects reloaded= 0
AssetImportParameters requested are different than current active one (requested -> active):
  custom:container-demuxer-ogg: 62fdf1f143b41e24485cea50d1cbac27 -> 
  custom:video-decoder-ogg-theora: a1e56fd34408186e4bbccfd4996cb3dc -> 
  custom:framework-win-MediaFoundation: 216162199b28c13a410421893ffa2e32 -> 
  custom:CustomObjectIndexerAttribute: 72b91833f83ae208fae7752999fa3104 -> 
  custom:container-demuxer-webm: 4f35f7cbe854078d1ac9338744f61a02 -> 
  custom:container-muxer-webm: aa71ff27fc2769a1b78a27578f13a17b -> 
  custom:video-decoder-webm-vp8: 9c59270c3fd7afecdb556c50c9e8de78 -> 
  custom:SearchIndexIgnoredProperties: e643bd26f0fe6173181afceb89e7c659 -> 
  custom:AudioImporter_EditorPlatform: d09bf68614088b80899f8185d706f6e7 -> 
  custom:video-encoder-webm-vp8: eb34c28f22e8b96e1ab97ce403110664 -> 
  custom:audio-decoder-ogg-vorbis: bf7c407c2cedff20999df2af8eb42d56 -> 
  custom:scripting/monoscript/fileName/EnemigoMovimiento.cs: 235334258dde12424bf3a42286c43314 -> 
  custom:audio-encoder-webm-vorbis: bf7c407c2cedff20999df2af8eb42d56 -> 
  custom:scripting/precompiled-assembly-types:Assembly-CSharp: 7b9ce0129a78297d05bd4260687fef7d -> 068e914644e5ff337c2dad0ca7b1ba13
========================================================================
Received Prepare
Caller must complete domain reload
Begin MonoManager ReloadAssembly
- Loaded All Assemblies, in  0.493 seconds
Native extension for WindowsStandalone target not found
Mono: successfully reloaded assembly
- Finished resetting the current domain, in  1.564 seconds
Domain Reload Profiling: 2052ms
	BeginReloadAssembly (144ms)
		ExecutionOrderSort (0ms)
		DisableScriptedObjects (9ms)
		BackupInstance (0ms)
		ReleaseScriptingObjects (0ms)
		CreateAndSetChildDomain (36ms)
	RebuildCommonClasses (27ms)
	RebuildNativeTypeToScriptingClass (8ms)
	initialDomainReloadingComplete (30ms)
	LoadAllAssembliesAndSetupDomain (277ms)
		LoadAssemblies (325ms)
		RebuildTransferFunctionScriptingTraits (0ms)
		AnalyzeDomain (21ms)
			TypeCache.Refresh (7ms)
				TypeCache.ScanAssembly (0ms)
			ScanForSourceGeneratedMonoScriptInfo (0ms)
			ResolveRequiredComponents (11ms)
	FinalizeReload (1564ms)
		ReleaseScriptCaches (0ms)
		RebuildScriptCaches (0ms)
		SetupLoadedEditorAssemblies (483ms)
			LogAssemblyErrors (0ms)
			InitializePlatformSupportModulesInManaged (6ms)
			SetLoadedEditorAssemblies (5ms)
			RefreshPlugins (0ms)
			BeforeProcessingInitializeOnLoad (94ms)
			ProcessInitializeOnLoadAttributes (296ms)
			ProcessInitializeOnLoadMethodAttributes (73ms)
			AfterProcessingInitializeOnLoad (8ms)
			EditorAssembliesLoaded (0ms)
		ExecutionOrderSort2 (0ms)
		AwakeInstancesAfterBackupRestoration (12ms)
WARNING: Shader Unsupported: 'Hidden/Universal Render Pipeline/Terrain/Lit (Base Pass)' - All subshaders removed
WARNING: Shader Did you use #pragma only_renderers and omit this platform?
WARNING: Shader If subshaders removal was intentional, you may have forgotten turning Fallback off?
WARNING: Shader Unsupported: 'Hidden/Universal Render Pipeline/Terrain/Lit (Base Pass)' - All subshaders removed
WARNING: Shader Did you use #pragma only_renderers and omit this platform?
WARNING: Shader If subshaders removal was intentional, you may have forgotten turning Fallback off?
WARNING: Shader Unsupported: 'Universal Render Pipeline/Terrain/Lit' - All subshaders removed
WARNING: Shader Did you use #pragma only_renderers and omit this platform?
WARNING: Shader If subshaders removal was intentional, you may have forgotten turning Fallback off?
WARNING: Shader Unsupported: 'Universal Render Pipeline/Terrain/Lit' - All subshaders removed
WARNING: Shader Did you use #pragma only_renderers and omit this platform?
WARNING: Shader If subshaders removal was intentional, you may have forgotten turning Fallback off?
Refreshing native plugins compatible for Editor in 11.94 ms, found 5 plugins.
Preloading 0 native plugins for Editor in 0.00 ms.
Unloading 6034 Unused Serialized files (Serialized files now loaded: 0)
Unloading 105 unused Assets / (6.3 MB). Loaded Objects now: 6451.
Memory consumption went from 206.3 MB to 200.0 MB.
Total: 6.971600 ms (FindLiveObjects: 0.548300 ms CreateObjectMapping: 0.253300 ms MarkObjects: 3.078200 ms  DeleteObjects: 3.090500 ms)

Prepare: number of updated asset objects reloaded= 0
AssetImportParameters requested are different than current active one (requested -> active):
  custom:container-demuxer-ogg: 62fdf1f143b41e24485cea50d1cbac27 -> 
  custom:video-decoder-ogg-theora: a1e56fd34408186e4bbccfd4996cb3dc -> 
  custom:framework-win-MediaFoundation: 216162199b28c13a410421893ffa2e32 -> 
  custom:CustomObjectIndexerAttribute: 72b91833f83ae208fae7752999fa3104 -> 
  custom:container-demuxer-webm: 4f35f7cbe854078d1ac9338744f61a02 -> 
  custom:container-muxer-webm: aa71ff27fc2769a1b78a27578f13a17b -> 
  custom:video-decoder-webm-vp8: 9c59270c3fd7afecdb556c50c9e8de78 -> 
  custom:SearchIndexIgnoredProperties: e643bd26f0fe6173181afceb89e7c659 -> 
  custom:AudioImporter_EditorPlatform: d09bf68614088b80899f8185d706f6e7 -> 
  custom:video-encoder-webm-vp8: eb34c28f22e8b96e1ab97ce403110664 -> 
  custom:audio-decoder-ogg-vorbis: bf7c407c2cedff20999df2af8eb42d56 -> 
  custom:scripting/monoscript/fileName/EnemigoMovimiento.cs: 235334258dde12424bf3a42286c43314 -> 
  custom:audio-encoder-webm-vorbis: bf7c407c2cedff20999df2af8eb42d56 -> 
  custom:scripting/precompiled-assembly-types:Assembly-CSharp: 7b9ce0129a78297d05bd4260687fef7d -> 068e914644e5ff337c2dad0ca7b1ba13
========================================================================
Received Import Request.
  Time since last request: 10.974194 seconds.
  path: Assets/scripts/EnemigoMovimiento.cs
  artifactKey: Guid(8e30e785f96522b409f8eabeca4e3fc1) Importer(815301076,1909f56bfc062723c751e8b465ee728b)
Start importing Assets/scripts/EnemigoMovimiento.cs using Guid(8e30e785f96522b409f8eabeca4e3fc1) Importer(815301076,1909f56bfc062723c751e8b465ee728b) [PhysX] Initialized MultithreadedTaskDispatcher with 12 workers.
 -> (artifact id: '7a3ac493ede8105eab559e45b2ac5491') in 0.001913 seconds
Number of updated asset objects reloaded before import = 0
Number of asset objects unloaded after import = 0
========================================================================
Received Prepare
Caller must complete domain reload
Begin MonoManager ReloadAssembly
- Loaded All Assemblies, in  0.550 seconds
Native extension for WindowsStandalone target not found
Mono: successfully reloaded assembly
- Finished resetting the current domain, in  1.591 seconds
Domain Reload Profiling: 2136ms
	BeginReloadAssembly (166ms)
		ExecutionOrderSort (0ms)
		DisableScriptedObjects (9ms)
		BackupInstance (0ms)
		ReleaseScriptingObjects (0ms)
		CreateAndSetChildDomain (44ms)
	RebuildCommonClasses (35ms)
	RebuildNativeTypeToScriptingClass (9ms)
	initialDomainReloadingComplete (32ms)
	LoadAllAssembliesAndSetupDomain (303ms)
		LoadAssemblies (322ms)
		RebuildTransferFunctionScriptingTraits (0ms)
		AnalyzeDomain (56ms)
			TypeCache.Refresh (9ms)
				TypeCache.ScanAssembly (0ms)
			ScanForSourceGeneratedMonoScriptInfo (31ms)
			ResolveRequiredComponents (14ms)
	FinalizeReload (1592ms)
		ReleaseScriptCaches (0ms)
		RebuildScriptCaches (0ms)
		SetupLoadedEditorAssemblies (544ms)
			LogAssemblyErrors (0ms)
			InitializePlatformSupportModulesInManaged (7ms)
			SetLoadedEditorAssemblies (6ms)
			RefreshPlugins (0ms)
			BeforeProcessingInitializeOnLoad (107ms)
			ProcessInitializeOnLoadAttributes (334ms)
			ProcessInitializeOnLoadMethodAttributes (81ms)
			AfterProcessingInitializeOnLoad (9ms)
			EditorAssembliesLoaded (0ms)
		ExecutionOrderSort2 (0ms)
		AwakeInstancesAfterBackupRestoration (13ms)
WARNING: Shader Unsupported: 'Hidden/Universal Render Pipeline/Terrain/Lit (Base Pass)' - All subshaders removed
WARNING: Shader Did you use #pragma only_renderers and omit this platform?
WARNING: Shader If subshaders removal was intentional, you may have forgotten turning Fallback off?
WARNING: Shader Unsupported: 'Hidden/Universal Render Pipeline/Terrain/Lit (Base Pass)' - All subshaders removed
WARNING: Shader Did you use #pragma only_renderers and omit this platform?
WARNING: Shader If subshaders removal was intentional, you may have forgotten turning Fallback off?
WARNING: Shader Unsupported: 'Universal Render Pipeline/Terrain/Lit' - All subshaders removed
WARNING: Shader Did you use #pragma only_renderers and omit this platform?
WARNING: Shader If subshaders removal was intentional, you may have forgotten turning Fallback off?
WARNING: Shader Unsupported: 'Universal Render Pipeline/Terrain/Lit' - All subshaders removed
WARNING: Shader Did you use #pragma only_renderers and omit this platform?
WARNING: Shader If subshaders removal was intentional, you may have forgotten turning Fallback off?
Refreshing native plugins compatible for Editor in 11.96 ms, found 5 plugins.
Preloading 0 native plugins for Editor in 0.00 ms.
Unloading 6034 Unused Serialized files (Serialized files now loaded: 0)
Unloading 105 unused Assets / (6.4 MB). Loaded Objects now: 6456.
Memory consumption went from 206.3 MB to 199.9 MB.
Total: 6.811000 ms (FindLiveObjects: 0.662800 ms CreateObjectMapping: 0.264000 ms MarkObjects: 3.133600 ms  DeleteObjects: 2.748800 ms)

Prepare: number of updated asset objects reloaded= 0
AssetImportParameters requested are different than current active one (requested -> active):
  custom:container-demuxer-ogg: 62fdf1f143b41e24485cea50d1cbac27 -> 
  custom:video-decoder-ogg-theora: a1e56fd34408186e4bbccfd4996cb3dc -> 
  custom:framework-win-MediaFoundation: 216162199b28c13a410421893ffa2e32 -> 
  custom:CustomObjectIndexerAttribute: 72b91833f83ae208fae7752999fa3104 -> 
  custom:container-demuxer-webm: 4f35f7cbe854078d1ac9338744f61a02 -> 
  custom:container-muxer-webm: aa71ff27fc2769a1b78a27578f13a17b -> 
  custom:video-decoder-webm-vp8: 9c59270c3fd7afecdb556c50c9e8de78 -> 
  custom:SearchIndexIgnoredProperties: e643bd26f0fe6173181afceb89e7c659 -> 
  custom:AudioImporter_EditorPlatform: d09bf68614088b80899f8185d706f6e7 -> 
  custom:video-encoder-webm-vp8: eb34c28f22e8b96e1ab97ce403110664 -> 
  custom:audio-decoder-ogg-vorbis: bf7c407c2cedff20999df2af8eb42d56 -> 
  custom:scripting/monoscript/fileName/EnemigoMovimiento.cs: 7de732fab2c49f3068a483eb669d8d17 -> 
  custom:audio-encoder-webm-vorbis: bf7c407c2cedff20999df2af8eb42d56 -> 
  custom:scripting/precompiled-assembly-types:Assembly-CSharp: 71512880da8c9e964d84871ed5be302c -> 068e914644e5ff337c2dad0ca7b1ba13
========================================================================
Received Prepare
Caller must complete domain reload
Begin MonoManager ReloadAssembly
- Loaded All Assemblies, in  0.464 seconds
Native extension for WindowsStandalone target not found
Mono: successfully reloaded assembly
- Finished resetting the current domain, in  1.576 seconds
Domain Reload Profiling: 2035ms
	BeginReloadAssembly (148ms)
		ExecutionOrderSort (0ms)
		DisableScriptedObjects (9ms)
		BackupInstance (0ms)
		ReleaseScriptingObjects (0ms)
		CreateAndSetChildDomain (35ms)
	RebuildCommonClasses (27ms)
	RebuildNativeTypeToScriptingClass (10ms)
	initialDomainReloadingComplete (34ms)
	LoadAllAssembliesAndSetupDomain (240ms)
		LoadAssemblies (297ms)
		RebuildTransferFunctionScriptingTraits (0ms)
		AnalyzeDomain (17ms)
			TypeCache.Refresh (6ms)
				TypeCache.ScanAssembly (0ms)
			ScanForSourceGeneratedMonoScriptInfo (0ms)
			ResolveRequiredComponents (10ms)
	FinalizeReload (1577ms)
		ReleaseScriptCaches (0ms)
		RebuildScriptCaches (0ms)
		SetupLoadedEditorAssemblies (504ms)
			LogAssemblyErrors (0ms)
			InitializePlatformSupportModulesInManaged (6ms)
			SetLoadedEditorAssemblies (6ms)
			RefreshPlugins (0ms)
			BeforeProcessingInitializeOnLoad (98ms)
			ProcessInitializeOnLoadAttributes (309ms)
			ProcessInitializeOnLoadMethodAttributes (75ms)
			AfterProcessingInitializeOnLoad (9ms)
			EditorAssembliesLoaded (0ms)
		ExecutionOrderSort2 (0ms)
		AwakeInstancesAfterBackupRestoration (13ms)
WARNING: Shader Unsupported: 'Hidden/Universal Render Pipeline/Terrain/Lit (Base Pass)' - All subshaders removed
WARNING: Shader Did you use #pragma only_renderers and omit this platform?
WARNING: Shader If subshaders removal was intentional, you may have forgotten turning Fallback off?
WARNING: Shader Unsupported: 'Hidden/Universal Render Pipeline/Terrain/Lit (Base Pass)' - All subshaders removed
WARNING: Shader Did you use #pragma only_renderers and omit this platform?
WARNING: Shader If subshaders removal was intentional, you may have forgotten turning Fallback off?
WARNING: Shader Unsupported: 'Universal Render Pipeline/Terrain/Lit' - All subshaders removed
WARNING: Shader Did you use #pragma only_renderers and omit this platform?
WARNING: Shader If subshaders removal was intentional, you may have forgotten turning Fallback off?
WARNING: Shader Unsupported: 'Universal Render Pipeline/Terrain/Lit' - All subshaders removed
WARNING: Shader Did you use #pragma only_renderers and omit this platform?
WARNING: Shader If subshaders removal was intentional, you may have forgotten turning Fallback off?
Refreshing native plugins compatible for Editor in 14.13 ms, found 5 plugins.
Preloading 0 native plugins for Editor in 0.00 ms.
Unloading 6034 Unused Serialized files (Serialized files now loaded: 0)
Unloading 105 unused Assets / (6.3 MB). Loaded Objects now: 6461.
Memory consumption went from 206.3 MB to 200.0 MB.
Total: 8.625300 ms (FindLiveObjects: 0.573000 ms CreateObjectMapping: 0.491900 ms MarkObjects: 3.333400 ms  DeleteObjects: 4.225000 ms)

Prepare: number of updated asset objects reloaded= 0
AssetImportParameters requested are different than current active one (requested -> active):
  custom:container-demuxer-ogg: 62fdf1f143b41e24485cea50d1cbac27 -> 
  custom:video-decoder-ogg-theora: a1e56fd34408186e4bbccfd4996cb3dc -> 
  custom:framework-win-MediaFoundation: 216162199b28c13a410421893ffa2e32 -> 
  custom:CustomObjectIndexerAttribute: 72b91833f83ae208fae7752999fa3104 -> 
  custom:container-demuxer-webm: 4f35f7cbe854078d1ac9338744f61a02 -> 
  custom:container-muxer-webm: aa71ff27fc2769a1b78a27578f13a17b -> 
  custom:video-decoder-webm-vp8: 9c59270c3fd7afecdb556c50c9e8de78 -> 
  custom:SearchIndexIgnoredProperties: e643bd26f0fe6173181afceb89e7c659 -> 
  custom:AudioImporter_EditorPlatform: d09bf68614088b80899f8185d706f6e7 -> 
  custom:video-encoder-webm-vp8: eb34c28f22e8b96e1ab97ce403110664 -> 
  custom:audio-decoder-ogg-vorbis: bf7c407c2cedff20999df2af8eb42d56 -> 
  custom:scripting/monoscript/fileName/EnemigoMovimiento.cs: 7de732fab2c49f3068a483eb669d8d17 -> 
  custom:audio-encoder-webm-vorbis: bf7c407c2cedff20999df2af8eb42d56 -> 
  custom:scripting/precompiled-assembly-types:Assembly-CSharp: 71512880da8c9e964d84871ed5be302c -> 068e914644e5ff337c2dad0ca7b1ba13
========================================================================
Received Prepare
Caller must complete domain reload
Begin MonoManager ReloadAssembly
- Loaded All Assemblies, in  0.517 seconds
Native extension for WindowsStandalone target not found
Mono: successfully reloaded assembly
- Finished resetting the current domain, in  1.591 seconds
Domain Reload Profiling: 2101ms
	BeginReloadAssembly (152ms)
		ExecutionOrderSort (0ms)
		DisableScriptedObjects (10ms)
		BackupInstance (0ms)
		ReleaseScriptingObjects (0ms)
		CreateAndSetChildDomain (38ms)
	RebuildCommonClasses (28ms)
	RebuildNativeTypeToScriptingClass (8ms)
	initialDomainReloadingComplete (34ms)
	LoadAllAssembliesAndSetupDomain (288ms)
		LoadAssemblies (316ms)
		RebuildTransferFunctionScriptingTraits (0ms)
		AnalyzeDomain (43ms)
			TypeCache.Refresh (9ms)
				TypeCache.ScanAssembly (0ms)
			ScanForSourceGeneratedMonoScriptInfo (19ms)
			ResolveRequiredComponents (14ms)
	FinalizeReload (1592ms)
		ReleaseScriptCaches (0ms)
		RebuildScriptCaches (0ms)
		SetupLoadedEditorAssemblies (502ms)
			LogAssemblyErrors (0ms)
			InitializePlatformSupportModulesInManaged (7ms)
			SetLoadedEditorAssemblies (5ms)
			RefreshPlugins (0ms)
			BeforeProcessingInitializeOnLoad (97ms)
			ProcessInitializeOnLoadAttributes (304ms)
			ProcessInitializeOnLoadMethodAttributes (79ms)
			AfterProcessingInitializeOnLoad (9ms)
			EditorAssembliesLoaded (0ms)
		ExecutionOrderSort2 (0ms)
		AwakeInstancesAfterBackupRestoration (14ms)
WARNING: Shader Unsupported: 'Hidden/Universal Render Pipeline/Terrain/Lit (Base Pass)' - All subshaders removed
WARNING: Shader Did you use #pragma only_renderers and omit this platform?
WARNING: Shader If subshaders removal was intentional, you may have forgotten turning Fallback off?
WARNING: Shader Unsupported: 'Hidden/Universal Render Pipeline/Terrain/Lit (Base Pass)' - All subshaders removed
WARNING: Shader Did you use #pragma only_renderers and omit this platform?
WARNING: Shader If subshaders removal was intentional, you may have forgotten turning Fallback off?
WARNING: Shader Unsupported: 'Universal Render Pipeline/Terrain/Lit' - All subshaders removed
WARNING: Shader Did you use #pragma only_renderers and omit this platform?
WARNING: Shader If subshaders removal was intentional, you may have forgotten turning Fallback off?
WARNING: Shader Unsupported: 'Universal Render Pipeline/Terrain/Lit' - All subshaders removed
WARNING: Shader Did you use #pragma only_renderers and omit this platform?
WARNING: Shader If subshaders removal was intentional, you may have forgotten turning Fallback off?
Refreshing native plugins compatible for Editor in 11.77 ms, found 5 plugins.
Preloading 0 native plugins for Editor in 0.00 ms.
Unloading 6034 Unused Serialized files (Serialized files now loaded: 0)
Unloading 105 unused Assets / (6.4 MB). Loaded Objects now: 6466.
Memory consumption went from 206.3 MB to 200.0 MB.
Total: 7.441800 ms (FindLiveObjects: 0.501900 ms CreateObjectMapping: 0.204900 ms MarkObjects: 3.286900 ms  DeleteObjects: 3.446700 ms)

Prepare: number of updated asset objects reloaded= 0
AssetImportParameters requested are different than current active one (requested -> active):
  custom:container-demuxer-ogg: 62fdf1f143b41e24485cea50d1cbac27 -> 
  custom:video-decoder-ogg-theora: a1e56fd34408186e4bbccfd4996cb3dc -> 
  custom:framework-win-MediaFoundation: 216162199b28c13a410421893ffa2e32 -> 
  custom:CustomObjectIndexerAttribute: 72b91833f83ae208fae7752999fa3104 -> 
  custom:container-demuxer-webm: 4f35f7cbe854078d1ac9338744f61a02 -> 
  custom:container-muxer-webm: aa71ff27fc2769a1b78a27578f13a17b -> 
  custom:video-decoder-webm-vp8: 9c59270c3fd7afecdb556c50c9e8de78 -> 
  custom:SearchIndexIgnoredProperties: e643bd26f0fe6173181afceb89e7c659 -> 
  custom:AudioImporter_EditorPlatform: d09bf68614088b80899f8185d706f6e7 -> 
  custom:video-encoder-webm-vp8: eb34c28f22e8b96e1ab97ce403110664 -> 
  custom:audio-decoder-ogg-vorbis: bf7c407c2cedff20999df2af8eb42d56 -> 
  custom:scripting/monoscript/fileName/EnemigoMovimiento.cs: 235334258dde12424bf3a42286c43314 -> 
  custom:audio-encoder-webm-vorbis: bf7c407c2cedff20999df2af8eb42d56 -> 
  custom:scripting/precompiled-assembly-types:Assembly-CSharp: 7b9ce0129a78297d05bd4260687fef7d -> 068e914644e5ff337c2dad0ca7b1ba13
========================================================================
Received Prepare
Caller must complete domain reload
Begin MonoManager ReloadAssembly
- Loaded All Assemblies, in  0.589 seconds
Native extension for WindowsStandalone target not found
Mono: successfully reloaded assembly
- Finished resetting the current domain, in  1.781 seconds
Domain Reload Profiling: 2364ms
	BeginReloadAssembly (173ms)
		ExecutionOrderSort (0ms)
		DisableScriptedObjects (9ms)
		BackupInstance (0ms)
		ReleaseScriptingObjects (0ms)
		CreateAndSetChildDomain (38ms)
	RebuildCommonClasses (44ms)
	RebuildNativeTypeToScriptingClass (14ms)
	initialDomainReloadingComplete (40ms)
	LoadAllAssembliesAndSetupDomain (311ms)
		LoadAssemblies (383ms)
		RebuildTransferFunctionScriptingTraits (0ms)
		AnalyzeDomain (20ms)
			TypeCache.Refresh (7ms)
				TypeCache.ScanAssembly (0ms)
			ScanForSourceGeneratedMonoScriptInfo (0ms)
			ResolveRequiredComponents (10ms)
	FinalizeReload (1781ms)
		ReleaseScriptCaches (0ms)
		RebuildScriptCaches (0ms)
		SetupLoadedEditorAssemblies (521ms)
			LogAssemblyErrors (0ms)
			InitializePlatformSupportModulesInManaged (6ms)
			SetLoadedEditorAssemblies (6ms)
			RefreshPlugins (0ms)
			BeforeProcessingInitializeOnLoad (103ms)
			ProcessInitializeOnLoadAttributes (317ms)
			ProcessInitializeOnLoadMethodAttributes (78ms)
			AfterProcessingInitializeOnLoad (11ms)
			EditorAssembliesLoaded (0ms)
		ExecutionOrderSort2 (0ms)
		AwakeInstancesAfterBackupRestoration (14ms)
WARNING: Shader Unsupported: 'Hidden/Universal Render Pipeline/Terrain/Lit (Base Pass)' - All subshaders removed
WARNING: Shader Did you use #pragma only_renderers and omit this platform?
WARNING: Shader If subshaders removal was intentional, you may have forgotten turning Fallback off?
WARNING: Shader Unsupported: 'Hidden/Universal Render Pipeline/Terrain/Lit (Base Pass)' - All subshaders removed
WARNING: Shader Did you use #pragma only_renderers and omit this platform?
WARNING: Shader If subshaders removal was intentional, you may have forgotten turning Fallback off?
WARNING: Shader Unsupported: 'Universal Render Pipeline/Terrain/Lit' - All subshaders removed
WARNING: Shader Did you use #pragma only_renderers and omit this platform?
WARNING: Shader If subshaders removal was intentional, you may have forgotten turning Fallback off?
WARNING: Shader Unsupported: 'Universal Render Pipeline/Terrain/Lit' - All subshaders removed
WARNING: Shader Did you use #pragma only_renderers and omit this platform?
WARNING: Shader If subshaders removal was intentional, you may have forgotten turning Fallback off?
Refreshing native plugins compatible for Editor in 12.19 ms, found 5 plugins.
Preloading 0 native plugins for Editor in 0.00 ms.
Unloading 6034 Unused Serialized files (Serialized files now loaded: 0)
Unloading 105 unused Assets / (6.5 MB). Loaded Objects now: 6471.
Memory consumption went from 206.4 MB to 200.0 MB.
Total: 7.743600 ms (FindLiveObjects: 0.829800 ms CreateObjectMapping: 0.330800 ms MarkObjects: 3.440400 ms  DeleteObjects: 3.140900 ms)

Prepare: number of updated asset objects reloaded= 0
AssetImportParameters requested are different than current active one (requested -> active):
  custom:container-demuxer-ogg: 62fdf1f143b41e24485cea50d1cbac27 -> 
  custom:video-decoder-ogg-theora: a1e56fd34408186e4bbccfd4996cb3dc -> 
  custom:framework-win-MediaFoundation: 216162199b28c13a410421893ffa2e32 -> 
  custom:CustomObjectIndexerAttribute: 72b91833f83ae208fae7752999fa3104 -> 
  custom:container-demuxer-webm: 4f35f7cbe854078d1ac9338744f61a02 -> 
  custom:container-muxer-webm: aa71ff27fc2769a1b78a27578f13a17b -> 
  custom:video-decoder-webm-vp8: 9c59270c3fd7afecdb556c50c9e8de78 -> 
  custom:SearchIndexIgnoredProperties: e643bd26f0fe6173181afceb89e7c659 -> 
  custom:AudioImporter_EditorPlatform: d09bf68614088b80899f8185d706f6e7 -> 
  custom:video-encoder-webm-vp8: eb34c28f22e8b96e1ab97ce403110664 -> 
  custom:audio-decoder-ogg-vorbis: bf7c407c2cedff20999df2af8eb42d56 -> 
  custom:scripting/monoscript/fileName/EnemigoMovimiento.cs: 235334258dde12424bf3a42286c43314 -> 
  custom:audio-encoder-webm-vorbis: bf7c407c2cedff20999df2af8eb42d56 -> 
  custom:scripting/precompiled-assembly-types:Assembly-CSharp: 7b9ce0129a78297d05bd4260687fef7d -> 068e914644e5ff337c2dad0ca7b1ba13
========================================================================
Received Prepare
Caller must complete domain reload
Begin MonoManager ReloadAssembly
- Loaded All Assemblies, in  0.548 seconds
Native extension for WindowsStandalone target not found
Mono: successfully reloaded assembly
- Finished resetting the current domain, in  1.408 seconds
Domain Reload Profiling: 1951ms
	BeginReloadAssembly (153ms)
		ExecutionOrderSort (0ms)
		DisableScriptedObjects (10ms)
		BackupInstance (0ms)
		ReleaseScriptingObjects (0ms)
		CreateAndSetChildDomain (40ms)
	RebuildCommonClasses (33ms)
	RebuildNativeTypeToScriptingClass (14ms)
	initialDomainReloadingComplete (39ms)
	LoadAllAssembliesAndSetupDomain (303ms)
		LoadAssemblies (336ms)
		RebuildTransferFunctionScriptingTraits (0ms)
		AnalyzeDomain (40ms)
			TypeCache.Refresh (9ms)
				TypeCache.ScanAssembly (0ms)
			ScanForSourceGeneratedMonoScriptInfo (20ms)
			ResolveRequiredComponents (9ms)
	FinalizeReload (1408ms)
		ReleaseScriptCaches (0ms)
		RebuildScriptCaches (0ms)
		SetupLoadedEditorAssemblies (427ms)
			LogAssemblyErrors (0ms)
			InitializePlatformSupportModulesInManaged (5ms)
			SetLoadedEditorAssemblies (5ms)
			RefreshPlugins (0ms)
			BeforeProcessingInitializeOnLoad (81ms)
			ProcessInitializeOnLoadAttributes (256ms)
			ProcessInitializeOnLoadMethodAttributes (71ms)
			AfterProcessingInitializeOnLoad (9ms)
			EditorAssembliesLoaded (0ms)
		ExecutionOrderSort2 (0ms)
		AwakeInstancesAfterBackupRestoration (11ms)
WARNING: Shader Unsupported: 'Hidden/Universal Render Pipeline/Terrain/Lit (Base Pass)' - All subshaders removed
WARNING: Shader Did you use #pragma only_renderers and omit this platform?
WARNING: Shader If subshaders removal was intentional, you may have forgotten turning Fallback off?
WARNING: Shader Unsupported: 'Hidden/Universal Render Pipeline/Terrain/Lit (Base Pass)' - All subshaders removed
WARNING: Shader Did you use #pragma only_renderers and omit this platform?
WARNING: Shader If subshaders removal was intentional, you may have forgotten turning Fallback off?
WARNING: Shader Unsupported: 'Universal Render Pipeline/Terrain/Lit' - All subshaders removed
WARNING: Shader Did you use #pragma only_renderers and omit this platform?
WARNING: Shader If subshaders removal was intentional, you may have forgotten turning Fallback off?
WARNING: Shader Unsupported: 'Universal Render Pipeline/Terrain/Lit' - All subshaders removed
WARNING: Shader Did you use #pragma only_renderers and omit this platform?
WARNING: Shader If subshaders removal was intentional, you may have forgotten turning Fallback off?
Refreshing native plugins compatible for Editor in 8.67 ms, found 5 plugins.
Preloading 0 native plugins for Editor in 0.00 ms.
Unloading 6034 Unused Serialized files (Serialized files now loaded: 0)
Unloading 105 unused Assets / (6.4 MB). Loaded Objects now: 6476.
Memory consumption went from 206.4 MB to 200.0 MB.
Total: 5.988800 ms (FindLiveObjects: 0.411200 ms CreateObjectMapping: 0.166000 ms MarkObjects: 2.766800 ms  DeleteObjects: 2.643800 ms)

Prepare: number of updated asset objects reloaded= 0
AssetImportParameters requested are different than current active one (requested -> active):
  custom:container-demuxer-ogg: 62fdf1f143b41e24485cea50d1cbac27 -> 
  custom:video-decoder-ogg-theora: a1e56fd34408186e4bbccfd4996cb3dc -> 
  custom:framework-win-MediaFoundation: 216162199b28c13a410421893ffa2e32 -> 
  custom:CustomObjectIndexerAttribute: 72b91833f83ae208fae7752999fa3104 -> 
  custom:container-demuxer-webm: 4f35f7cbe854078d1ac9338744f61a02 -> 
  custom:container-muxer-webm: aa71ff27fc2769a1b78a27578f13a17b -> 
  custom:video-decoder-webm-vp8: 9c59270c3fd7afecdb556c50c9e8de78 -> 
  custom:SearchIndexIgnoredProperties: e643bd26f0fe6173181afceb89e7c659 -> 
  custom:AudioImporter_EditorPlatform: d09bf68614088b80899f8185d706f6e7 -> 
  custom:video-encoder-webm-vp8: eb34c28f22e8b96e1ab97ce403110664 -> 
  custom:audio-decoder-ogg-vorbis: bf7c407c2cedff20999df2af8eb42d56 -> 
  custom:scripting/monoscript/fileName/EnemigoMovimiento.cs: 235334258dde12424bf3a42286c43314 -> 
  custom:audio-encoder-webm-vorbis: bf7c407c2cedff20999df2af8eb42d56 -> 
  custom:scripting/precompiled-assembly-types:Assembly-CSharp: 7b9ce0129a78297d05bd4260687fef7d -> 068e914644e5ff337c2dad0ca7b1ba13
========================================================================
Received Prepare
Caller must complete domain reload
Begin MonoManager ReloadAssembly
- Loaded All Assemblies, in  0.470 seconds
Native extension for WindowsStandalone target not found
Mono: successfully reloaded assembly
- Finished resetting the current domain, in  1.568 seconds
Domain Reload Profiling: 2030ms
	BeginReloadAssembly (143ms)
		ExecutionOrderSort (0ms)
		DisableScriptedObjects (9ms)
		BackupInstance (0ms)
		ReleaseScriptingObjects (0ms)
		CreateAndSetChildDomain (33ms)
	RebuildCommonClasses (26ms)
	RebuildNativeTypeToScriptingClass (8ms)
	initialDomainReloadingComplete (34ms)
	LoadAllAssembliesAndSetupDomain (250ms)
		LoadAssemblies (304ms)
		RebuildTransferFunctionScriptingTraits (0ms)
		AnalyzeDomain (18ms)
			TypeCache.Refresh (6ms)
				TypeCache.ScanAssembly (0ms)
			ScanForSourceGeneratedMonoScriptInfo (0ms)
			ResolveRequiredComponents (10ms)
	FinalizeReload (1568ms)
		ReleaseScriptCaches (0ms)
		RebuildScriptCaches (0ms)
		SetupLoadedEditorAssemblies (497ms)
			LogAssemblyErrors (0ms)
			InitializePlatformSupportModulesInManaged (7ms)
			SetLoadedEditorAssemblies (5ms)
			RefreshPlugins (0ms)
			BeforeProcessingInitializeOnLoad (96ms)
			ProcessInitializeOnLoadAttributes (303ms)
			ProcessInitializeOnLoadMethodAttributes (74ms)
			AfterProcessingInitializeOnLoad (11ms)
			EditorAssembliesLoaded (0ms)
		ExecutionOrderSort2 (0ms)
		AwakeInstancesAfterBackupRestoration (14ms)
WARNING: Shader Unsupported: 'Hidden/Universal Render Pipeline/Terrain/Lit (Base Pass)' - All subshaders removed
WARNING: Shader Did you use #pragma only_renderers and omit this platform?
WARNING: Shader If subshaders removal was intentional, you may have forgotten turning Fallback off?
WARNING: Shader Unsupported: 'Hidden/Universal Render Pipeline/Terrain/Lit (Base Pass)' - All subshaders removed
WARNING: Shader Did you use #pragma only_renderers and omit this platform?
WARNING: Shader If subshaders removal was intentional, you may have forgotten turning Fallback off?
WARNING: Shader Unsupported: 'Universal Render Pipeline/Terrain/Lit' - All subshaders removed
WARNING: Shader Did you use #pragma only_renderers and omit this platform?
WARNING: Shader If subshaders removal was intentional, you may have forgotten turning Fallback off?
WARNING: Shader Unsupported: 'Universal Render Pipeline/Terrain/Lit' - All subshaders removed
WARNING: Shader Did you use #pragma only_renderers and omit this platform?
WARNING: Shader If subshaders removal was intentional, you may have forgotten turning Fallback off?
Refreshing native plugins compatible for Editor in 12.74 ms, found 5 plugins.
Preloading 0 native plugins for Editor in 0.00 ms.
Unloading 6034 Unused Serialized files (Serialized files now loaded: 0)
Unloading 105 unused Assets / (6.4 MB). Loaded Objects now: 6481.
Memory consumption went from 206.3 MB to 199.9 MB.
Total: 7.606200 ms (FindLiveObjects: 0.811200 ms CreateObjectMapping: 0.387200 ms MarkObjects: 3.207500 ms  DeleteObjects: 3.199000 ms)

Prepare: number of updated asset objects reloaded= 0
AssetImportParameters requested are different than current active one (requested -> active):
  custom:container-demuxer-ogg: 62fdf1f143b41e24485cea50d1cbac27 -> 
  custom:video-decoder-ogg-theora: a1e56fd34408186e4bbccfd4996cb3dc -> 
  custom:framework-win-MediaFoundation: 216162199b28c13a410421893ffa2e32 -> 
  custom:CustomObjectIndexerAttribute: 72b91833f83ae208fae7752999fa3104 -> 
  custom:container-demuxer-webm: 4f35f7cbe854078d1ac9338744f61a02 -> 
  custom:container-muxer-webm: aa71ff27fc2769a1b78a27578f13a17b -> 
  custom:video-decoder-webm-vp8: 9c59270c3fd7afecdb556c50c9e8de78 -> 
  custom:SearchIndexIgnoredProperties: e643bd26f0fe6173181afceb89e7c659 -> 
  custom:AudioImporter_EditorPlatform: d09bf68614088b80899f8185d706f6e7 -> 
  custom:video-encoder-webm-vp8: eb34c28f22e8b96e1ab97ce403110664 -> 
  custom:audio-decoder-ogg-vorbis: bf7c407c2cedff20999df2af8eb42d56 -> 
  custom:scripting/monoscript/fileName/EnemigoMovimiento.cs: 235334258dde12424bf3a42286c43314 -> 
  custom:audio-encoder-webm-vorbis: bf7c407c2cedff20999df2af8eb42d56 -> 
  custom:scripting/precompiled-assembly-types:Assembly-CSharp: 7b9ce0129a78297d05bd4260687fef7d -> 068e914644e5ff337c2dad0ca7b1ba13
========================================================================
Received Import Request.
  Time since last request: 876.233152 seconds.
  path: Assets/scripts/EnemigoMovimiento.cs
  artifactKey: Guid(8e30e785f96522b409f8eabeca4e3fc1) Importer(815301076,1909f56bfc062723c751e8b465ee728b)
Start importing Assets/scripts/EnemigoMovimiento.cs using Guid(8e30e785f96522b409f8eabeca4e3fc1) Importer(815301076,1909f56bfc062723c751e8b465ee728b) [PhysX] Initialized MultithreadedTaskDispatcher with 12 workers.
 -> (artifact id: '4138ec87ead12b55e6fceed2d7db0b8e') in 0.002119 seconds
Number of updated asset objects reloaded before import = 0
Number of asset objects unloaded after import = 0
========================================================================
Received Prepare
Caller must complete domain reload
Begin MonoManager ReloadAssembly
- Loaded All Assemblies, in  0.479 seconds
Native extension for WindowsStandalone target not found
Mono: successfully reloaded assembly
- Finished resetting the current domain, in  1.634 seconds
Domain Reload Profiling: 2108ms
	BeginReloadAssembly (148ms)
		ExecutionOrderSort (0ms)
		DisableScriptedObjects (9ms)
		BackupInstance (0ms)
		ReleaseScriptingObjects (0ms)
		CreateAndSetChildDomain (35ms)
	RebuildCommonClasses (26ms)
	RebuildNativeTypeToScriptingClass (8ms)
	initialDomainReloadingComplete (30ms)
	LoadAllAssembliesAndSetupDomain (261ms)
		LoadAssemblies (314ms)
		RebuildTransferFunctionScriptingTraits (0ms)
		AnalyzeDomain (19ms)
			TypeCache.Refresh (7ms)
				TypeCache.ScanAssembly (0ms)
			ScanForSourceGeneratedMonoScriptInfo (0ms)
			ResolveRequiredComponents (10ms)
	FinalizeReload (1634ms)
		ReleaseScriptCaches (0ms)
		RebuildScriptCaches (0ms)
		SetupLoadedEditorAssemblies (509ms)
			LogAssemblyErrors (0ms)
			InitializePlatformSupportModulesInManaged (6ms)
			SetLoadedEditorAssemblies (6ms)
			RefreshPlugins (0ms)
			BeforeProcessingInitializeOnLoad (100ms)
			ProcessInitializeOnLoadAttributes (311ms)
			ProcessInitializeOnLoadMethodAttributes (78ms)
			AfterProcessingInitializeOnLoad (9ms)
			EditorAssembliesLoaded (0ms)
		ExecutionOrderSort2 (0ms)
		AwakeInstancesAfterBackupRestoration (14ms)
WARNING: Shader Unsupported: 'Hidden/Universal Render Pipeline/Terrain/Lit (Base Pass)' - All subshaders removed
WARNING: Shader Did you use #pragma only_renderers and omit this platform?
WARNING: Shader If subshaders removal was intentional, you may have forgotten turning Fallback off?
WARNING: Shader Unsupported: 'Hidden/Universal Render Pipeline/Terrain/Lit (Base Pass)' - All subshaders removed
WARNING: Shader Did you use #pragma only_renderers and omit this platform?
WARNING: Shader If subshaders removal was intentional, you may have forgotten turning Fallback off?
WARNING: Shader Unsupported: 'Universal Render Pipeline/Terrain/Lit' - All subshaders removed
WARNING: Shader Did you use #pragma only_renderers and omit this platform?
WARNING: Shader If subshaders removal was intentional, you may have forgotten turning Fallback off?
WARNING: Shader Unsupported: 'Universal Render Pipeline/Terrain/Lit' - All subshaders removed
WARNING: Shader Did you use #pragma only_renderers and omit this platform?
WARNING: Shader If subshaders removal was intentional, you may have forgotten turning Fallback off?
Refreshing native plugins compatible for Editor in 12.18 ms, found 5 plugins.
Preloading 0 native plugins for Editor in 0.00 ms.
Unloading 6034 Unused Serialized files (Serialized files now loaded: 0)
Unloading 105 unused Assets / (6.4 MB). Loaded Objects now: 6486.
Memory consumption went from 206.4 MB to 200.0 MB.
Total: 7.530400 ms (FindLiveObjects: 0.462600 ms CreateObjectMapping: 0.230800 ms MarkObjects: 3.284100 ms  DeleteObjects: 3.551600 ms)

Prepare: number of updated asset objects reloaded= 0
AssetImportParameters requested are different than current active one (requested -> active):
  custom:container-demuxer-ogg: 62fdf1f143b41e24485cea50d1cbac27 -> 
  custom:video-decoder-ogg-theora: a1e56fd34408186e4bbccfd4996cb3dc -> 
  custom:framework-win-MediaFoundation: 216162199b28c13a410421893ffa2e32 -> 
  custom:CustomObjectIndexerAttribute: 72b91833f83ae208fae7752999fa3104 -> 
  custom:container-demuxer-webm: 4f35f7cbe854078d1ac9338744f61a02 -> 
  custom:container-muxer-webm: aa71ff27fc2769a1b78a27578f13a17b -> 
  custom:video-decoder-webm-vp8: 9c59270c3fd7afecdb556c50c9e8de78 -> 
  custom:SearchIndexIgnoredProperties: e643bd26f0fe6173181afceb89e7c659 -> 
  custom:AudioImporter_EditorPlatform: d09bf68614088b80899f8185d706f6e7 -> 
  custom:video-encoder-webm-vp8: eb34c28f22e8b96e1ab97ce403110664 -> 
  custom:audio-decoder-ogg-vorbis: bf7c407c2cedff20999df2af8eb42d56 -> 
  custom:scripting/monoscript/fileName/EnemigoMovimiento.cs: 235334258dde12424bf3a42286c43314 -> 
  custom:audio-encoder-webm-vorbis: bf7c407c2cedff20999df2af8eb42d56 -> 
  custom:scripting/precompiled-assembly-types:Assembly-CSharp: 7b9ce0129a78297d05bd4260687fef7d -> 068e914644e5ff337c2dad0ca7b1ba13
========================================================================
Received Prepare
Caller must complete domain reload
Begin MonoManager ReloadAssembly
- Loaded All Assemblies, in  0.478 seconds
Native extension for WindowsStandalone target not found
Mono: successfully reloaded assembly
- Finished resetting the current domain, in  1.541 seconds
Domain Reload Profiling: 2014ms
	BeginReloadAssembly (142ms)
		ExecutionOrderSort (0ms)
		DisableScriptedObjects (9ms)
		BackupInstance (0ms)
		ReleaseScriptingObjects (0ms)
		CreateAndSetChildDomain (34ms)
	RebuildCommonClasses (32ms)
	RebuildNativeTypeToScriptingClass (9ms)
	initialDomainReloadingComplete (30ms)
	LoadAllAssembliesAndSetupDomain (259ms)
		LoadAssemblies (311ms)
		RebuildTransferFunctionScriptingTraits (0ms)
		AnalyzeDomain (17ms)
			TypeCache.Refresh (6ms)
				TypeCache.ScanAssembly (0ms)
			ScanForSourceGeneratedMonoScriptInfo (0ms)
			ResolveRequiredComponents (10ms)
	FinalizeReload (1541ms)
		ReleaseScriptCaches (0ms)
		RebuildScriptCaches (0ms)
		SetupLoadedEditorAssemblies (498ms)
			LogAssemblyErrors (0ms)
			InitializePlatformSupportModulesInManaged (6ms)
			SetLoadedEditorAssemblies (6ms)
			RefreshPlugins (0ms)
			BeforeProcessingInitializeOnLoad (96ms)
			ProcessInitializeOnLoadAttributes (302ms)
			ProcessInitializeOnLoadMethodAttributes (79ms)
			AfterProcessingInitializeOnLoad (9ms)
			EditorAssembliesLoaded (0ms)
		ExecutionOrderSort2 (0ms)
		AwakeInstancesAfterBackupRestoration (13ms)
WARNING: Shader Unsupported: 'Hidden/Universal Render Pipeline/Terrain/Lit (Base Pass)' - All subshaders removed
WARNING: Shader Did you use #pragma only_renderers and omit this platform?
WARNING: Shader If subshaders removal was intentional, you may have forgotten turning Fallback off?
WARNING: Shader Unsupported: 'Hidden/Universal Render Pipeline/Terrain/Lit (Base Pass)' - All subshaders removed
WARNING: Shader Did you use #pragma only_renderers and omit this platform?
WARNING: Shader If subshaders removal was intentional, you may have forgotten turning Fallback off?
WARNING: Shader Unsupported: 'Universal Render Pipeline/Terrain/Lit' - All subshaders removed
WARNING: Shader Did you use #pragma only_renderers and omit this platform?
WARNING: Shader If subshaders removal was intentional, you may have forgotten turning Fallback off?
WARNING: Shader Unsupported: 'Universal Render Pipeline/Terrain/Lit' - All subshaders removed
WARNING: Shader Did you use #pragma only_renderers and omit this platform?
WARNING: Shader If subshaders removal was intentional, you may have forgotten turning Fallback off?
Refreshing native plugins compatible for Editor in 11.32 ms, found 5 plugins.
Preloading 0 native plugins for Editor in 0.00 ms.
Unloading 6034 Unused Serialized files (Serialized files now loaded: 0)
Unloading 105 unused Assets / (6.3 MB). Loaded Objects now: 6491.
Memory consumption went from 206.3 MB to 200.0 MB.
Total: 7.004000 ms (FindLiveObjects: 0.478900 ms CreateObjectMapping: 0.259300 ms MarkObjects: 2.951900 ms  DeleteObjects: 3.312500 ms)

Prepare: number of updated asset objects reloaded= 0
AssetImportParameters requested are different than current active one (requested -> active):
  custom:container-demuxer-ogg: 62fdf1f143b41e24485cea50d1cbac27 -> 
  custom:video-decoder-ogg-theora: a1e56fd34408186e4bbccfd4996cb3dc -> 
  custom:framework-win-MediaFoundation: 216162199b28c13a410421893ffa2e32 -> 
  custom:CustomObjectIndexerAttribute: 72b91833f83ae208fae7752999fa3104 -> 
  custom:container-demuxer-webm: 4f35f7cbe854078d1ac9338744f61a02 -> 
  custom:container-muxer-webm: aa71ff27fc2769a1b78a27578f13a17b -> 
  custom:video-decoder-webm-vp8: 9c59270c3fd7afecdb556c50c9e8de78 -> 
  custom:SearchIndexIgnoredProperties: e643bd26f0fe6173181afceb89e7c659 -> 
  custom:AudioImporter_EditorPlatform: d09bf68614088b80899f8185d706f6e7 -> 
  custom:video-encoder-webm-vp8: eb34c28f22e8b96e1ab97ce403110664 -> 
  custom:audio-decoder-ogg-vorbis: bf7c407c2cedff20999df2af8eb42d56 -> 
  custom:scripting/monoscript/fileName/EnemigoMovimiento.cs: 235334258dde12424bf3a42286c43314 -> 
  custom:audio-encoder-webm-vorbis: bf7c407c2cedff20999df2af8eb42d56 -> 
  custom:scripting/precompiled-assembly-types:Assembly-CSharp: 7b9ce0129a78297d05bd4260687fef7d -> 068e914644e5ff337c2dad0ca7b1ba13
========================================================================
Received Prepare
Caller must complete domain reload
Begin MonoManager ReloadAssembly
- Loaded All Assemblies, in  0.578 seconds
Native extension for WindowsStandalone target not found
Mono: successfully reloaded assembly
- Finished resetting the current domain, in  3.517 seconds
Domain Reload Profiling: 4091ms
	BeginReloadAssembly (156ms)
		ExecutionOrderSort (0ms)
		DisableScriptedObjects (10ms)
		BackupInstance (0ms)
		ReleaseScriptingObjects (0ms)
		CreateAndSetChildDomain (40ms)
	RebuildCommonClasses (30ms)
	RebuildNativeTypeToScriptingClass (8ms)
	initialDomainReloadingComplete (34ms)
	LoadAllAssembliesAndSetupDomain (344ms)
		LoadAssemblies (398ms)
		RebuildTransferFunctionScriptingTraits (0ms)
		AnalyzeDomain (21ms)
			TypeCache.Refresh (6ms)
				TypeCache.ScanAssembly (0ms)
			ScanForSourceGeneratedMonoScriptInfo (0ms)
			ResolveRequiredComponents (12ms)
	FinalizeReload (3518ms)
		ReleaseScriptCaches (0ms)
		RebuildScriptCaches (0ms)
		SetupLoadedEditorAssemblies (531ms)
			LogAssemblyErrors (0ms)
			InitializePlatformSupportModulesInManaged (7ms)
			SetLoadedEditorAssemblies (6ms)
			RefreshPlugins (0ms)
			BeforeProcessingInitializeOnLoad (102ms)
			ProcessInitializeOnLoadAttributes (325ms)
			ProcessInitializeOnLoadMethodAttributes (81ms)
			AfterProcessingInitializeOnLoad (9ms)
			EditorAssembliesLoaded (1ms)
		ExecutionOrderSort2 (0ms)
		AwakeInstancesAfterBackupRestoration (15ms)
WARNING: Shader Unsupported: 'Hidden/Universal Render Pipeline/Terrain/Lit (Base Pass)' - All subshaders removed
WARNING: Shader Did you use #pragma only_renderers and omit this platform?
WARNING: Shader If subshaders removal was intentional, you may have forgotten turning Fallback off?
WARNING: Shader Unsupported: 'Hidden/Universal Render Pipeline/Terrain/Lit (Base Pass)' - All subshaders removed
WARNING: Shader Did you use #pragma only_renderers and omit this platform?
WARNING: Shader If subshaders removal was intentional, you may have forgotten turning Fallback off?
WARNING: Shader Unsupported: 'Universal Render Pipeline/Terrain/Lit' - All subshaders removed
WARNING: Shader Did you use #pragma only_renderers and omit this platform?
WARNING: Shader If subshaders removal was intentional, you may have forgotten turning Fallback off?
WARNING: Shader Unsupported: 'Universal Render Pipeline/Terrain/Lit' - All subshaders removed
WARNING: Shader Did you use #pragma only_renderers and omit this platform?
WARNING: Shader If subshaders removal was intentional, you may have forgotten turning Fallback off?
Refreshing native plugins compatible for Editor in 18.07 ms, found 5 plugins.
Preloading 0 native plugins for Editor in 0.00 ms.
Unloading 6034 Unused Serialized files (Serialized files now loaded: 0)
Unloading 105 unused Assets / (6.4 MB). Loaded Objects now: 6496.
Memory consumption went from 206.4 MB to 200.0 MB.
Total: 8.399400 ms (FindLiveObjects: 0.830900 ms CreateObjectMapping: 0.409000 ms MarkObjects: 3.715900 ms  DeleteObjects: 3.442200 ms)

Prepare: number of updated asset objects reloaded= 0
AssetImportParameters requested are different than current active one (requested -> active):
  custom:container-demuxer-ogg: 62fdf1f143b41e24485cea50d1cbac27 -> 
  custom:video-decoder-ogg-theora: a1e56fd34408186e4bbccfd4996cb3dc -> 
  custom:framework-win-MediaFoundation: 216162199b28c13a410421893ffa2e32 -> 
  custom:CustomObjectIndexerAttribute: 72b91833f83ae208fae7752999fa3104 -> 
  custom:container-demuxer-webm: 4f35f7cbe854078d1ac9338744f61a02 -> 
  custom:container-muxer-webm: aa71ff27fc2769a1b78a27578f13a17b -> 
  custom:video-decoder-webm-vp8: 9c59270c3fd7afecdb556c50c9e8de78 -> 
  custom:SearchIndexIgnoredProperties: e643bd26f0fe6173181afceb89e7c659 -> 
  custom:AudioImporter_EditorPlatform: d09bf68614088b80899f8185d706f6e7 -> 
  custom:video-encoder-webm-vp8: eb34c28f22e8b96e1ab97ce403110664 -> 
  custom:audio-decoder-ogg-vorbis: bf7c407c2cedff20999df2af8eb42d56 -> 
  custom:scripting/monoscript/fileName/EnemigoMovimiento.cs: 235334258dde12424bf3a42286c43314 -> 
  custom:audio-encoder-webm-vorbis: bf7c407c2cedff20999df2af8eb42d56 -> 
  custom:scripting/precompiled-assembly-types:Assembly-CSharp: 7b9ce0129a78297d05bd4260687fef7d -> 068e914644e5ff337c2dad0ca7b1ba13
========================================================================
Received Import Request.
  Time since last request: 4552.262271 seconds.
  path: Assets/sprites/GastlyAB.anim
  artifactKey: Guid(32f108cc7ca871646a18feabf5316db2) Importer(815301076,1909f56bfc062723c751e8b465ee728b)
Start importing Assets/sprites/GastlyAB.anim using Guid(32f108cc7ca871646a18feabf5316db2) Importer(815301076,1909f56bfc062723c751e8b465ee728b) [PhysX] Initialized MultithreadedTaskDispatcher with 12 workers.
 -> (artifact id: '02578319847af15ad3fae6fc737a9cda') in 0.063703 seconds
Number of updated asset objects reloaded before import = 0
Number of asset objects unloaded after import = 1
========================================================================
Received Import Request.
  Time since last request: 18.003158 seconds.
  path: Assets/sprites/GastlyQ.anim
  artifactKey: Guid(57f200ebf912b53439aa5a5f7ac25a21) Importer(815301076,1909f56bfc062723c751e8b465ee728b)
Start importing Assets/sprites/GastlyQ.anim using Guid(57f200ebf912b53439aa5a5f7ac25a21) Importer(815301076,1909f56bfc062723c751e8b465ee728b) [PhysX] Initialized MultithreadedTaskDispatcher with 12 workers.
 -> (artifact id: '0728a789fc6fc6664fe93d48989a1df7') in 0.002651 seconds
Number of updated asset objects reloaded before import = 0
Number of asset objects unloaded after import = 1
========================================================================
Received Import Request.
  Time since last request: 868.670783 seconds.
  path: Assets/sprites/PikachuABD.anim
  artifactKey: Guid(12b008615a9614d4581b443da6c4848b) Importer(815301076,1909f56bfc062723c751e8b465ee728b)
Start importing Assets/sprites/PikachuABD.anim using Guid(12b008615a9614d4581b443da6c4848b) Importer(815301076,1909f56bfc062723c751e8b465ee728b) [PhysX] Initialized MultithreadedTaskDispatcher with 12 workers.
 -> (artifact id: '2bf863bcff4d040998aeca6df627fb53') in 0.003662 seconds
Number of updated asset objects reloaded before import = 0
Number of asset objects unloaded after import = 1
========================================================================
Received Import Request.
  Time since last request: 28.367972 seconds.
  path: Assets/sprites/pickachuBrain.controller
  artifactKey: Guid(9ce66536ee4fec941b5c13ac7eca38d8) Importer(815301076,1909f56bfc062723c751e8b465ee728b)
Start importing Assets/sprites/pickachuBrain.controller using Guid(9ce66536ee4fec941b5c13ac7eca38d8) Importer(815301076,1909f56bfc062723c751e8b465ee728b) [PhysX] Initialized MultithreadedTaskDispatcher with 12 workers.
 -> (artifact id: 'f70f34727f0f35bb0eb01e10e51ce3c9') in 0.004412 seconds
Number of updated asset objects reloaded before import = 0
Number of asset objects unloaded after import = 4
========================================================================
Received Prepare
Caller must complete domain reload
Begin MonoManager ReloadAssembly
- Loaded All Assemblies, in  0.926 seconds
Native extension for WindowsStandalone target not found
Mono: successfully reloaded assembly
- Finished resetting the current domain, in  3.158 seconds
Domain Reload Profiling: 4079ms
	BeginReloadAssembly (250ms)
		ExecutionOrderSort (0ms)
		DisableScriptedObjects (15ms)
		BackupInstance (0ms)
		ReleaseScriptingObjects (0ms)
		CreateAndSetChildDomain (89ms)
	RebuildCommonClasses (32ms)
	RebuildNativeTypeToScriptingClass (9ms)
	initialDomainReloadingComplete (34ms)
	LoadAllAssembliesAndSetupDomain (595ms)
		LoadAssemblies (664ms)
		RebuildTransferFunctionScriptingTraits (0ms)
		AnalyzeDomain (33ms)
			TypeCache.Refresh (8ms)
				TypeCache.ScanAssembly (0ms)
			ScanForSourceGeneratedMonoScriptInfo (0ms)
			ResolveRequiredComponents (24ms)
	FinalizeReload (3159ms)
		ReleaseScriptCaches (0ms)
		RebuildScriptCaches (0ms)
		SetupLoadedEditorAssemblies (552ms)
			LogAssemblyErrors (0ms)
			InitializePlatformSupportModulesInManaged (9ms)
			SetLoadedEditorAssemblies (7ms)
			RefreshPlugins (0ms)
			BeforeProcessingInitializeOnLoad (101ms)
			ProcessInitializeOnLoadAttributes (341ms)
			ProcessInitializeOnLoadMethodAttributes (86ms)
			AfterProcessingInitializeOnLoad (10ms)
			EditorAssembliesLoaded (0ms)
		ExecutionOrderSort2 (0ms)
		AwakeInstancesAfterBackupRestoration (14ms)
WARNING: Shader Unsupported: 'Hidden/Universal Render Pipeline/Terrain/Lit (Base Pass)' - All subshaders removed
WARNING: Shader Did you use #pragma only_renderers and omit this platform?
WARNING: Shader If subshaders removal was intentional, you may have forgotten turning Fallback off?
WARNING: Shader Unsupported: 'Hidden/Universal Render Pipeline/Terrain/Lit (Base Pass)' - All subshaders removed
WARNING: Shader Did you use #pragma only_renderers and omit this platform?
WARNING: Shader If subshaders removal was intentional, you may have forgotten turning Fallback off?
WARNING: Shader Unsupported: 'Universal Render Pipeline/Terrain/Lit' - All subshaders removed
WARNING: Shader Did you use #pragma only_renderers and omit this platform?
WARNING: Shader If subshaders removal was intentional, you may have forgotten turning Fallback off?
WARNING: Shader Unsupported: 'Universal Render Pipeline/Terrain/Lit' - All subshaders removed
WARNING: Shader Did you use #pragma only_renderers and omit this platform?
WARNING: Shader If subshaders removal was intentional, you may have forgotten turning Fallback off?
Refreshing native plugins compatible for Editor in 27.89 ms, found 5 plugins.
Preloading 0 native plugins for Editor in 0.00 ms.
Unloading 6034 Unused Serialized files (Serialized files now loaded: 0)
Unloading 105 unused Assets / (6.4 MB). Loaded Objects now: 6501.
Memory consumption went from 206.4 MB to 200.0 MB.
Total: 9.681000 ms (FindLiveObjects: 0.961200 ms CreateObjectMapping: 0.832300 ms MarkObjects: 4.300600 ms  DeleteObjects: 3.585100 ms)

Prepare: number of updated asset objects reloaded= 0
AssetImportParameters requested are different than current active one (requested -> active):
  custom:container-demuxer-ogg: 62fdf1f143b41e24485cea50d1cbac27 -> 
  custom:video-decoder-ogg-theora: a1e56fd34408186e4bbccfd4996cb3dc -> 
  custom:framework-win-MediaFoundation: 216162199b28c13a410421893ffa2e32 -> 
  custom:CustomObjectIndexerAttribute: 72b91833f83ae208fae7752999fa3104 -> 
  custom:container-demuxer-webm: 4f35f7cbe854078d1ac9338744f61a02 -> 
  custom:container-muxer-webm: aa71ff27fc2769a1b78a27578f13a17b -> 
  custom:video-decoder-webm-vp8: 9c59270c3fd7afecdb556c50c9e8de78 -> 
  custom:SearchIndexIgnoredProperties: e643bd26f0fe6173181afceb89e7c659 -> 
  custom:AudioImporter_EditorPlatform: d09bf68614088b80899f8185d706f6e7 -> 
  custom:video-encoder-webm-vp8: eb34c28f22e8b96e1ab97ce403110664 -> 
  custom:audio-decoder-ogg-vorbis: bf7c407c2cedff20999df2af8eb42d56 -> 
  custom:scripting/monoscript/fileName/EnemigoMovimiento.cs: 235334258dde12424bf3a42286c43314 -> 
  custom:audio-encoder-webm-vorbis: bf7c407c2cedff20999df2af8eb42d56 -> 
  custom:scripting/precompiled-assembly-types:Assembly-CSharp: 7b9ce0129a78297d05bd4260687fef7d -> 068e914644e5ff337c2dad0ca7b1ba13
========================================================================
Received Import Request.
  Time since last request: 83.203381 seconds.
  path: Assets/sprites/PikachuAD.anim
  artifactKey: Guid(f4f953245422ec64c9045ed4ebd685eb) Importer(815301076,1909f56bfc062723c751e8b465ee728b)
Start importing Assets/sprites/PikachuAD.anim using Guid(f4f953245422ec64c9045ed4ebd685eb) Importer(815301076,1909f56bfc062723c751e8b465ee728b) [PhysX] Initialized MultithreadedTaskDispatcher with 12 workers.
 -> (artifact id: 'b27051450f9cb3e0f64be01f8368e667') in 0.014437 seconds
Number of updated asset objects reloaded before import = 0
Number of asset objects unloaded after import = 1
========================================================================
Received Prepare
Caller must complete domain reload
Begin MonoManager ReloadAssembly
- Loaded All Assemblies, in  0.602 seconds
Native extension for WindowsStandalone target not found
Mono: successfully reloaded assembly
- Finished resetting the current domain, in  1.532 seconds
Domain Reload Profiling: 2128ms
	BeginReloadAssembly (181ms)
		ExecutionOrderSort (0ms)
		DisableScriptedObjects (22ms)
		BackupInstance (0ms)
		ReleaseScriptingObjects (0ms)
		CreateAndSetChildDomain (40ms)
	RebuildCommonClasses (48ms)
	RebuildNativeTypeToScriptingClass (9ms)
	initialDomainReloadingComplete (40ms)
	LoadAllAssembliesAndSetupDomain (318ms)
		LoadAssemblies (386ms)
		RebuildTransferFunctionScriptingTraits (0ms)
		AnalyzeDomain (20ms)
			TypeCache.Refresh (6ms)
				TypeCache.ScanAssembly (0ms)
			ScanForSourceGeneratedMonoScriptInfo (0ms)
			ResolveRequiredComponents (12ms)
	FinalizeReload (1533ms)
		ReleaseScriptCaches (0ms)
		RebuildScriptCaches (0ms)
		SetupLoadedEditorAssemblies (525ms)
			LogAssemblyErrors (0ms)
			InitializePlatformSupportModulesInManaged (6ms)
			SetLoadedEditorAssemblies (5ms)
			RefreshPlugins (0ms)
			BeforeProcessingInitializeOnLoad (100ms)
			ProcessInitializeOnLoadAttributes (324ms)
			ProcessInitializeOnLoadMethodAttributes (79ms)
			AfterProcessingInitializeOnLoad (10ms)
			EditorAssembliesLoaded (0ms)
		ExecutionOrderSort2 (0ms)
		AwakeInstancesAfterBackupRestoration (15ms)
WARNING: Shader Unsupported: 'Hidden/Universal Render Pipeline/Terrain/Lit (Base Pass)' - All subshaders removed
WARNING: Shader Did you use #pragma only_renderers and omit this platform?
WARNING: Shader If subshaders removal was intentional, you may have forgotten turning Fallback off?
WARNING: Shader Unsupported: 'Hidden/Universal Render Pipeline/Terrain/Lit (Base Pass)' - All subshaders removed
WARNING: Shader Did you use #pragma only_renderers and omit this platform?
WARNING: Shader If subshaders removal was intentional, you may have forgotten turning Fallback off?
WARNING: Shader Unsupported: 'Universal Render Pipeline/Terrain/Lit' - All subshaders removed
WARNING: Shader Did you use #pragma only_renderers and omit this platform?
WARNING: Shader If subshaders removal was intentional, you may have forgotten turning Fallback off?
WARNING: Shader Unsupported: 'Universal Render Pipeline/Terrain/Lit' - All subshaders removed
WARNING: Shader Did you use #pragma only_renderers and omit this platform?
WARNING: Shader If subshaders removal was intentional, you may have forgotten turning Fallback off?
Refreshing native plugins compatible for Editor in 11.91 ms, found 5 plugins.
Preloading 0 native plugins for Editor in 0.00 ms.
Unloading 6034 Unused Serialized files (Serialized files now loaded: 0)
Unloading 105 unused Assets / (6.5 MB). Loaded Objects now: 6506.
Memory consumption went from 206.4 MB to 200.0 MB.
Total: 7.963400 ms (FindLiveObjects: 0.506400 ms CreateObjectMapping: 0.645300 ms MarkObjects: 3.768700 ms  DeleteObjects: 3.041200 ms)

Prepare: number of updated asset objects reloaded= 0
AssetImportParameters requested are different than current active one (requested -> active):
  custom:container-demuxer-ogg: 62fdf1f143b41e24485cea50d1cbac27 -> 
  custom:video-decoder-ogg-theora: a1e56fd34408186e4bbccfd4996cb3dc -> 
  custom:framework-win-MediaFoundation: 216162199b28c13a410421893ffa2e32 -> 
  custom:CustomObjectIndexerAttribute: 72b91833f83ae208fae7752999fa3104 -> 
  custom:container-demuxer-webm: 4f35f7cbe854078d1ac9338744f61a02 -> 
  custom:container-muxer-webm: aa71ff27fc2769a1b78a27578f13a17b -> 
  custom:video-decoder-webm-vp8: 9c59270c3fd7afecdb556c50c9e8de78 -> 
  custom:SearchIndexIgnoredProperties: e643bd26f0fe6173181afceb89e7c659 -> 
  custom:AudioImporter_EditorPlatform: d09bf68614088b80899f8185d706f6e7 -> 
  custom:video-encoder-webm-vp8: eb34c28f22e8b96e1ab97ce403110664 -> 
  custom:audio-decoder-ogg-vorbis: bf7c407c2cedff20999df2af8eb42d56 -> 
  custom:scripting/monoscript/fileName/EnemigoMovimiento.cs: 235334258dde12424bf3a42286c43314 -> 
  custom:audio-encoder-webm-vorbis: bf7c407c2cedff20999df2af8eb42d56 -> 
  custom:scripting/precompiled-assembly-types:Assembly-CSharp: 7b9ce0129a78297d05bd4260687fef7d -> 068e914644e5ff337c2dad0ca7b1ba13
========================================================================
Received Prepare
Caller must complete domain reload
Begin MonoManager ReloadAssembly
- Loaded All Assemblies, in  0.656 seconds
Native extension for WindowsStandalone target not found
Mono: successfully reloaded assembly
- Finished resetting the current domain, in  1.650 seconds
Domain Reload Profiling: 2301ms
	BeginReloadAssembly (160ms)
		ExecutionOrderSort (0ms)
		DisableScriptedObjects (10ms)
		BackupInstance (0ms)
		ReleaseScriptingObjects (0ms)
		CreateAndSetChildDomain (39ms)
	RebuildCommonClasses (29ms)
	RebuildNativeTypeToScriptingClass (15ms)
	initialDomainReloadingComplete (35ms)
	LoadAllAssembliesAndSetupDomain (411ms)
		LoadAssemblies (442ms)
		RebuildTransferFunctionScriptingTraits (0ms)
		AnalyzeDomain (49ms)
			TypeCache.Refresh (13ms)
				TypeCache.ScanAssembly (0ms)
			ScanForSourceGeneratedMonoScriptInfo (0ms)
			ResolveRequiredComponents (33ms)
	FinalizeReload (1651ms)
		ReleaseScriptCaches (0ms)
		RebuildScriptCaches (0ms)
		SetupLoadedEditorAssemblies (557ms)
			LogAssemblyErrors (0ms)
			InitializePlatformSupportModulesInManaged (7ms)
			SetLoadedEditorAssemblies (7ms)
			RefreshPlugins (0ms)
			BeforeProcessingInitializeOnLoad (107ms)
			ProcessInitializeOnLoadAttributes (335ms)
			ProcessInitializeOnLoadMethodAttributes (91ms)
			AfterProcessingInitializeOnLoad (10ms)
			EditorAssembliesLoaded (0ms)
		ExecutionOrderSort2 (0ms)
		AwakeInstancesAfterBackupRestoration (14ms)
WARNING: Shader Unsupported: 'Hidden/Universal Render Pipeline/Terrain/Lit (Base Pass)' - All subshaders removed
WARNING: Shader Did you use #pragma only_renderers and omit this platform?
WARNING: Shader If subshaders removal was intentional, you may have forgotten turning Fallback off?
WARNING: Shader Unsupported: 'Hidden/Universal Render Pipeline/Terrain/Lit (Base Pass)' - All subshaders removed
WARNING: Shader Did you use #pragma only_renderers and omit this platform?
WARNING: Shader If subshaders removal was intentional, you may have forgotten turning Fallback off?
WARNING: Shader Unsupported: 'Universal Render Pipeline/Terrain/Lit' - All subshaders removed
WARNING: Shader Did you use #pragma only_renderers and omit this platform?
WARNING: Shader If subshaders removal was intentional, you may have forgotten turning Fallback off?
WARNING: Shader Unsupported: 'Universal Render Pipeline/Terrain/Lit' - All subshaders removed
WARNING: Shader Did you use #pragma only_renderers and omit this platform?
WARNING: Shader If subshaders removal was intentional, you may have forgotten turning Fallback off?
Refreshing native plugins compatible for Editor in 12.72 ms, found 5 plugins.
Preloading 0 native plugins for Editor in 0.00 ms.
Unloading 6034 Unused Serialized files (Serialized files now loaded: 0)
Unloading 105 unused Assets / (6.3 MB). Loaded Objects now: 6511.
Memory consumption went from 206.3 MB to 200.0 MB.
Total: 9.489400 ms (FindLiveObjects: 0.470700 ms CreateObjectMapping: 0.199100 ms MarkObjects: 5.103400 ms  DeleteObjects: 3.714500 ms)

Prepare: number of updated asset objects reloaded= 0
AssetImportParameters requested are different than current active one (requested -> active):
  custom:container-demuxer-ogg: 62fdf1f143b41e24485cea50d1cbac27 -> 
  custom:video-decoder-ogg-theora: a1e56fd34408186e4bbccfd4996cb3dc -> 
  custom:framework-win-MediaFoundation: 216162199b28c13a410421893ffa2e32 -> 
  custom:CustomObjectIndexerAttribute: 72b91833f83ae208fae7752999fa3104 -> 
  custom:container-demuxer-webm: 4f35f7cbe854078d1ac9338744f61a02 -> 
  custom:container-muxer-webm: aa71ff27fc2769a1b78a27578f13a17b -> 
  custom:video-decoder-webm-vp8: 9c59270c3fd7afecdb556c50c9e8de78 -> 
  custom:SearchIndexIgnoredProperties: e643bd26f0fe6173181afceb89e7c659 -> 
  custom:AudioImporter_EditorPlatform: d09bf68614088b80899f8185d706f6e7 -> 
  custom:video-encoder-webm-vp8: eb34c28f22e8b96e1ab97ce403110664 -> 
  custom:audio-decoder-ogg-vorbis: bf7c407c2cedff20999df2af8eb42d56 -> 
  custom:scripting/monoscript/fileName/EnemigoMovimiento.cs: 235334258dde12424bf3a42286c43314 -> 
  custom:audio-encoder-webm-vorbis: bf7c407c2cedff20999df2af8eb42d56 -> 
  custom:scripting/precompiled-assembly-types:Assembly-CSharp: 7b9ce0129a78297d05bd4260687fef7d -> 068e914644e5ff337c2dad0ca7b1ba13
========================================================================
Received Prepare
Caller must complete domain reload
Begin MonoManager ReloadAssembly
- Loaded All Assemblies, in  0.505 seconds
Native extension for WindowsStandalone target not found
Mono: successfully reloaded assembly
- Finished resetting the current domain, in  1.561 seconds
Domain Reload Profiling: 2060ms
	BeginReloadAssembly (155ms)
		ExecutionOrderSort (0ms)
		DisableScriptedObjects (9ms)
		BackupInstance (0ms)
		ReleaseScriptingObjects (0ms)
		CreateAndSetChildDomain (39ms)
	RebuildCommonClasses (29ms)
	RebuildNativeTypeToScriptingClass (9ms)
	initialDomainReloadingComplete (32ms)
	LoadAllAssembliesAndSetupDomain (275ms)
		LoadAssemblies (330ms)
		RebuildTransferFunctionScriptingTraits (0ms)
		AnalyzeDomain (21ms)
			TypeCache.Refresh (7ms)
				TypeCache.ScanAssembly (0ms)
			ScanForSourceGeneratedMonoScriptInfo (0ms)
			ResolveRequiredComponents (12ms)
	FinalizeReload (1561ms)
		ReleaseScriptCaches (0ms)
		RebuildScriptCaches (0ms)
		SetupLoadedEditorAssemblies (549ms)
			LogAssemblyErrors (0ms)
			InitializePlatformSupportModulesInManaged (9ms)
			SetLoadedEditorAssemblies (5ms)
			RefreshPlugins (0ms)
			BeforeProcessingInitializeOnLoad (107ms)
			ProcessInitializeOnLoadAttributes (333ms)
			ProcessInitializeOnLoadMethodAttributes (85ms)
			AfterProcessingInitializeOnLoad (10ms)
			EditorAssembliesLoaded (0ms)
		ExecutionOrderSort2 (0ms)
		AwakeInstancesAfterBackupRestoration (14ms)
WARNING: Shader Unsupported: 'Hidden/Universal Render Pipeline/Terrain/Lit (Base Pass)' - All subshaders removed
WARNING: Shader Did you use #pragma only_renderers and omit this platform?
WARNING: Shader If subshaders removal was intentional, you may have forgotten turning Fallback off?
WARNING: Shader Unsupported: 'Hidden/Universal Render Pipeline/Terrain/Lit (Base Pass)' - All subshaders removed
WARNING: Shader Did you use #pragma only_renderers and omit this platform?
WARNING: Shader If subshaders removal was intentional, you may have forgotten turning Fallback off?
WARNING: Shader Unsupported: 'Universal Render Pipeline/Terrain/Lit' - All subshaders removed
WARNING: Shader Did you use #pragma only_renderers and omit this platform?
WARNING: Shader If subshaders removal was intentional, you may have forgotten turning Fallback off?
WARNING: Shader Unsupported: 'Universal Render Pipeline/Terrain/Lit' - All subshaders removed
WARNING: Shader Did you use #pragma only_renderers and omit this platform?
WARNING: Shader If subshaders removal was intentional, you may have forgotten turning Fallback off?
Refreshing native plugins compatible for Editor in 16.00 ms, found 5 plugins.
Preloading 0 native plugins for Editor in 0.00 ms.
Unloading 6034 Unused Serialized files (Serialized files now loaded: 0)
Unloading 105 unused Assets / (6.4 MB). Loaded Objects now: 6516.
Memory consumption went from 206.4 MB to 200.0 MB.
Total: 9.620400 ms (FindLiveObjects: 0.591600 ms CreateObjectMapping: 0.259100 ms MarkObjects: 3.910500 ms  DeleteObjects: 4.857500 ms)

Prepare: number of updated asset objects reloaded= 0
AssetImportParameters requested are different than current active one (requested -> active):
  custom:container-demuxer-ogg: 62fdf1f143b41e24485cea50d1cbac27 -> 
  custom:video-decoder-ogg-theora: a1e56fd34408186e4bbccfd4996cb3dc -> 
  custom:framework-win-MediaFoundation: 216162199b28c13a410421893ffa2e32 -> 
  custom:CustomObjectIndexerAttribute: 72b91833f83ae208fae7752999fa3104 -> 
  custom:container-demuxer-webm: 4f35f7cbe854078d1ac9338744f61a02 -> 
  custom:container-muxer-webm: aa71ff27fc2769a1b78a27578f13a17b -> 
  custom:video-decoder-webm-vp8: 9c59270c3fd7afecdb556c50c9e8de78 -> 
  custom:SearchIndexIgnoredProperties: e643bd26f0fe6173181afceb89e7c659 -> 
  custom:AudioImporter_EditorPlatform: d09bf68614088b80899f8185d706f6e7 -> 
  custom:video-encoder-webm-vp8: eb34c28f22e8b96e1ab97ce403110664 -> 
  custom:audio-decoder-ogg-vorbis: bf7c407c2cedff20999df2af8eb42d56 -> 
  custom:scripting/monoscript/fileName/EnemigoMovimiento.cs: 235334258dde12424bf3a42286c43314 -> 
  custom:audio-encoder-webm-vorbis: bf7c407c2cedff20999df2af8eb42d56 -> 
  custom:scripting/precompiled-assembly-types:Assembly-CSharp: 7b9ce0129a78297d05bd4260687fef7d -> 068e914644e5ff337c2dad0ca7b1ba13
========================================================================
Received Prepare
Caller must complete domain reload
Begin MonoManager ReloadAssembly
- Loaded All Assemblies, in  0.517 seconds
Native extension for WindowsStandalone target not found
Mono: successfully reloaded assembly
- Finished resetting the current domain, in  1.644 seconds
Domain Reload Profiling: 2155ms
	BeginReloadAssembly (150ms)
		ExecutionOrderSort (0ms)
		DisableScriptedObjects (10ms)
		BackupInstance (0ms)
		ReleaseScriptingObjects (0ms)
		CreateAndSetChildDomain (36ms)
	RebuildCommonClasses (33ms)
	RebuildNativeTypeToScriptingClass (9ms)
	initialDomainReloadingComplete (31ms)
	LoadAllAssembliesAndSetupDomain (288ms)
		LoadAssemblies (342ms)
		RebuildTransferFunctionScriptingTraits (0ms)
		AnalyzeDomain (19ms)
			TypeCache.Refresh (7ms)
				TypeCache.ScanAssembly (0ms)
			ScanForSourceGeneratedMonoScriptInfo (0ms)
			ResolveRequiredComponents (11ms)
	FinalizeReload (1645ms)
		ReleaseScriptCaches (0ms)
		RebuildScriptCaches (0ms)
		SetupLoadedEditorAssemblies (564ms)
			LogAssemblyErrors (0ms)
			InitializePlatformSupportModulesInManaged (7ms)
			SetLoadedEditorAssemblies (6ms)
			RefreshPlugins (0ms)
			BeforeProcessingInitializeOnLoad (108ms)
			ProcessInitializeOnLoadAttributes (346ms)
			ProcessInitializeOnLoadMethodAttributes (88ms)
			AfterProcessingInitializeOnLoad (9ms)
			EditorAssembliesLoaded (0ms)
		ExecutionOrderSort2 (0ms)
		AwakeInstancesAfterBackupRestoration (14ms)
WARNING: Shader Unsupported: 'Hidden/Universal Render Pipeline/Terrain/Lit (Base Pass)' - All subshaders removed
WARNING: Shader Did you use #pragma only_renderers and omit this platform?
WARNING: Shader If subshaders removal was intentional, you may have forgotten turning Fallback off?
WARNING: Shader Unsupported: 'Hidden/Universal Render Pipeline/Terrain/Lit (Base Pass)' - All subshaders removed
WARNING: Shader Did you use #pragma only_renderers and omit this platform?
WARNING: Shader If subshaders removal was intentional, you may have forgotten turning Fallback off?
WARNING: Shader Unsupported: 'Universal Render Pipeline/Terrain/Lit' - All subshaders removed
WARNING: Shader Did you use #pragma only_renderers and omit this platform?
WARNING: Shader If subshaders removal was intentional, you may have forgotten turning Fallback off?
WARNING: Shader Unsupported: 'Universal Render Pipeline/Terrain/Lit' - All subshaders removed
WARNING: Shader Did you use #pragma only_renderers and omit this platform?
WARNING: Shader If subshaders removal was intentional, you may have forgotten turning Fallback off?
Refreshing native plugins compatible for Editor in 11.82 ms, found 5 plugins.
Preloading 0 native plugins for Editor in 0.00 ms.
Unloading 6034 Unused Serialized files (Serialized files now loaded: 0)
Unloading 105 unused Assets / (6.3 MB). Loaded Objects now: 6521.
Memory consumption went from 206.3 MB to 200.0 MB.
Total: 8.393900 ms (FindLiveObjects: 0.701700 ms CreateObjectMapping: 0.957300 ms MarkObjects: 3.729700 ms  DeleteObjects: 3.003300 ms)

Prepare: number of updated asset objects reloaded= 0
AssetImportParameters requested are different than current active one (requested -> active):
  custom:container-demuxer-ogg: 62fdf1f143b41e24485cea50d1cbac27 -> 
  custom:video-decoder-ogg-theora: a1e56fd34408186e4bbccfd4996cb3dc -> 
  custom:framework-win-MediaFoundation: 216162199b28c13a410421893ffa2e32 -> 
  custom:CustomObjectIndexerAttribute: 72b91833f83ae208fae7752999fa3104 -> 
  custom:container-demuxer-webm: 4f35f7cbe854078d1ac9338744f61a02 -> 
  custom:container-muxer-webm: aa71ff27fc2769a1b78a27578f13a17b -> 
  custom:video-decoder-webm-vp8: 9c59270c3fd7afecdb556c50c9e8de78 -> 
  custom:SearchIndexIgnoredProperties: e643bd26f0fe6173181afceb89e7c659 -> 
  custom:AudioImporter_EditorPlatform: d09bf68614088b80899f8185d706f6e7 -> 
  custom:video-encoder-webm-vp8: eb34c28f22e8b96e1ab97ce403110664 -> 
  custom:audio-decoder-ogg-vorbis: bf7c407c2cedff20999df2af8eb42d56 -> 
  custom:scripting/monoscript/fileName/EnemigoMovimiento.cs: 235334258dde12424bf3a42286c43314 -> 
  custom:audio-encoder-webm-vorbis: bf7c407c2cedff20999df2af8eb42d56 -> 
  custom:scripting/precompiled-assembly-types:Assembly-CSharp: 7b9ce0129a78297d05bd4260687fef7d -> 068e914644e5ff337c2dad0ca7b1ba13
========================================================================
Received Prepare
Caller must complete domain reload
Begin MonoManager ReloadAssembly
- Loaded All Assemblies, in  0.509 seconds
Native extension for WindowsStandalone target not found
Mono: successfully reloaded assembly
- Finished resetting the current domain, in  1.671 seconds
Domain Reload Profiling: 2174ms
	BeginReloadAssembly (164ms)
		ExecutionOrderSort (0ms)
		DisableScriptedObjects (14ms)
		BackupInstance (0ms)
		ReleaseScriptingObjects (0ms)
		CreateAndSetChildDomain (45ms)
	RebuildCommonClasses (29ms)
	RebuildNativeTypeToScriptingClass (9ms)
	initialDomainReloadingComplete (33ms)
	LoadAllAssembliesAndSetupDomain (267ms)
		LoadAssemblies (319ms)
		RebuildTransferFunctionScriptingTraits (0ms)
		AnalyzeDomain (22ms)
			TypeCache.Refresh (8ms)
				TypeCache.ScanAssembly (0ms)
			ScanForSourceGeneratedMonoScriptInfo (0ms)
			ResolveRequiredComponents (12ms)
	FinalizeReload (1672ms)
		ReleaseScriptCaches (0ms)
		RebuildScriptCaches (0ms)
		SetupLoadedEditorAssemblies (614ms)
			LogAssemblyErrors (0ms)
			InitializePlatformSupportModulesInManaged (7ms)
			SetLoadedEditorAssemblies (6ms)
			RefreshPlugins (0ms)
			BeforeProcessingInitializeOnLoad (108ms)
			ProcessInitializeOnLoadAttributes (402ms)
			ProcessInitializeOnLoadMethodAttributes (81ms)
			AfterProcessingInitializeOnLoad (9ms)
			EditorAssembliesLoaded (1ms)
		ExecutionOrderSort2 (0ms)
		AwakeInstancesAfterBackupRestoration (15ms)
WARNING: Shader Unsupported: 'Hidden/Universal Render Pipeline/Terrain/Lit (Base Pass)' - All subshaders removed
WARNING: Shader Did you use #pragma only_renderers and omit this platform?
WARNING: Shader If subshaders removal was intentional, you may have forgotten turning Fallback off?
WARNING: Shader Unsupported: 'Hidden/Universal Render Pipeline/Terrain/Lit (Base Pass)' - All subshaders removed
WARNING: Shader Did you use #pragma only_renderers and omit this platform?
WARNING: Shader If subshaders removal was intentional, you may have forgotten turning Fallback off?
WARNING: Shader Unsupported: 'Universal Render Pipeline/Terrain/Lit' - All subshaders removed
WARNING: Shader Did you use #pragma only_renderers and omit this platform?
WARNING: Shader If subshaders removal was intentional, you may have forgotten turning Fallback off?
WARNING: Shader Unsupported: 'Universal Render Pipeline/Terrain/Lit' - All subshaders removed
WARNING: Shader Did you use #pragma only_renderers and omit this platform?
WARNING: Shader If subshaders removal was intentional, you may have forgotten turning Fallback off?
Refreshing native plugins compatible for Editor in 13.31 ms, found 5 plugins.
Preloading 0 native plugins for Editor in 0.00 ms.
Unloading 6034 Unused Serialized files (Serialized files now loaded: 0)
Unloading 105 unused Assets / (6.4 MB). Loaded Objects now: 6526.
Memory consumption went from 206.5 MB to 200.0 MB.
Total: 7.480000 ms (FindLiveObjects: 0.611500 ms CreateObjectMapping: 0.209700 ms MarkObjects: 3.292000 ms  DeleteObjects: 3.365100 ms)

Prepare: number of updated asset objects reloaded= 0
AssetImportParameters requested are different than current active one (requested -> active):
  custom:container-demuxer-ogg: 62fdf1f143b41e24485cea50d1cbac27 -> 
  custom:video-decoder-ogg-theora: a1e56fd34408186e4bbccfd4996cb3dc -> 
  custom:framework-win-MediaFoundation: 216162199b28c13a410421893ffa2e32 -> 
  custom:CustomObjectIndexerAttribute: 72b91833f83ae208fae7752999fa3104 -> 
  custom:container-demuxer-webm: 4f35f7cbe854078d1ac9338744f61a02 -> 
  custom:container-muxer-webm: aa71ff27fc2769a1b78a27578f13a17b -> 
  custom:video-decoder-webm-vp8: 9c59270c3fd7afecdb556c50c9e8de78 -> 
  custom:SearchIndexIgnoredProperties: e643bd26f0fe6173181afceb89e7c659 -> 
  custom:AudioImporter_EditorPlatform: d09bf68614088b80899f8185d706f6e7 -> 
  custom:video-encoder-webm-vp8: eb34c28f22e8b96e1ab97ce403110664 -> 
  custom:audio-decoder-ogg-vorbis: bf7c407c2cedff20999df2af8eb42d56 -> 
  custom:scripting/monoscript/fileName/EnemigoMovimiento.cs: 235334258dde12424bf3a42286c43314 -> 
  custom:audio-encoder-webm-vorbis: bf7c407c2cedff20999df2af8eb42d56 -> 
  custom:scripting/precompiled-assembly-types:Assembly-CSharp: 7b9ce0129a78297d05bd4260687fef7d -> 068e914644e5ff337c2dad0ca7b1ba13
========================================================================
Received Prepare
Caller must complete domain reload
Begin MonoManager ReloadAssembly
- Loaded All Assemblies, in  0.520 seconds
Native extension for WindowsStandalone target not found
Mono: successfully reloaded assembly
- Finished resetting the current domain, in  1.628 seconds
Domain Reload Profiling: 2142ms
	BeginReloadAssembly (157ms)
		ExecutionOrderSort (0ms)
		DisableScriptedObjects (11ms)
		BackupInstance (0ms)
		ReleaseScriptingObjects (0ms)
		CreateAndSetChildDomain (34ms)
	RebuildCommonClasses (33ms)
	RebuildNativeTypeToScriptingClass (11ms)
	initialDomainReloadingComplete (33ms)
	LoadAllAssembliesAndSetupDomain (279ms)
		LoadAssemblies (339ms)
		RebuildTransferFunctionScriptingTraits (0ms)
		AnalyzeDomain (22ms)
			TypeCache.Refresh (6ms)
				TypeCache.ScanAssembly (0ms)
			ScanForSourceGeneratedMonoScriptInfo (0ms)
			ResolveRequiredComponents (14ms)
	FinalizeReload (1628ms)
		ReleaseScriptCaches (0ms)
		RebuildScriptCaches (0ms)
		SetupLoadedEditorAssemblies (545ms)
			LogAssemblyErrors (0ms)
			InitializePlatformSupportModulesInManaged (7ms)
			SetLoadedEditorAssemblies (8ms)
			RefreshPlugins (0ms)
			BeforeProcessingInitializeOnLoad (103ms)
			ProcessInitializeOnLoadAttributes (334ms)
			ProcessInitializeOnLoadMethodAttributes (82ms)
			AfterProcessingInitializeOnLoad (11ms)
			EditorAssembliesLoaded (1ms)
		ExecutionOrderSort2 (0ms)
		AwakeInstancesAfterBackupRestoration (14ms)
WARNING: Shader Unsupported: 'Hidden/Universal Render Pipeline/Terrain/Lit (Base Pass)' - All subshaders removed
WARNING: Shader Did you use #pragma only_renderers and omit this platform?
WARNING: Shader If subshaders removal was intentional, you may have forgotten turning Fallback off?
WARNING: Shader Unsupported: 'Hidden/Universal Render Pipeline/Terrain/Lit (Base Pass)' - All subshaders removed
WARNING: Shader Did you use #pragma only_renderers and omit this platform?
WARNING: Shader If subshaders removal was intentional, you may have forgotten turning Fallback off?
WARNING: Shader Unsupported: 'Universal Render Pipeline/Terrain/Lit' - All subshaders removed
WARNING: Shader Did you use #pragma only_renderers and omit this platform?
WARNING: Shader If subshaders removal was intentional, you may have forgotten turning Fallback off?
WARNING: Shader Unsupported: 'Universal Render Pipeline/Terrain/Lit' - All subshaders removed
WARNING: Shader Did you use #pragma only_renderers and omit this platform?
WARNING: Shader If subshaders removal was intentional, you may have forgotten turning Fallback off?
Refreshing native plugins compatible for Editor in 14.25 ms, found 5 plugins.
Preloading 0 native plugins for Editor in 0.00 ms.
Unloading 6034 Unused Serialized files (Serialized files now loaded: 0)
Unloading 105 unused Assets / (6.4 MB). Loaded Objects now: 6531.
Memory consumption went from 206.4 MB to 200.0 MB.
Total: 9.374100 ms (FindLiveObjects: 1.896700 ms CreateObjectMapping: 0.590400 ms MarkObjects: 3.473300 ms  DeleteObjects: 3.411800 ms)

Prepare: number of updated asset objects reloaded= 0
AssetImportParameters requested are different than current active one (requested -> active):
  custom:container-demuxer-ogg: 62fdf1f143b41e24485cea50d1cbac27 -> 
  custom:video-decoder-ogg-theora: a1e56fd34408186e4bbccfd4996cb3dc -> 
  custom:framework-win-MediaFoundation: 216162199b28c13a410421893ffa2e32 -> 
  custom:CustomObjectIndexerAttribute: 72b91833f83ae208fae7752999fa3104 -> 
  custom:container-demuxer-webm: 4f35f7cbe854078d1ac9338744f61a02 -> 
  custom:container-muxer-webm: aa71ff27fc2769a1b78a27578f13a17b -> 
  custom:video-decoder-webm-vp8: 9c59270c3fd7afecdb556c50c9e8de78 -> 
  custom:SearchIndexIgnoredProperties: e643bd26f0fe6173181afceb89e7c659 -> 
  custom:AudioImporter_EditorPlatform: d09bf68614088b80899f8185d706f6e7 -> 
  custom:video-encoder-webm-vp8: eb34c28f22e8b96e1ab97ce403110664 -> 
  custom:audio-decoder-ogg-vorbis: bf7c407c2cedff20999df2af8eb42d56 -> 
  custom:scripting/monoscript/fileName/EnemigoMovimiento.cs: 235334258dde12424bf3a42286c43314 -> 
  custom:audio-encoder-webm-vorbis: bf7c407c2cedff20999df2af8eb42d56 -> 
  custom:scripting/precompiled-assembly-types:Assembly-CSharp: 7b9ce0129a78297d05bd4260687fef7d -> 068e914644e5ff337c2dad0ca7b1ba13
========================================================================
Received Prepare
Caller must complete domain reload
Begin MonoManager ReloadAssembly
- Loaded All Assemblies, in  0.511 seconds
Native extension for WindowsStandalone target not found
Mono: successfully reloaded assembly
- Finished resetting the current domain, in  1.633 seconds
Domain Reload Profiling: 2139ms
	BeginReloadAssembly (163ms)
		ExecutionOrderSort (0ms)
		DisableScriptedObjects (10ms)
		BackupInstance (0ms)
		ReleaseScriptingObjects (0ms)
		CreateAndSetChildDomain (40ms)
	RebuildCommonClasses (28ms)
	RebuildNativeTypeToScriptingClass (9ms)
	initialDomainReloadingComplete (32ms)
	LoadAllAssembliesAndSetupDomain (273ms)
		LoadAssemblies (335ms)
		RebuildTransferFunctionScriptingTraits (0ms)
		AnalyzeDomain (18ms)
			TypeCache.Refresh (6ms)
				TypeCache.ScanAssembly (0ms)
			ScanForSourceGeneratedMonoScriptInfo (0ms)
			ResolveRequiredComponents (10ms)
	FinalizeReload (1633ms)
		ReleaseScriptCaches (0ms)
		RebuildScriptCaches (0ms)
		SetupLoadedEditorAssemblies (546ms)
			LogAssemblyErrors (0ms)
			InitializePlatformSupportModulesInManaged (6ms)
			SetLoadedEditorAssemblies (6ms)
			RefreshPlugins (0ms)
			BeforeProcessingInitializeOnLoad (104ms)
			ProcessInitializeOnLoadAttributes (332ms)
			ProcessInitializeOnLoadMethodAttributes (86ms)
			AfterProcessingInitializeOnLoad (11ms)
			EditorAssembliesLoaded (0ms)
		ExecutionOrderSort2 (0ms)
		AwakeInstancesAfterBackupRestoration (14ms)
WARNING: Shader Unsupported: 'Hidden/Universal Render Pipeline/Terrain/Lit (Base Pass)' - All subshaders removed
WARNING: Shader Did you use #pragma only_renderers and omit this platform?
WARNING: Shader If subshaders removal was intentional, you may have forgotten turning Fallback off?
WARNING: Shader Unsupported: 'Hidden/Universal Render Pipeline/Terrain/Lit (Base Pass)' - All subshaders removed
WARNING: Shader Did you use #pragma only_renderers and omit this platform?
WARNING: Shader If subshaders removal was intentional, you may have forgotten turning Fallback off?
WARNING: Shader Unsupported: 'Universal Render Pipeline/Terrain/Lit' - All subshaders removed
WARNING: Shader Did you use #pragma only_renderers and omit this platform?
WARNING: Shader If subshaders removal was intentional, you may have forgotten turning Fallback off?
WARNING: Shader Unsupported: 'Universal Render Pipeline/Terrain/Lit' - All subshaders removed
WARNING: Shader Did you use #pragma only_renderers and omit this platform?
WARNING: Shader If subshaders removal was intentional, you may have forgotten turning Fallback off?
Refreshing native plugins compatible for Editor in 15.84 ms, found 5 plugins.
Preloading 0 native plugins for Editor in 0.00 ms.
Unloading 6034 Unused Serialized files (Serialized files now loaded: 0)
Unloading 105 unused Assets / (6.3 MB). Loaded Objects now: 6536.
Memory consumption went from 206.4 MB to 200.1 MB.
Total: 10.803100 ms (FindLiveObjects: 0.697300 ms CreateObjectMapping: 0.526000 ms MarkObjects: 3.955800 ms  DeleteObjects: 5.622200 ms)

Prepare: number of updated asset objects reloaded= 0
AssetImportParameters requested are different than current active one (requested -> active):
  custom:container-demuxer-ogg: 62fdf1f143b41e24485cea50d1cbac27 -> 
  custom:video-decoder-ogg-theora: a1e56fd34408186e4bbccfd4996cb3dc -> 
  custom:framework-win-MediaFoundation: 216162199b28c13a410421893ffa2e32 -> 
  custom:CustomObjectIndexerAttribute: 72b91833f83ae208fae7752999fa3104 -> 
  custom:container-demuxer-webm: 4f35f7cbe854078d1ac9338744f61a02 -> 
  custom:container-muxer-webm: aa71ff27fc2769a1b78a27578f13a17b -> 
  custom:video-decoder-webm-vp8: 9c59270c3fd7afecdb556c50c9e8de78 -> 
  custom:SearchIndexIgnoredProperties: e643bd26f0fe6173181afceb89e7c659 -> 
  custom:AudioImporter_EditorPlatform: d09bf68614088b80899f8185d706f6e7 -> 
  custom:video-encoder-webm-vp8: eb34c28f22e8b96e1ab97ce403110664 -> 
  custom:audio-decoder-ogg-vorbis: bf7c407c2cedff20999df2af8eb42d56 -> 
  custom:scripting/monoscript/fileName/EnemigoMovimiento.cs: 235334258dde12424bf3a42286c43314 -> 
  custom:audio-encoder-webm-vorbis: bf7c407c2cedff20999df2af8eb42d56 -> 
  custom:scripting/precompiled-assembly-types:Assembly-CSharp: 7b9ce0129a78297d05bd4260687fef7d -> 068e914644e5ff337c2dad0ca7b1ba13
========================================================================
Received Prepare
Caller must complete domain reload
Begin MonoManager ReloadAssembly
- Loaded All Assemblies, in  0.501 seconds
Native extension for WindowsStandalone target not found
Mono: successfully reloaded assembly
- Finished resetting the current domain, in  1.669 seconds
Domain Reload Profiling: 2165ms
	BeginReloadAssembly (154ms)
		ExecutionOrderSort (0ms)
		DisableScriptedObjects (10ms)
		BackupInstance (0ms)
		ReleaseScriptingObjects (0ms)
		CreateAndSetChildDomain (37ms)
	RebuildCommonClasses (27ms)
	RebuildNativeTypeToScriptingClass (10ms)
	initialDomainReloadingComplete (33ms)
	LoadAllAssembliesAndSetupDomain (272ms)
		LoadAssemblies (325ms)
		RebuildTransferFunctionScriptingTraits (0ms)
		AnalyzeDomain (21ms)
			TypeCache.Refresh (9ms)
				TypeCache.ScanAssembly (0ms)
			ScanForSourceGeneratedMonoScriptInfo (0ms)
			ResolveRequiredComponents (10ms)
	FinalizeReload (1669ms)
		ReleaseScriptCaches (0ms)
		RebuildScriptCaches (0ms)
		SetupLoadedEditorAssemblies (556ms)
			LogAssemblyErrors (0ms)
			InitializePlatformSupportModulesInManaged (7ms)
			SetLoadedEditorAssemblies (8ms)
			RefreshPlugins (0ms)
			BeforeProcessingInitializeOnLoad (108ms)
			ProcessInitializeOnLoadAttributes (339ms)
			ProcessInitializeOnLoadMethodAttributes (84ms)
			AfterProcessingInitializeOnLoad (10ms)
			EditorAssembliesLoaded (0ms)
		ExecutionOrderSort2 (0ms)
		AwakeInstancesAfterBackupRestoration (14ms)
WARNING: Shader Unsupported: 'Hidden/Universal Render Pipeline/Terrain/Lit (Base Pass)' - All subshaders removed
WARNING: Shader Did you use #pragma only_renderers and omit this platform?
WARNING: Shader If subshaders removal was intentional, you may have forgotten turning Fallback off?
WARNING: Shader Unsupported: 'Hidden/Universal Render Pipeline/Terrain/Lit (Base Pass)' - All subshaders removed
WARNING: Shader Did you use #pragma only_renderers and omit this platform?
WARNING: Shader If subshaders removal was intentional, you may have forgotten turning Fallback off?
WARNING: Shader Unsupported: 'Universal Render Pipeline/Terrain/Lit' - All subshaders removed
WARNING: Shader Did you use #pragma only_renderers and omit this platform?
WARNING: Shader If subshaders removal was intentional, you may have forgotten turning Fallback off?
WARNING: Shader Unsupported: 'Universal Render Pipeline/Terrain/Lit' - All subshaders removed
WARNING: Shader Did you use #pragma only_renderers and omit this platform?
WARNING: Shader If subshaders removal was intentional, you may have forgotten turning Fallback off?
Refreshing native plugins compatible for Editor in 12.41 ms, found 5 plugins.
Preloading 0 native plugins for Editor in 0.00 ms.
Unloading 6034 Unused Serialized files (Serialized files now loaded: 0)
Unloading 105 unused Assets / (6.3 MB). Loaded Objects now: 6541.
Memory consumption went from 206.4 MB to 200.1 MB.
Total: 8.394100 ms (FindLiveObjects: 0.535900 ms CreateObjectMapping: 0.395500 ms MarkObjects: 3.914800 ms  DeleteObjects: 3.546000 ms)

Prepare: number of updated asset objects reloaded= 0
AssetImportParameters requested are different than current active one (requested -> active):
  custom:container-demuxer-ogg: 62fdf1f143b41e24485cea50d1cbac27 -> 
  custom:video-decoder-ogg-theora: a1e56fd34408186e4bbccfd4996cb3dc -> 
  custom:framework-win-MediaFoundation: 216162199b28c13a410421893ffa2e32 -> 
  custom:CustomObjectIndexerAttribute: 72b91833f83ae208fae7752999fa3104 -> 
  custom:container-demuxer-webm: 4f35f7cbe854078d1ac9338744f61a02 -> 
  custom:container-muxer-webm: aa71ff27fc2769a1b78a27578f13a17b -> 
  custom:video-decoder-webm-vp8: 9c59270c3fd7afecdb556c50c9e8de78 -> 
  custom:SearchIndexIgnoredProperties: e643bd26f0fe6173181afceb89e7c659 -> 
  custom:AudioImporter_EditorPlatform: d09bf68614088b80899f8185d706f6e7 -> 
  custom:video-encoder-webm-vp8: eb34c28f22e8b96e1ab97ce403110664 -> 
  custom:audio-decoder-ogg-vorbis: bf7c407c2cedff20999df2af8eb42d56 -> 
  custom:scripting/monoscript/fileName/EnemigoMovimiento.cs: 235334258dde12424bf3a42286c43314 -> 
  custom:audio-encoder-webm-vorbis: bf7c407c2cedff20999df2af8eb42d56 -> 
  custom:scripting/precompiled-assembly-types:Assembly-CSharp: 7b9ce0129a78297d05bd4260687fef7d -> 068e914644e5ff337c2dad0ca7b1ba13
========================================================================
Received Prepare
Caller must complete domain reload
Begin MonoManager ReloadAssembly
- Loaded All Assemblies, in  0.500 seconds
Native extension for WindowsStandalone target not found
Mono: successfully reloaded assembly
- Finished resetting the current domain, in  1.698 seconds
Domain Reload Profiling: 2193ms
	BeginReloadAssembly (158ms)
		ExecutionOrderSort (0ms)
		DisableScriptedObjects (11ms)
		BackupInstance (0ms)
		ReleaseScriptingObjects (0ms)
		CreateAndSetChildDomain (38ms)
	RebuildCommonClasses (30ms)
	RebuildNativeTypeToScriptingClass (9ms)
	initialDomainReloadingComplete (32ms)
	LoadAllAssembliesAndSetupDomain (266ms)
		LoadAssemblies (323ms)
		RebuildTransferFunctionScriptingTraits (0ms)
		AnalyzeDomain (19ms)
			TypeCache.Refresh (8ms)
				TypeCache.ScanAssembly (0ms)
			ScanForSourceGeneratedMonoScriptInfo (0ms)
			ResolveRequiredComponents (10ms)
	FinalizeReload (1699ms)
		ReleaseScriptCaches (0ms)
		RebuildScriptCaches (0ms)
		SetupLoadedEditorAssemblies (559ms)
			LogAssemblyErrors (0ms)
			InitializePlatformSupportModulesInManaged (7ms)
			SetLoadedEditorAssemblies (8ms)
			RefreshPlugins (0ms)
			BeforeProcessingInitializeOnLoad (109ms)
			ProcessInitializeOnLoadAttributes (342ms)
			ProcessInitializeOnLoadMethodAttributes (84ms)
			AfterProcessingInitializeOnLoad (9ms)
			EditorAssembliesLoaded (0ms)
		ExecutionOrderSort2 (0ms)
		AwakeInstancesAfterBackupRestoration (15ms)
WARNING: Shader Unsupported: 'Hidden/Universal Render Pipeline/Terrain/Lit (Base Pass)' - All subshaders removed
WARNING: Shader Did you use #pragma only_renderers and omit this platform?
WARNING: Shader If subshaders removal was intentional, you may have forgotten turning Fallback off?
WARNING: Shader Unsupported: 'Hidden/Universal Render Pipeline/Terrain/Lit (Base Pass)' - All subshaders removed
WARNING: Shader Did you use #pragma only_renderers and omit this platform?
WARNING: Shader If subshaders removal was intentional, you may have forgotten turning Fallback off?
WARNING: Shader Unsupported: 'Universal Render Pipeline/Terrain/Lit' - All subshaders removed
WARNING: Shader Did you use #pragma only_renderers and omit this platform?
WARNING: Shader If subshaders removal was intentional, you may have forgotten turning Fallback off?
WARNING: Shader Unsupported: 'Universal Render Pipeline/Terrain/Lit' - All subshaders removed
WARNING: Shader Did you use #pragma only_renderers and omit this platform?
WARNING: Shader If subshaders removal was intentional, you may have forgotten turning Fallback off?
Refreshing native plugins compatible for Editor in 13.73 ms, found 5 plugins.
Preloading 0 native plugins for Editor in 0.00 ms.
Unloading 6034 Unused Serialized files (Serialized files now loaded: 0)
Unloading 105 unused Assets / (6.5 MB). Loaded Objects now: 6546.
Memory consumption went from 206.5 MB to 200.1 MB.
Total: 7.646600 ms (FindLiveObjects: 0.555400 ms CreateObjectMapping: 0.514600 ms MarkObjects: 3.483200 ms  DeleteObjects: 3.092200 ms)

Prepare: number of updated asset objects reloaded= 0
AssetImportParameters requested are different than current active one (requested -> active):
  custom:container-demuxer-ogg: 62fdf1f143b41e24485cea50d1cbac27 -> 
  custom:video-decoder-ogg-theora: a1e56fd34408186e4bbccfd4996cb3dc -> 
  custom:framework-win-MediaFoundation: 216162199b28c13a410421893ffa2e32 -> 
  custom:CustomObjectIndexerAttribute: 72b91833f83ae208fae7752999fa3104 -> 
  custom:container-demuxer-webm: 4f35f7cbe854078d1ac9338744f61a02 -> 
  custom:container-muxer-webm: aa71ff27fc2769a1b78a27578f13a17b -> 
  custom:video-decoder-webm-vp8: 9c59270c3fd7afecdb556c50c9e8de78 -> 
  custom:SearchIndexIgnoredProperties: e643bd26f0fe6173181afceb89e7c659 -> 
  custom:AudioImporter_EditorPlatform: d09bf68614088b80899f8185d706f6e7 -> 
  custom:video-encoder-webm-vp8: eb34c28f22e8b96e1ab97ce403110664 -> 
  custom:audio-decoder-ogg-vorbis: bf7c407c2cedff20999df2af8eb42d56 -> 
  custom:scripting/monoscript/fileName/EnemigoMovimiento.cs: 235334258dde12424bf3a42286c43314 -> 
  custom:audio-encoder-webm-vorbis: bf7c407c2cedff20999df2af8eb42d56 -> 
  custom:scripting/precompiled-assembly-types:Assembly-CSharp: 7b9ce0129a78297d05bd4260687fef7d -> 068e914644e5ff337c2dad0ca7b1ba13
========================================================================
Received Prepare
Caller must complete domain reload
Begin MonoManager ReloadAssembly
- Loaded All Assemblies, in  0.509 seconds
Native extension for WindowsStandalone target not found
Mono: successfully reloaded assembly
- Finished resetting the current domain, in  1.573 seconds
Domain Reload Profiling: 2076ms
	BeginReloadAssembly (155ms)
		ExecutionOrderSort (0ms)
		DisableScriptedObjects (10ms)
		BackupInstance (0ms)
		ReleaseScriptingObjects (0ms)
		CreateAndSetChildDomain (35ms)
	RebuildCommonClasses (30ms)
	RebuildNativeTypeToScriptingClass (10ms)
	initialDomainReloadingComplete (33ms)
	LoadAllAssembliesAndSetupDomain (275ms)
		LoadAssemblies (329ms)
		RebuildTransferFunctionScriptingTraits (0ms)
		AnalyzeDomain (23ms)
			TypeCache.Refresh (11ms)
				TypeCache.ScanAssembly (0ms)
			ScanForSourceGeneratedMonoScriptInfo (0ms)
			ResolveRequiredComponents (11ms)
	FinalizeReload (1573ms)
		ReleaseScriptCaches (0ms)
		RebuildScriptCaches (0ms)
		SetupLoadedEditorAssemblies (547ms)
			LogAssemblyErrors (0ms)
			InitializePlatformSupportModulesInManaged (6ms)
			SetLoadedEditorAssemblies (5ms)
			RefreshPlugins (0ms)
			BeforeProcessingInitializeOnLoad (106ms)
			ProcessInitializeOnLoadAttributes (335ms)
			ProcessInitializeOnLoadMethodAttributes (84ms)
			AfterProcessingInitializeOnLoad (9ms)
			EditorAssembliesLoaded (0ms)
		ExecutionOrderSort2 (0ms)
		AwakeInstancesAfterBackupRestoration (14ms)
WARNING: Shader Unsupported: 'Hidden/Universal Render Pipeline/Terrain/Lit (Base Pass)' - All subshaders removed
WARNING: Shader Did you use #pragma only_renderers and omit this platform?
WARNING: Shader If subshaders removal was intentional, you may have forgotten turning Fallback off?
WARNING: Shader Unsupported: 'Hidden/Universal Render Pipeline/Terrain/Lit (Base Pass)' - All subshaders removed
WARNING: Shader Did you use #pragma only_renderers and omit this platform?
WARNING: Shader If subshaders removal was intentional, you may have forgotten turning Fallback off?
WARNING: Shader Unsupported: 'Universal Render Pipeline/Terrain/Lit' - All subshaders removed
WARNING: Shader Did you use #pragma only_renderers and omit this platform?
WARNING: Shader If subshaders removal was intentional, you may have forgotten turning Fallback off?
WARNING: Shader Unsupported: 'Universal Render Pipeline/Terrain/Lit' - All subshaders removed
WARNING: Shader Did you use #pragma only_renderers and omit this platform?
WARNING: Shader If subshaders removal was intentional, you may have forgotten turning Fallback off?
Refreshing native plugins compatible for Editor in 13.51 ms, found 5 plugins.
Preloading 0 native plugins for Editor in 0.00 ms.
Unloading 6034 Unused Serialized files (Serialized files now loaded: 0)
Unloading 105 unused Assets / (6.4 MB). Loaded Objects now: 6551.
Memory consumption went from 206.4 MB to 200.1 MB.
Total: 9.150500 ms (FindLiveObjects: 1.338800 ms CreateObjectMapping: 0.507300 ms MarkObjects: 4.122000 ms  DeleteObjects: 3.180900 ms)

Prepare: number of updated asset objects reloaded= 0
AssetImportParameters requested are different than current active one (requested -> active):
  custom:container-demuxer-ogg: 62fdf1f143b41e24485cea50d1cbac27 -> 
  custom:video-decoder-ogg-theora: a1e56fd34408186e4bbccfd4996cb3dc -> 
  custom:framework-win-MediaFoundation: 216162199b28c13a410421893ffa2e32 -> 
  custom:CustomObjectIndexerAttribute: 72b91833f83ae208fae7752999fa3104 -> 
  custom:container-demuxer-webm: 4f35f7cbe854078d1ac9338744f61a02 -> 
  custom:container-muxer-webm: aa71ff27fc2769a1b78a27578f13a17b -> 
  custom:video-decoder-webm-vp8: 9c59270c3fd7afecdb556c50c9e8de78 -> 
  custom:SearchIndexIgnoredProperties: e643bd26f0fe6173181afceb89e7c659 -> 
  custom:AudioImporter_EditorPlatform: d09bf68614088b80899f8185d706f6e7 -> 
  custom:video-encoder-webm-vp8: eb34c28f22e8b96e1ab97ce403110664 -> 
  custom:audio-decoder-ogg-vorbis: bf7c407c2cedff20999df2af8eb42d56 -> 
  custom:scripting/monoscript/fileName/EnemigoMovimiento.cs: 235334258dde12424bf3a42286c43314 -> 
  custom:audio-encoder-webm-vorbis: bf7c407c2cedff20999df2af8eb42d56 -> 
  custom:scripting/precompiled-assembly-types:Assembly-CSharp: 7b9ce0129a78297d05bd4260687fef7d -> 068e914644e5ff337c2dad0ca7b1ba13
========================================================================
Received Prepare
Caller must complete domain reload
Begin MonoManager ReloadAssembly
- Loaded All Assemblies, in  0.512 seconds
Native extension for WindowsStandalone target not found
Mono: successfully reloaded assembly
- Finished resetting the current domain, in  1.752 seconds
Domain Reload Profiling: 2259ms
	BeginReloadAssembly (153ms)
		ExecutionOrderSort (0ms)
		DisableScriptedObjects (10ms)
		BackupInstance (0ms)
		ReleaseScriptingObjects (0ms)
		CreateAndSetChildDomain (36ms)
	RebuildCommonClasses (29ms)
	RebuildNativeTypeToScriptingClass (11ms)
	initialDomainReloadingComplete (32ms)
	LoadAllAssembliesAndSetupDomain (281ms)
		LoadAssemblies (336ms)
		RebuildTransferFunctionScriptingTraits (0ms)
		AnalyzeDomain (22ms)
			TypeCache.Refresh (9ms)
				TypeCache.ScanAssembly (0ms)
			ScanForSourceGeneratedMonoScriptInfo (0ms)
			ResolveRequiredComponents (11ms)
	FinalizeReload (1753ms)
		ReleaseScriptCaches (0ms)
		RebuildScriptCaches (0ms)
		SetupLoadedEditorAssemblies (553ms)
			LogAssemblyErrors (0ms)
			InitializePlatformSupportModulesInManaged (8ms)
			SetLoadedEditorAssemblies (6ms)
			RefreshPlugins (0ms)
			BeforeProcessingInitializeOnLoad (104ms)
			ProcessInitializeOnLoadAttributes (343ms)
			ProcessInitializeOnLoadMethodAttributes (84ms)
			AfterProcessingInitializeOnLoad (9ms)
			EditorAssembliesLoaded (0ms)
		ExecutionOrderSort2 (0ms)
		AwakeInstancesAfterBackupRestoration (14ms)
WARNING: Shader Unsupported: 'Hidden/Universal Render Pipeline/Terrain/Lit (Base Pass)' - All subshaders removed
WARNING: Shader Did you use #pragma only_renderers and omit this platform?
WARNING: Shader If subshaders removal was intentional, you may have forgotten turning Fallback off?
WARNING: Shader Unsupported: 'Hidden/Universal Render Pipeline/Terrain/Lit (Base Pass)' - All subshaders removed
WARNING: Shader Did you use #pragma only_renderers and omit this platform?
WARNING: Shader If subshaders removal was intentional, you may have forgotten turning Fallback off?
WARNING: Shader Unsupported: 'Universal Render Pipeline/Terrain/Lit' - All subshaders removed
WARNING: Shader Did you use #pragma only_renderers and omit this platform?
WARNING: Shader If subshaders removal was intentional, you may have forgotten turning Fallback off?
WARNING: Shader Unsupported: 'Universal Render Pipeline/Terrain/Lit' - All subshaders removed
WARNING: Shader Did you use #pragma only_renderers and omit this platform?
WARNING: Shader If subshaders removal was intentional, you may have forgotten turning Fallback off?
Refreshing native plugins compatible for Editor in 12.47 ms, found 5 plugins.
Preloading 0 native plugins for Editor in 0.00 ms.
Unloading 6034 Unused Serialized files (Serialized files now loaded: 0)
Unloading 105 unused Assets / (6.5 MB). Loaded Objects now: 6556.
Memory consumption went from 206.5 MB to 200.0 MB.
Total: 8.371500 ms (FindLiveObjects: 0.769700 ms CreateObjectMapping: 0.678800 ms MarkObjects: 3.803000 ms  DeleteObjects: 3.117900 ms)

Prepare: number of updated asset objects reloaded= 0
AssetImportParameters requested are different than current active one (requested -> active):
  custom:container-demuxer-ogg: 62fdf1f143b41e24485cea50d1cbac27 -> 
  custom:video-decoder-ogg-theora: a1e56fd34408186e4bbccfd4996cb3dc -> 
  custom:framework-win-MediaFoundation: 216162199b28c13a410421893ffa2e32 -> 
  custom:CustomObjectIndexerAttribute: 72b91833f83ae208fae7752999fa3104 -> 
  custom:container-demuxer-webm: 4f35f7cbe854078d1ac9338744f61a02 -> 
  custom:container-muxer-webm: aa71ff27fc2769a1b78a27578f13a17b -> 
  custom:video-decoder-webm-vp8: 9c59270c3fd7afecdb556c50c9e8de78 -> 
  custom:SearchIndexIgnoredProperties: e643bd26f0fe6173181afceb89e7c659 -> 
  custom:AudioImporter_EditorPlatform: d09bf68614088b80899f8185d706f6e7 -> 
  custom:video-encoder-webm-vp8: eb34c28f22e8b96e1ab97ce403110664 -> 
  custom:audio-decoder-ogg-vorbis: bf7c407c2cedff20999df2af8eb42d56 -> 
  custom:scripting/monoscript/fileName/EnemigoMovimiento.cs: 235334258dde12424bf3a42286c43314 -> 
  custom:audio-encoder-webm-vorbis: bf7c407c2cedff20999df2af8eb42d56 -> 
  custom:scripting/precompiled-assembly-types:Assembly-CSharp: 7b9ce0129a78297d05bd4260687fef7d -> 068e914644e5ff337c2dad0ca7b1ba13
========================================================================
Received Prepare
Caller must complete domain reload
Begin MonoManager ReloadAssembly
- Loaded All Assemblies, in  0.489 seconds
Native extension for WindowsStandalone target not found
Mono: successfully reloaded assembly
- Finished resetting the current domain, in  1.570 seconds
Domain Reload Profiling: 2053ms
	BeginReloadAssembly (147ms)
		ExecutionOrderSort (0ms)
		DisableScriptedObjects (10ms)
		BackupInstance (0ms)
		ReleaseScriptingObjects (0ms)
		CreateAndSetChildDomain (34ms)
	RebuildCommonClasses (29ms)
	RebuildNativeTypeToScriptingClass (10ms)
	initialDomainReloadingComplete (33ms)
	LoadAllAssembliesAndSetupDomain (262ms)
		LoadAssemblies (315ms)
		RebuildTransferFunctionScriptingTraits (0ms)
		AnalyzeDomain (21ms)
			TypeCache.Refresh (8ms)
				TypeCache.ScanAssembly (0ms)
			ScanForSourceGeneratedMonoScriptInfo (0ms)
			ResolveRequiredComponents (11ms)
	FinalizeReload (1571ms)
		ReleaseScriptCaches (0ms)
		RebuildScriptCaches (0ms)
		SetupLoadedEditorAssemblies (559ms)
			LogAssemblyErrors (0ms)
			InitializePlatformSupportModulesInManaged (8ms)
			SetLoadedEditorAssemblies (6ms)
			RefreshPlugins (0ms)
			BeforeProcessingInitializeOnLoad (106ms)
			ProcessInitializeOnLoadAttributes (336ms)
			ProcessInitializeOnLoadMethodAttributes (92ms)
			AfterProcessingInitializeOnLoad (10ms)
			EditorAssembliesLoaded (0ms)
		ExecutionOrderSort2 (0ms)
		AwakeInstancesAfterBackupRestoration (17ms)
WARNING: Shader Unsupported: 'Hidden/Universal Render Pipeline/Terrain/Lit (Base Pass)' - All subshaders removed
WARNING: Shader Did you use #pragma only_renderers and omit this platform?
WARNING: Shader If subshaders removal was intentional, you may have forgotten turning Fallback off?
WARNING: Shader Unsupported: 'Hidden/Universal Render Pipeline/Terrain/Lit (Base Pass)' - All subshaders removed
WARNING: Shader Did you use #pragma only_renderers and omit this platform?
WARNING: Shader If subshaders removal was intentional, you may have forgotten turning Fallback off?
WARNING: Shader Unsupported: 'Universal Render Pipeline/Terrain/Lit' - All subshaders removed
WARNING: Shader Did you use #pragma only_renderers and omit this platform?
WARNING: Shader If subshaders removal was intentional, you may have forgotten turning Fallback off?
WARNING: Shader Unsupported: 'Universal Render Pipeline/Terrain/Lit' - All subshaders removed
WARNING: Shader Did you use #pragma only_renderers and omit this platform?
WARNING: Shader If subshaders removal was intentional, you may have forgotten turning Fallback off?
Refreshing native plugins compatible for Editor in 15.07 ms, found 5 plugins.
Preloading 0 native plugins for Editor in 0.00 ms.
Unloading 6034 Unused Serialized files (Serialized files now loaded: 0)
Unloading 105 unused Assets / (6.3 MB). Loaded Objects now: 6561.
Memory consumption went from 206.4 MB to 200.1 MB.
Total: 11.501500 ms (FindLiveObjects: 0.694100 ms CreateObjectMapping: 0.311000 ms MarkObjects: 6.289800 ms  DeleteObjects: 4.204900 ms)

Prepare: number of updated asset objects reloaded= 0
AssetImportParameters requested are different than current active one (requested -> active):
  custom:container-demuxer-ogg: 62fdf1f143b41e24485cea50d1cbac27 -> 
  custom:video-decoder-ogg-theora: a1e56fd34408186e4bbccfd4996cb3dc -> 
  custom:framework-win-MediaFoundation: 216162199b28c13a410421893ffa2e32 -> 
  custom:CustomObjectIndexerAttribute: 72b91833f83ae208fae7752999fa3104 -> 
  custom:container-demuxer-webm: 4f35f7cbe854078d1ac9338744f61a02 -> 
  custom:container-muxer-webm: aa71ff27fc2769a1b78a27578f13a17b -> 
  custom:video-decoder-webm-vp8: 9c59270c3fd7afecdb556c50c9e8de78 -> 
  custom:SearchIndexIgnoredProperties: e643bd26f0fe6173181afceb89e7c659 -> 
  custom:AudioImporter_EditorPlatform: d09bf68614088b80899f8185d706f6e7 -> 
  custom:video-encoder-webm-vp8: eb34c28f22e8b96e1ab97ce403110664 -> 
  custom:audio-decoder-ogg-vorbis: bf7c407c2cedff20999df2af8eb42d56 -> 
  custom:scripting/monoscript/fileName/EnemigoMovimiento.cs: 235334258dde12424bf3a42286c43314 -> 
  custom:audio-encoder-webm-vorbis: bf7c407c2cedff20999df2af8eb42d56 -> 
  custom:scripting/precompiled-assembly-types:Assembly-CSharp: 7b9ce0129a78297d05bd4260687fef7d -> 068e914644e5ff337c2dad0ca7b1ba13
========================================================================
Received Prepare
Caller must complete domain reload
Begin MonoManager ReloadAssembly
- Loaded All Assemblies, in  0.497 seconds
Native extension for WindowsStandalone target not found
Mono: successfully reloaded assembly
- Finished resetting the current domain, in  1.673 seconds
Domain Reload Profiling: 2164ms
	BeginReloadAssembly (153ms)
		ExecutionOrderSort (0ms)
		DisableScriptedObjects (11ms)
		BackupInstance (0ms)
		ReleaseScriptingObjects (0ms)
		CreateAndSetChildDomain (34ms)
	RebuildCommonClasses (29ms)
	RebuildNativeTypeToScriptingClass (8ms)
	initialDomainReloadingComplete (35ms)
	LoadAllAssembliesAndSetupDomain (266ms)
		LoadAssemblies (322ms)
		RebuildTransferFunctionScriptingTraits (0ms)
		AnalyzeDomain (21ms)
			TypeCache.Refresh (9ms)
				TypeCache.ScanAssembly (0ms)
			ScanForSourceGeneratedMonoScriptInfo (0ms)
			ResolveRequiredComponents (10ms)
	FinalizeReload (1673ms)
		ReleaseScriptCaches (0ms)
		RebuildScriptCaches (0ms)
		SetupLoadedEditorAssemblies (584ms)
			LogAssemblyErrors (0ms)
			InitializePlatformSupportModulesInManaged (6ms)
			SetLoadedEditorAssemblies (9ms)
			RefreshPlugins (0ms)
			BeforeProcessingInitializeOnLoad (114ms)
			ProcessInitializeOnLoadAttributes (338ms)
			ProcessInitializeOnLoadMethodAttributes (97ms)
			AfterProcessingInitializeOnLoad (19ms)
			EditorAssembliesLoaded (1ms)
		ExecutionOrderSort2 (0ms)
		AwakeInstancesAfterBackupRestoration (19ms)
WARNING: Shader Unsupported: 'Hidden/Universal Render Pipeline/Terrain/Lit (Base Pass)' - All subshaders removed
WARNING: Shader Did you use #pragma only_renderers and omit this platform?
WARNING: Shader If subshaders removal was intentional, you may have forgotten turning Fallback off?
WARNING: Shader Unsupported: 'Hidden/Universal Render Pipeline/Terrain/Lit (Base Pass)' - All subshaders removed
WARNING: Shader Did you use #pragma only_renderers and omit this platform?
WARNING: Shader If subshaders removal was intentional, you may have forgotten turning Fallback off?
WARNING: Shader Unsupported: 'Universal Render Pipeline/Terrain/Lit' - All subshaders removed
WARNING: Shader Did you use #pragma only_renderers and omit this platform?
WARNING: Shader If subshaders removal was intentional, you may have forgotten turning Fallback off?
WARNING: Shader Unsupported: 'Universal Render Pipeline/Terrain/Lit' - All subshaders removed
WARNING: Shader Did you use #pragma only_renderers and omit this platform?
WARNING: Shader If subshaders removal was intentional, you may have forgotten turning Fallback off?
Refreshing native plugins compatible for Editor in 13.59 ms, found 5 plugins.
Preloading 0 native plugins for Editor in 0.00 ms.
Unloading 6034 Unused Serialized files (Serialized files now loaded: 0)
Unloading 105 unused Assets / (6.5 MB). Loaded Objects now: 6566.
Memory consumption went from 206.6 MB to 200.1 MB.
Total: 6.958000 ms (FindLiveObjects: 0.619600 ms CreateObjectMapping: 0.206600 ms MarkObjects: 3.173700 ms  DeleteObjects: 2.957100 ms)

Prepare: number of updated asset objects reloaded= 0
AssetImportParameters requested are different than current active one (requested -> active):
  custom:container-demuxer-ogg: 62fdf1f143b41e24485cea50d1cbac27 -> 
  custom:video-decoder-ogg-theora: a1e56fd34408186e4bbccfd4996cb3dc -> 
  custom:framework-win-MediaFoundation: 216162199b28c13a410421893ffa2e32 -> 
  custom:CustomObjectIndexerAttribute: 72b91833f83ae208fae7752999fa3104 -> 
  custom:container-demuxer-webm: 4f35f7cbe854078d1ac9338744f61a02 -> 
  custom:container-muxer-webm: aa71ff27fc2769a1b78a27578f13a17b -> 
  custom:video-decoder-webm-vp8: 9c59270c3fd7afecdb556c50c9e8de78 -> 
  custom:SearchIndexIgnoredProperties: e643bd26f0fe6173181afceb89e7c659 -> 
  custom:AudioImporter_EditorPlatform: d09bf68614088b80899f8185d706f6e7 -> 
  custom:video-encoder-webm-vp8: eb34c28f22e8b96e1ab97ce403110664 -> 
  custom:audio-decoder-ogg-vorbis: bf7c407c2cedff20999df2af8eb42d56 -> 
  custom:scripting/monoscript/fileName/EnemigoMovimiento.cs: 235334258dde12424bf3a42286c43314 -> 
  custom:audio-encoder-webm-vorbis: bf7c407c2cedff20999df2af8eb42d56 -> 
  custom:scripting/precompiled-assembly-types:Assembly-CSharp: 7b9ce0129a78297d05bd4260687fef7d -> 068e914644e5ff337c2dad0ca7b1ba13
========================================================================
Received Prepare
Caller must complete domain reload
Begin MonoManager ReloadAssembly
- Loaded All Assemblies, in  0.509 seconds
Native extension for WindowsStandalone target not found
Mono: successfully reloaded assembly
- Finished resetting the current domain, in  1.609 seconds
Domain Reload Profiling: 2110ms
	BeginReloadAssembly (153ms)
		ExecutionOrderSort (0ms)
		DisableScriptedObjects (9ms)
		BackupInstance (0ms)
		ReleaseScriptingObjects (0ms)
		CreateAndSetChildDomain (36ms)
	RebuildCommonClasses (32ms)
	RebuildNativeTypeToScriptingClass (10ms)
	initialDomainReloadingComplete (32ms)
	LoadAllAssembliesAndSetupDomain (274ms)
		LoadAssemblies (332ms)
		RebuildTransferFunctionScriptingTraits (0ms)
		AnalyzeDomain (18ms)
			TypeCache.Refresh (7ms)
				TypeCache.ScanAssembly (0ms)
			ScanForSourceGeneratedMonoScriptInfo (0ms)
			ResolveRequiredComponents (10ms)
	FinalizeReload (1609ms)
		ReleaseScriptCaches (0ms)
		RebuildScriptCaches (0ms)
		SetupLoadedEditorAssemblies (553ms)
			LogAssemblyErrors (0ms)
			InitializePlatformSupportModulesInManaged (6ms)
			SetLoadedEditorAssemblies (5ms)
			RefreshPlugins (0ms)
			BeforeProcessingInitializeOnLoad (104ms)
			ProcessInitializeOnLoadAttributes (339ms)
			ProcessInitializeOnLoadMethodAttributes (89ms)
			AfterProcessingInitializeOnLoad (10ms)
			EditorAssembliesLoaded (0ms)
		ExecutionOrderSort2 (0ms)
		AwakeInstancesAfterBackupRestoration (15ms)
WARNING: Shader Unsupported: 'Hidden/Universal Render Pipeline/Terrain/Lit (Base Pass)' - All subshaders removed
WARNING: Shader Did you use #pragma only_renderers and omit this platform?
WARNING: Shader If subshaders removal was intentional, you may have forgotten turning Fallback off?
WARNING: Shader Unsupported: 'Hidden/Universal Render Pipeline/Terrain/Lit (Base Pass)' - All subshaders removed
WARNING: Shader Did you use #pragma only_renderers and omit this platform?
WARNING: Shader If subshaders removal was intentional, you may have forgotten turning Fallback off?
WARNING: Shader Unsupported: 'Universal Render Pipeline/Terrain/Lit' - All subshaders removed
WARNING: Shader Did you use #pragma only_renderers and omit this platform?
WARNING: Shader If subshaders removal was intentional, you may have forgotten turning Fallback off?
WARNING: Shader Unsupported: 'Universal Render Pipeline/Terrain/Lit' - All subshaders removed
WARNING: Shader Did you use #pragma only_renderers and omit this platform?
WARNING: Shader If subshaders removal was intentional, you may have forgotten turning Fallback off?
Refreshing native plugins compatible for Editor in 14.90 ms, found 5 plugins.
Preloading 0 native plugins for Editor in 0.00 ms.
Unloading 6034 Unused Serialized files (Serialized files now loaded: 0)
Unloading 105 unused Assets / (6.3 MB). Loaded Objects now: 6571.
Memory consumption went from 206.4 MB to 200.1 MB.
Total: 9.779000 ms (FindLiveObjects: 0.765500 ms CreateObjectMapping: 0.548200 ms MarkObjects: 3.814600 ms  DeleteObjects: 4.649100 ms)

Prepare: number of updated asset objects reloaded= 0
AssetImportParameters requested are different than current active one (requested -> active):
  custom:container-demuxer-ogg: 62fdf1f143b41e24485cea50d1cbac27 -> 
  custom:video-decoder-ogg-theora: a1e56fd34408186e4bbccfd4996cb3dc -> 
  custom:framework-win-MediaFoundation: 216162199b28c13a410421893ffa2e32 -> 
  custom:CustomObjectIndexerAttribute: 72b91833f83ae208fae7752999fa3104 -> 
  custom:container-demuxer-webm: 4f35f7cbe854078d1ac9338744f61a02 -> 
  custom:container-muxer-webm: aa71ff27fc2769a1b78a27578f13a17b -> 
  custom:video-decoder-webm-vp8: 9c59270c3fd7afecdb556c50c9e8de78 -> 
  custom:SearchIndexIgnoredProperties: e643bd26f0fe6173181afceb89e7c659 -> 
  custom:AudioImporter_EditorPlatform: d09bf68614088b80899f8185d706f6e7 -> 
  custom:video-encoder-webm-vp8: eb34c28f22e8b96e1ab97ce403110664 -> 
  custom:audio-decoder-ogg-vorbis: bf7c407c2cedff20999df2af8eb42d56 -> 
  custom:scripting/monoscript/fileName/EnemigoMovimiento.cs: 235334258dde12424bf3a42286c43314 -> 
  custom:audio-encoder-webm-vorbis: bf7c407c2cedff20999df2af8eb42d56 -> 
  custom:scripting/precompiled-assembly-types:Assembly-CSharp: 7b9ce0129a78297d05bd4260687fef7d -> 068e914644e5ff337c2dad0ca7b1ba13
========================================================================
Received Prepare
Caller must complete domain reload
Begin MonoManager ReloadAssembly
- Loaded All Assemblies, in  0.513 seconds
Native extension for WindowsStandalone target not found
Mono: successfully reloaded assembly
- Finished resetting the current domain, in  1.593 seconds
Domain Reload Profiling: 2102ms
	BeginReloadAssembly (160ms)
		ExecutionOrderSort (0ms)
		DisableScriptedObjects (11ms)
		BackupInstance (0ms)
		ReleaseScriptingObjects (0ms)
		CreateAndSetChildDomain (39ms)
	RebuildCommonClasses (29ms)
	RebuildNativeTypeToScriptingClass (9ms)
	initialDomainReloadingComplete (34ms)
	LoadAllAssembliesAndSetupDomain (277ms)
		LoadAssemblies (333ms)
		RebuildTransferFunctionScriptingTraits (0ms)
		AnalyzeDomain (20ms)
			TypeCache.Refresh (6ms)
				TypeCache.ScanAssembly (0ms)
			ScanForSourceGeneratedMonoScriptInfo (0ms)
			ResolveRequiredComponents (12ms)
	FinalizeReload (1594ms)
		ReleaseScriptCaches (0ms)
		RebuildScriptCaches (0ms)
		SetupLoadedEditorAssemblies (552ms)
			LogAssemblyErrors (0ms)
			InitializePlatformSupportModulesInManaged (7ms)
			SetLoadedEditorAssemblies (5ms)
			RefreshPlugins (0ms)
			BeforeProcessingInitializeOnLoad (105ms)
			ProcessInitializeOnLoadAttributes (344ms)
			ProcessInitializeOnLoadMethodAttributes (81ms)
			AfterProcessingInitializeOnLoad (9ms)
			EditorAssembliesLoaded (0ms)
		ExecutionOrderSort2 (0ms)
		AwakeInstancesAfterBackupRestoration (16ms)
WARNING: Shader Unsupported: 'Hidden/Universal Render Pipeline/Terrain/Lit (Base Pass)' - All subshaders removed
WARNING: Shader Did you use #pragma only_renderers and omit this platform?
WARNING: Shader If subshaders removal was intentional, you may have forgotten turning Fallback off?
WARNING: Shader Unsupported: 'Hidden/Universal Render Pipeline/Terrain/Lit (Base Pass)' - All subshaders removed
WARNING: Shader Did you use #pragma only_renderers and omit this platform?
WARNING: Shader If subshaders removal was intentional, you may have forgotten turning Fallback off?
WARNING: Shader Unsupported: 'Universal Render Pipeline/Terrain/Lit' - All subshaders removed
WARNING: Shader Did you use #pragma only_renderers and omit this platform?
WARNING: Shader If subshaders removal was intentional, you may have forgotten turning Fallback off?
WARNING: Shader Unsupported: 'Universal Render Pipeline/Terrain/Lit' - All subshaders removed
WARNING: Shader Did you use #pragma only_renderers and omit this platform?
WARNING: Shader If subshaders removal was intentional, you may have forgotten turning Fallback off?
Refreshing native plugins compatible for Editor in 14.54 ms, found 5 plugins.
Preloading 0 native plugins for Editor in 0.00 ms.
Unloading 6034 Unused Serialized files (Serialized files now loaded: 0)
Unloading 105 unused Assets / (6.3 MB). Loaded Objects now: 6576.
Memory consumption went from 206.4 MB to 200.1 MB.
Total: 7.655600 ms (FindLiveObjects: 0.537200 ms CreateObjectMapping: 0.422700 ms MarkObjects: 3.314800 ms  DeleteObjects: 3.379500 ms)

Prepare: number of updated asset objects reloaded= 0
AssetImportParameters requested are different than current active one (requested -> active):
  custom:container-demuxer-ogg: 62fdf1f143b41e24485cea50d1cbac27 -> 
  custom:video-decoder-ogg-theora: a1e56fd34408186e4bbccfd4996cb3dc -> 
  custom:framework-win-MediaFoundation: 216162199b28c13a410421893ffa2e32 -> 
  custom:CustomObjectIndexerAttribute: 72b91833f83ae208fae7752999fa3104 -> 
  custom:container-demuxer-webm: 4f35f7cbe854078d1ac9338744f61a02 -> 
  custom:container-muxer-webm: aa71ff27fc2769a1b78a27578f13a17b -> 
  custom:video-decoder-webm-vp8: 9c59270c3fd7afecdb556c50c9e8de78 -> 
  custom:SearchIndexIgnoredProperties: e643bd26f0fe6173181afceb89e7c659 -> 
  custom:AudioImporter_EditorPlatform: d09bf68614088b80899f8185d706f6e7 -> 
  custom:video-encoder-webm-vp8: eb34c28f22e8b96e1ab97ce403110664 -> 
  custom:audio-decoder-ogg-vorbis: bf7c407c2cedff20999df2af8eb42d56 -> 
  custom:scripting/monoscript/fileName/EnemigoMovimiento.cs: 235334258dde12424bf3a42286c43314 -> 
  custom:audio-encoder-webm-vorbis: bf7c407c2cedff20999df2af8eb42d56 -> 
  custom:scripting/precompiled-assembly-types:Assembly-CSharp: 7b9ce0129a78297d05bd4260687fef7d -> 068e914644e5ff337c2dad0ca7b1ba13
========================================================================
Received Prepare
Caller must complete domain reload
Begin MonoManager ReloadAssembly
- Loaded All Assemblies, in  0.513 seconds
Native extension for WindowsStandalone target not found
Mono: successfully reloaded assembly
- Finished resetting the current domain, in  1.625 seconds
Domain Reload Profiling: 2133ms
	BeginReloadAssembly (156ms)
		ExecutionOrderSort (0ms)
		DisableScriptedObjects (12ms)
		BackupInstance (0ms)
		ReleaseScriptingObjects (0ms)
		CreateAndSetChildDomain (39ms)
	RebuildCommonClasses (29ms)
	RebuildNativeTypeToScriptingClass (9ms)
	initialDomainReloadingComplete (31ms)
	LoadAllAssembliesAndSetupDomain (283ms)
		LoadAssemblies (337ms)
		RebuildTransferFunctionScriptingTraits (0ms)
		AnalyzeDomain (19ms)
			TypeCache.Refresh (7ms)
				TypeCache.ScanAssembly (0ms)
			ScanForSourceGeneratedMonoScriptInfo (0ms)
			ResolveRequiredComponents (11ms)
	FinalizeReload (1625ms)
		ReleaseScriptCaches (0ms)
		RebuildScriptCaches (0ms)
		SetupLoadedEditorAssemblies (558ms)
			LogAssemblyErrors (0ms)
			InitializePlatformSupportModulesInManaged (7ms)
			SetLoadedEditorAssemblies (6ms)
			RefreshPlugins (0ms)
			BeforeProcessingInitializeOnLoad (106ms)
			ProcessInitializeOnLoadAttributes (339ms)
			ProcessInitializeOnLoadMethodAttributes (89ms)
			AfterProcessingInitializeOnLoad (12ms)
			EditorAssembliesLoaded (0ms)
		ExecutionOrderSort2 (0ms)
		AwakeInstancesAfterBackupRestoration (15ms)
WARNING: Shader Unsupported: 'Hidden/Universal Render Pipeline/Terrain/Lit (Base Pass)' - All subshaders removed
WARNING: Shader Did you use #pragma only_renderers and omit this platform?
WARNING: Shader If subshaders removal was intentional, you may have forgotten turning Fallback off?
WARNING: Shader Unsupported: 'Hidden/Universal Render Pipeline/Terrain/Lit (Base Pass)' - All subshaders removed
WARNING: Shader Did you use #pragma only_renderers and omit this platform?
WARNING: Shader If subshaders removal was intentional, you may have forgotten turning Fallback off?
WARNING: Shader Unsupported: 'Universal Render Pipeline/Terrain/Lit' - All subshaders removed
WARNING: Shader Did you use #pragma only_renderers and omit this platform?
WARNING: Shader If subshaders removal was intentional, you may have forgotten turning Fallback off?
WARNING: Shader Unsupported: 'Universal Render Pipeline/Terrain/Lit' - All subshaders removed
WARNING: Shader Did you use #pragma only_renderers and omit this platform?
WARNING: Shader If subshaders removal was intentional, you may have forgotten turning Fallback off?
Refreshing native plugins compatible for Editor in 14.74 ms, found 5 plugins.
Preloading 0 native plugins for Editor in 0.00 ms.
Unloading 6034 Unused Serialized files (Serialized files now loaded: 0)
Unloading 105 unused Assets / (6.3 MB). Loaded Objects now: 6581.
Memory consumption went from 206.4 MB to 200.0 MB.
Total: 12.001600 ms (FindLiveObjects: 0.943300 ms CreateObjectMapping: 0.631900 ms MarkObjects: 5.984200 ms  DeleteObjects: 4.440600 ms)

Prepare: number of updated asset objects reloaded= 0
AssetImportParameters requested are different than current active one (requested -> active):
  custom:container-demuxer-ogg: 62fdf1f143b41e24485cea50d1cbac27 -> 
  custom:video-decoder-ogg-theora: a1e56fd34408186e4bbccfd4996cb3dc -> 
  custom:framework-win-MediaFoundation: 216162199b28c13a410421893ffa2e32 -> 
  custom:CustomObjectIndexerAttribute: 72b91833f83ae208fae7752999fa3104 -> 
  custom:container-demuxer-webm: 4f35f7cbe854078d1ac9338744f61a02 -> 
  custom:container-muxer-webm: aa71ff27fc2769a1b78a27578f13a17b -> 
  custom:video-decoder-webm-vp8: 9c59270c3fd7afecdb556c50c9e8de78 -> 
  custom:SearchIndexIgnoredProperties: e643bd26f0fe6173181afceb89e7c659 -> 
  custom:AudioImporter_EditorPlatform: d09bf68614088b80899f8185d706f6e7 -> 
  custom:video-encoder-webm-vp8: eb34c28f22e8b96e1ab97ce403110664 -> 
  custom:audio-decoder-ogg-vorbis: bf7c407c2cedff20999df2af8eb42d56 -> 
  custom:scripting/monoscript/fileName/EnemigoMovimiento.cs: 235334258dde12424bf3a42286c43314 -> 
  custom:audio-encoder-webm-vorbis: bf7c407c2cedff20999df2af8eb42d56 -> 
  custom:scripting/precompiled-assembly-types:Assembly-CSharp: 7b9ce0129a78297d05bd4260687fef7d -> 068e914644e5ff337c2dad0ca7b1ba13
========================================================================
Received Import Request.
  Time since last request: 3036.888678 seconds.
  path: Assets/sprites/Thunder projectile1 w blur.png
  artifactKey: Guid(d1627795746eaa94e95fb13bd563f51d) Importer(815301076,1909f56bfc062723c751e8b465ee728b)
Start importing Assets/sprites/Thunder projectile1 w blur.png using Guid(d1627795746eaa94e95fb13bd563f51d) Importer(815301076,1909f56bfc062723c751e8b465ee728b) [PhysX] Initialized MultithreadedTaskDispatcher with 12 workers.
[PhysX] Initialized MultithreadedTaskDispatcher with 12 workers.
 -> (artifact id: 'e85e61ee78fe4457521aa9d14916e82f') in 0.200156 seconds
Number of updated asset objects reloaded before import = 0
Number of asset objects unloaded after import = 3
========================================================================
Received Import Request.
  Time since last request: 18.201232 seconds.
  path: Assets/sprites/Thunder projectile1 w blur.png
  artifactKey: Guid(d1627795746eaa94e95fb13bd563f51d) Importer(815301076,1909f56bfc062723c751e8b465ee728b)
Start importing Assets/sprites/Thunder projectile1 w blur.png using Guid(d1627795746eaa94e95fb13bd563f51d) Importer(815301076,1909f56bfc062723c751e8b465ee728b) [PhysX] Initialized MultithreadedTaskDispatcher with 12 workers.
[PhysX] Initialized MultithreadedTaskDispatcher with 12 workers.
 -> (artifact id: 'fa1d866315c9a508b836a1de457387a9') in 0.007927 seconds
Number of updated asset objects reloaded before import = 0
Number of asset objects unloaded after import = 3
========================================================================
Received Import Request.
  Time since last request: 100.953199 seconds.
  path: Assets/sprites/Thunder projectile1 w blur.png
  artifactKey: Guid(d1627795746eaa94e95fb13bd563f51d) Importer(815301076,1909f56bfc062723c751e8b465ee728b)
Start importing Assets/sprites/Thunder projectile1 w blur.png using Guid(d1627795746eaa94e95fb13bd563f51d) Importer(815301076,1909f56bfc062723c751e8b465ee728b) [PhysX] Initialized MultithreadedTaskDispatcher with 12 workers.
[PhysX] Initialized MultithreadedTaskDispatcher with 12 workers.
 -> (artifact id: '516f58f98fc320c3a24dc5c52f059e86') in 0.008010 seconds
Number of updated asset objects reloaded before import = 0
Number of asset objects unloaded after import = 2
========================================================================
Received Import Request.
  Time since last request: 17.911326 seconds.
  path: Assets/sprites/Thunder projectile1 w blur.png
  artifactKey: Guid(d1627795746eaa94e95fb13bd563f51d) Importer(815301076,1909f56bfc062723c751e8b465ee728b)
Start importing Assets/sprites/Thunder projectile1 w blur.png using Guid(d1627795746eaa94e95fb13bd563f51d) Importer(815301076,1909f56bfc062723c751e8b465ee728b) [PhysX] Initialized MultithreadedTaskDispatcher with 12 workers.
[PhysX] Initialized MultithreadedTaskDispatcher with 12 workers.
 -> (artifact id: '1181f07a89c0d381db4e7f8ca53342f8') in 0.016917 seconds
Number of updated asset objects reloaded before import = 0
Number of asset objects unloaded after import = 7
========================================================================
Received Import Request.
  Time since last request: 139.441948 seconds.
  path: Assets/scripts/StateMachine.cs
  artifactKey: Guid(57f5b2f9294df3a42ad8f75227ca00d3) Importer(815301076,1909f56bfc062723c751e8b465ee728b)
Start importing Assets/scripts/StateMachine.cs using Guid(57f5b2f9294df3a42ad8f75227ca00d3) Importer(815301076,1909f56bfc062723c751e8b465ee728b) [PhysX] Initialized MultithreadedTaskDispatcher with 12 workers.
 -> (artifact id: '7c722710d682a210200c729d8f70a8a4') in 0.000687 seconds
Number of updated asset objects reloaded before import = 0
Number of asset objects unloaded after import = 0
========================================================================
Received Prepare
Caller must complete domain reload
Begin MonoManager ReloadAssembly
- Loaded All Assemblies, in  0.647 seconds
Native extension for WindowsStandalone target not found
Mono: successfully reloaded assembly
- Finished resetting the current domain, in  1.625 seconds
Domain Reload Profiling: 2267ms
	BeginReloadAssembly (183ms)
		ExecutionOrderSort (0ms)
		DisableScriptedObjects (13ms)
		BackupInstance (0ms)
		ReleaseScriptingObjects (0ms)
		CreateAndSetChildDomain (45ms)
	RebuildCommonClasses (28ms)
	RebuildNativeTypeToScriptingClass (9ms)
	initialDomainReloadingComplete (33ms)
	LoadAllAssembliesAndSetupDomain (389ms)
		LoadAssemblies (407ms)
		RebuildTransferFunctionScriptingTraits (0ms)
		AnalyzeDomain (66ms)
			TypeCache.Refresh (15ms)
				TypeCache.ScanAssembly (0ms)
			ScanForSourceGeneratedMonoScriptInfo (38ms)
			ResolveRequiredComponents (12ms)
	FinalizeReload (1626ms)
		ReleaseScriptCaches (0ms)
		RebuildScriptCaches (0ms)
		SetupLoadedEditorAssemblies (551ms)
			LogAssemblyErrors (0ms)
			InitializePlatformSupportModulesInManaged (6ms)
			SetLoadedEditorAssemblies (6ms)
			RefreshPlugins (0ms)
			BeforeProcessingInitializeOnLoad (104ms)
			ProcessInitializeOnLoadAttributes (337ms)
			ProcessInitializeOnLoadMethodAttributes (88ms)
			AfterProcessingInitializeOnLoad (9ms)
			EditorAssembliesLoaded (0ms)
		ExecutionOrderSort2 (0ms)
		AwakeInstancesAfterBackupRestoration (13ms)
WARNING: Shader Unsupported: 'Hidden/Universal Render Pipeline/Terrain/Lit (Base Pass)' - All subshaders removed
WARNING: Shader Did you use #pragma only_renderers and omit this platform?
WARNING: Shader If subshaders removal was intentional, you may have forgotten turning Fallback off?
WARNING: Shader Unsupported: 'Hidden/Universal Render Pipeline/Terrain/Lit (Base Pass)' - All subshaders removed
WARNING: Shader Did you use #pragma only_renderers and omit this platform?
WARNING: Shader If subshaders removal was intentional, you may have forgotten turning Fallback off?
WARNING: Shader Unsupported: 'Universal Render Pipeline/Terrain/Lit' - All subshaders removed
WARNING: Shader Did you use #pragma only_renderers and omit this platform?
WARNING: Shader If subshaders removal was intentional, you may have forgotten turning Fallback off?
WARNING: Shader Unsupported: 'Universal Render Pipeline/Terrain/Lit' - All subshaders removed
WARNING: Shader Did you use #pragma only_renderers and omit this platform?
WARNING: Shader If subshaders removal was intentional, you may have forgotten turning Fallback off?
Refreshing native plugins compatible for Editor in 13.62 ms, found 5 plugins.
Preloading 0 native plugins for Editor in 0.00 ms.
Unloading 6035 Unused Serialized files (Serialized files now loaded: 0)
Unloading 105 unused Assets / (6.3 MB). Loaded Objects now: 6594.
Memory consumption went from 210.6 MB to 204.3 MB.
Total: 7.856900 ms (FindLiveObjects: 0.744500 ms CreateObjectMapping: 0.205900 ms MarkObjects: 3.693900 ms  DeleteObjects: 3.210100 ms)

Prepare: number of updated asset objects reloaded= 0
AssetImportParameters requested are different than current active one (requested -> active):
  custom:container-demuxer-ogg: 62fdf1f143b41e24485cea50d1cbac27 -> 
  custom:video-decoder-ogg-theora: a1e56fd34408186e4bbccfd4996cb3dc -> 
  custom:framework-win-MediaFoundation: 216162199b28c13a410421893ffa2e32 -> 
  custom:CustomObjectIndexerAttribute: 72b91833f83ae208fae7752999fa3104 -> 
  custom:container-demuxer-webm: 4f35f7cbe854078d1ac9338744f61a02 -> 
  custom:scripting/monoscript/fileName/StateMachine.cs: e396b1a479a9c1425e0ff14aef876a13 -> 4752e958e06e35ed9c1224cc3c2fc022
  custom:container-muxer-webm: aa71ff27fc2769a1b78a27578f13a17b -> 
  custom:video-decoder-webm-vp8: 9c59270c3fd7afecdb556c50c9e8de78 -> 
  custom:SearchIndexIgnoredProperties: e643bd26f0fe6173181afceb89e7c659 -> 
  custom:AudioImporter_EditorPlatform: d09bf68614088b80899f8185d706f6e7 -> 
  custom:video-encoder-webm-vp8: eb34c28f22e8b96e1ab97ce403110664 -> 
  custom:audio-decoder-ogg-vorbis: bf7c407c2cedff20999df2af8eb42d56 -> 
  custom:scripting/monoscript/fileName/EnemigoMovimiento.cs: 235334258dde12424bf3a42286c43314 -> 
  custom:audio-encoder-webm-vorbis: bf7c407c2cedff20999df2af8eb42d56 -> 
  custom:scripting/precompiled-assembly-types:Assembly-CSharp: 1adad1932bbb2737db13b5c00b1d10c1 -> 068e914644e5ff337c2dad0ca7b1ba13
========================================================================
Received Prepare
Caller must complete domain reload
Begin MonoManager ReloadAssembly
- Loaded All Assemblies, in  0.541 seconds
Native extension for WindowsStandalone target not found
Mono: successfully reloaded assembly
- Finished resetting the current domain, in  1.504 seconds
Domain Reload Profiling: 2039ms
	BeginReloadAssembly (154ms)
		ExecutionOrderSort (0ms)
		DisableScriptedObjects (10ms)
		BackupInstance (0ms)
		ReleaseScriptingObjects (0ms)
		CreateAndSetChildDomain (40ms)
	RebuildCommonClasses (31ms)
	RebuildNativeTypeToScriptingClass (12ms)
	initialDomainReloadingComplete (32ms)
	LoadAllAssembliesAndSetupDomain (306ms)
		LoadAssemblies (330ms)
		RebuildTransferFunctionScriptingTraits (0ms)
		AnalyzeDomain (49ms)
			TypeCache.Refresh (11ms)
				TypeCache.ScanAssembly (0ms)
			ScanForSourceGeneratedMonoScriptInfo (26ms)
			ResolveRequiredComponents (11ms)
	FinalizeReload (1504ms)
		ReleaseScriptCaches (0ms)
		RebuildScriptCaches (0ms)
		SetupLoadedEditorAssemblies (471ms)
			LogAssemblyErrors (0ms)
			InitializePlatformSupportModulesInManaged (5ms)
			SetLoadedEditorAssemblies (5ms)
			RefreshPlugins (0ms)
			BeforeProcessingInitializeOnLoad (93ms)
			ProcessInitializeOnLoadAttributes (284ms)
			ProcessInitializeOnLoadMethodAttributes (75ms)
			AfterProcessingInitializeOnLoad (8ms)
			EditorAssembliesLoaded (0ms)
		ExecutionOrderSort2 (0ms)
		AwakeInstancesAfterBackupRestoration (12ms)
WARNING: Shader Unsupported: 'Hidden/Universal Render Pipeline/Terrain/Lit (Base Pass)' - All subshaders removed
WARNING: Shader Did you use #pragma only_renderers and omit this platform?
WARNING: Shader If subshaders removal was intentional, you may have forgotten turning Fallback off?
WARNING: Shader Unsupported: 'Hidden/Universal Render Pipeline/Terrain/Lit (Base Pass)' - All subshaders removed
WARNING: Shader Did you use #pragma only_renderers and omit this platform?
WARNING: Shader If subshaders removal was intentional, you may have forgotten turning Fallback off?
WARNING: Shader Unsupported: 'Universal Render Pipeline/Terrain/Lit' - All subshaders removed
WARNING: Shader Did you use #pragma only_renderers and omit this platform?
WARNING: Shader If subshaders removal was intentional, you may have forgotten turning Fallback off?
WARNING: Shader Unsupported: 'Universal Render Pipeline/Terrain/Lit' - All subshaders removed
WARNING: Shader Did you use #pragma only_renderers and omit this platform?
WARNING: Shader If subshaders removal was intentional, you may have forgotten turning Fallback off?
Refreshing native plugins compatible for Editor in 10.89 ms, found 5 plugins.
Preloading 0 native plugins for Editor in 0.00 ms.
Unloading 6035 Unused Serialized files (Serialized files now loaded: 0)
Unloading 105 unused Assets / (6.5 MB). Loaded Objects now: 6599.
Memory consumption went from 210.7 MB to 204.3 MB.
Total: 6.647200 ms (FindLiveObjects: 0.489800 ms CreateObjectMapping: 0.192300 ms MarkObjects: 3.227200 ms  DeleteObjects: 2.736800 ms)

Prepare: number of updated asset objects reloaded= 0
AssetImportParameters requested are different than current active one (requested -> active):
  custom:container-demuxer-ogg: 62fdf1f143b41e24485cea50d1cbac27 -> 
  custom:video-decoder-ogg-theora: a1e56fd34408186e4bbccfd4996cb3dc -> 
  custom:framework-win-MediaFoundation: 216162199b28c13a410421893ffa2e32 -> 
  custom:CustomObjectIndexerAttribute: 72b91833f83ae208fae7752999fa3104 -> 
  custom:container-demuxer-webm: 4f35f7cbe854078d1ac9338744f61a02 -> 
  custom:scripting/monoscript/fileName/StateMachine.cs: e396b1a479a9c1425e0ff14aef876a13 -> 4752e958e06e35ed9c1224cc3c2fc022
  custom:container-muxer-webm: aa71ff27fc2769a1b78a27578f13a17b -> 
  custom:video-decoder-webm-vp8: 9c59270c3fd7afecdb556c50c9e8de78 -> 
  custom:SearchIndexIgnoredProperties: e643bd26f0fe6173181afceb89e7c659 -> 
  custom:AudioImporter_EditorPlatform: d09bf68614088b80899f8185d706f6e7 -> 
  custom:video-encoder-webm-vp8: eb34c28f22e8b96e1ab97ce403110664 -> 
  custom:audio-decoder-ogg-vorbis: bf7c407c2cedff20999df2af8eb42d56 -> 
  custom:scripting/monoscript/fileName/EnemigoMovimiento.cs: 235334258dde12424bf3a42286c43314 -> 
  custom:audio-encoder-webm-vorbis: bf7c407c2cedff20999df2af8eb42d56 -> 
  custom:scripting/precompiled-assembly-types:Assembly-CSharp: 1adad1932bbb2737db13b5c00b1d10c1 -> 068e914644e5ff337c2dad0ca7b1ba13
========================================================================
Received Import Request.
  Time since last request: 32.568600 seconds.
  path: Assets/scripts/StateMachine.cs
  artifactKey: Guid(57f5b2f9294df3a42ad8f75227ca00d3) Importer(815301076,1909f56bfc062723c751e8b465ee728b)
Start importing Assets/scripts/StateMachine.cs using Guid(57f5b2f9294df3a42ad8f75227ca00d3) Importer(815301076,1909f56bfc062723c751e8b465ee728b) [PhysX] Initialized MultithreadedTaskDispatcher with 12 workers.
 -> (artifact id: '2b63ebf951e41f9e4327a3387da43437') in 0.002967 seconds
Number of updated asset objects reloaded before import = 0
Number of asset objects unloaded after import = 0
========================================================================
Received Import Request.
  Time since last request: 2.807024 seconds.
  path: Assets/scripts/Enemy
  artifactKey: Guid(7126b29d5953c4b499282c265703aa54) Importer(815301076,1909f56bfc062723c751e8b465ee728b)
Start importing Assets/scripts/Enemy using Guid(7126b29d5953c4b499282c265703aa54) Importer(815301076,1909f56bfc062723c751e8b465ee728b) [PhysX] Initialized MultithreadedTaskDispatcher with 12 workers.
 -> (artifact id: 'ad91c466be79f85a742c1293c701054a') in 0.000565 seconds
Number of updated asset objects reloaded before import = 0
Number of asset objects unloaded after import = 0
========================================================================
Received Import Request.
  Time since last request: 47.222334 seconds.
  path: Assets/scripts/Enemy/EnemyWaypointMove.cs
  artifactKey: Guid(13c9f771942b0d94ea4e50ce0484845a) Importer(815301076,1909f56bfc062723c751e8b465ee728b)
Start importing Assets/scripts/Enemy/EnemyWaypointMove.cs using Guid(13c9f771942b0d94ea4e50ce0484845a) Importer(815301076,1909f56bfc062723c751e8b465ee728b) [PhysX] Initialized MultithreadedTaskDispatcher with 12 workers.
 -> (artifact id: 'c127b65cc7531122606ee780a62cc339') in 0.000817 seconds
Number of updated asset objects reloaded before import = 0
Number of asset objects unloaded after import = 0
========================================================================
Received Prepare
Caller must complete domain reload
Begin MonoManager ReloadAssembly
- Loaded All Assemblies, in  0.632 seconds
Native extension for WindowsStandalone target not found
Mono: successfully reloaded assembly
- Finished resetting the current domain, in  1.808 seconds
Domain Reload Profiling: 2433ms
	BeginReloadAssembly (189ms)
		ExecutionOrderSort (0ms)
		DisableScriptedObjects (13ms)
		BackupInstance (0ms)
		ReleaseScriptingObjects (0ms)
		CreateAndSetChildDomain (43ms)
	RebuildCommonClasses (38ms)
	RebuildNativeTypeToScriptingClass (11ms)
	initialDomainReloadingComplete (36ms)
	LoadAllAssembliesAndSetupDomain (352ms)
		LoadAssemblies (389ms)
		RebuildTransferFunctionScriptingTraits (0ms)
		AnalyzeDomain (61ms)
			TypeCache.Refresh (12ms)
				TypeCache.ScanAssembly (0ms)
			ScanForSourceGeneratedMonoScriptInfo (33ms)
			ResolveRequiredComponents (14ms)
	FinalizeReload (1808ms)
		ReleaseScriptCaches (0ms)
		RebuildScriptCaches (0ms)
		SetupLoadedEditorAssemblies (605ms)
			LogAssemblyErrors (0ms)
			InitializePlatformSupportModulesInManaged (8ms)
			SetLoadedEditorAssemblies (5ms)
			RefreshPlugins (0ms)
			BeforeProcessingInitializeOnLoad (110ms)
			ProcessInitializeOnLoadAttributes (366ms)
			ProcessInitializeOnLoadMethodAttributes (102ms)
			AfterProcessingInitializeOnLoad (12ms)
			EditorAssembliesLoaded (0ms)
		ExecutionOrderSort2 (0ms)
		AwakeInstancesAfterBackupRestoration (15ms)
WARNING: Shader Unsupported: 'Hidden/Universal Render Pipeline/Terrain/Lit (Base Pass)' - All subshaders removed
WARNING: Shader Did you use #pragma only_renderers and omit this platform?
WARNING: Shader If subshaders removal was intentional, you may have forgotten turning Fallback off?
WARNING: Shader Unsupported: 'Hidden/Universal Render Pipeline/Terrain/Lit (Base Pass)' - All subshaders removed
WARNING: Shader Did you use #pragma only_renderers and omit this platform?
WARNING: Shader If subshaders removal was intentional, you may have forgotten turning Fallback off?
WARNING: Shader Unsupported: 'Universal Render Pipeline/Terrain/Lit' - All subshaders removed
WARNING: Shader Did you use #pragma only_renderers and omit this platform?
WARNING: Shader If subshaders removal was intentional, you may have forgotten turning Fallback off?
WARNING: Shader Unsupported: 'Universal Render Pipeline/Terrain/Lit' - All subshaders removed
WARNING: Shader Did you use #pragma only_renderers and omit this platform?
WARNING: Shader If subshaders removal was intentional, you may have forgotten turning Fallback off?
Refreshing native plugins compatible for Editor in 16.73 ms, found 5 plugins.
Preloading 0 native plugins for Editor in 0.00 ms.
Unloading 6036 Unused Serialized files (Serialized files now loaded: 0)
Unloading 105 unused Assets / (6.4 MB). Loaded Objects now: 6605.
Memory consumption went from 210.7 MB to 204.3 MB.
Total: 8.290700 ms (FindLiveObjects: 0.784800 ms CreateObjectMapping: 0.332500 ms MarkObjects: 4.116200 ms  DeleteObjects: 3.055600 ms)

Prepare: number of updated asset objects reloaded= 0
AssetImportParameters requested are different than current active one (requested -> active):
  custom:container-demuxer-ogg: 62fdf1f143b41e24485cea50d1cbac27 -> 
  custom:video-decoder-ogg-theora: a1e56fd34408186e4bbccfd4996cb3dc -> 
  custom:framework-win-MediaFoundation: 216162199b28c13a410421893ffa2e32 -> 
  custom:CustomObjectIndexerAttribute: 72b91833f83ae208fae7752999fa3104 -> 
  custom:container-demuxer-webm: 4f35f7cbe854078d1ac9338744f61a02 -> 
  custom:scripting/monoscript/fileName/StateMachine.cs: e396b1a479a9c1425e0ff14aef876a13 -> 4752e958e06e35ed9c1224cc3c2fc022
  custom:container-muxer-webm: aa71ff27fc2769a1b78a27578f13a17b -> 
  custom:video-decoder-webm-vp8: 9c59270c3fd7afecdb556c50c9e8de78 -> 
  custom:scripting/monoscript/fileName/EnemyWaypointMove.cs: 76fa8124910607f2ea15fcaf0e11c382 -> 
  custom:SearchIndexIgnoredProperties: e643bd26f0fe6173181afceb89e7c659 -> 
  custom:AudioImporter_EditorPlatform: d09bf68614088b80899f8185d706f6e7 -> 
  custom:video-encoder-webm-vp8: eb34c28f22e8b96e1ab97ce403110664 -> 
  custom:audio-decoder-ogg-vorbis: bf7c407c2cedff20999df2af8eb42d56 -> 
  custom:scripting/monoscript/fileName/EnemigoMovimiento.cs: 235334258dde12424bf3a42286c43314 -> 
  custom:audio-encoder-webm-vorbis: bf7c407c2cedff20999df2af8eb42d56 -> 
  custom:scripting/precompiled-assembly-types:Assembly-CSharp: 2b61946291ba900d06b756a3d5895476 -> 068e914644e5ff337c2dad0ca7b1ba13
========================================================================
Received Prepare
Caller must complete domain reload
Begin MonoManager ReloadAssembly
- Loaded All Assemblies, in  0.547 seconds
Native extension for WindowsStandalone target not found
Mono: successfully reloaded assembly
- Finished resetting the current domain, in  1.635 seconds
Domain Reload Profiling: 2176ms
	BeginReloadAssembly (157ms)
		ExecutionOrderSort (0ms)
		DisableScriptedObjects (10ms)
		BackupInstance (0ms)
		ReleaseScriptingObjects (0ms)
		CreateAndSetChildDomain (40ms)
	RebuildCommonClasses (29ms)
	RebuildNativeTypeToScriptingClass (11ms)
	initialDomainReloadingComplete (34ms)
	LoadAllAssembliesAndSetupDomain (309ms)
		LoadAssemblies (341ms)
		RebuildTransferFunctionScriptingTraits (0ms)
		AnalyzeDomain (45ms)
			TypeCache.Refresh (10ms)
				TypeCache.ScanAssembly (0ms)
			ScanForSourceGeneratedMonoScriptInfo (22ms)
			ResolveRequiredComponents (10ms)
	FinalizeReload (1635ms)
		ReleaseScriptCaches (0ms)
		RebuildScriptCaches (0ms)
		SetupLoadedEditorAssemblies (521ms)
			LogAssemblyErrors (0ms)
			InitializePlatformSupportModulesInManaged (8ms)
			SetLoadedEditorAssemblies (6ms)
			RefreshPlugins (0ms)
			BeforeProcessingInitializeOnLoad (109ms)
			ProcessInitializeOnLoadAttributes (308ms)
			ProcessInitializeOnLoadMethodAttributes (80ms)
			AfterProcessingInitializeOnLoad (9ms)
			EditorAssembliesLoaded (0ms)
		ExecutionOrderSort2 (0ms)
		AwakeInstancesAfterBackupRestoration (16ms)
WARNING: Shader Unsupported: 'Hidden/Universal Render Pipeline/Terrain/Lit (Base Pass)' - All subshaders removed
WARNING: Shader Did you use #pragma only_renderers and omit this platform?
WARNING: Shader If subshaders removal was intentional, you may have forgotten turning Fallback off?
WARNING: Shader Unsupported: 'Hidden/Universal Render Pipeline/Terrain/Lit (Base Pass)' - All subshaders removed
WARNING: Shader Did you use #pragma only_renderers and omit this platform?
WARNING: Shader If subshaders removal was intentional, you may have forgotten turning Fallback off?
WARNING: Shader Unsupported: 'Universal Render Pipeline/Terrain/Lit' - All subshaders removed
WARNING: Shader Did you use #pragma only_renderers and omit this platform?
WARNING: Shader If subshaders removal was intentional, you may have forgotten turning Fallback off?
WARNING: Shader Unsupported: 'Universal Render Pipeline/Terrain/Lit' - All subshaders removed
WARNING: Shader Did you use #pragma only_renderers and omit this platform?
WARNING: Shader If subshaders removal was intentional, you may have forgotten turning Fallback off?
Refreshing native plugins compatible for Editor in 10.74 ms, found 5 plugins.
Preloading 0 native plugins for Editor in 0.00 ms.
Unloading 6036 Unused Serialized files (Serialized files now loaded: 0)
Unloading 105 unused Assets / (6.3 MB). Loaded Objects now: 6610.
Memory consumption went from 210.6 MB to 204.3 MB.
Total: 6.990400 ms (FindLiveObjects: 0.486800 ms CreateObjectMapping: 0.180900 ms MarkObjects: 2.996000 ms  DeleteObjects: 3.325600 ms)

Prepare: number of updated asset objects reloaded= 0
AssetImportParameters requested are different than current active one (requested -> active):
  custom:container-demuxer-ogg: 62fdf1f143b41e24485cea50d1cbac27 -> 
  custom:video-decoder-ogg-theora: a1e56fd34408186e4bbccfd4996cb3dc -> 
  custom:framework-win-MediaFoundation: 216162199b28c13a410421893ffa2e32 -> 
  custom:CustomObjectIndexerAttribute: 72b91833f83ae208fae7752999fa3104 -> 
  custom:container-demuxer-webm: 4f35f7cbe854078d1ac9338744f61a02 -> 
  custom:scripting/monoscript/fileName/StateMachine.cs: e396b1a479a9c1425e0ff14aef876a13 -> 4752e958e06e35ed9c1224cc3c2fc022
  custom:container-muxer-webm: aa71ff27fc2769a1b78a27578f13a17b -> 
  custom:video-decoder-webm-vp8: 9c59270c3fd7afecdb556c50c9e8de78 -> 
  custom:scripting/monoscript/fileName/EnemyWaypointMove.cs: cb3862bdca022c6895bfea2d333c4052 -> 
  custom:SearchIndexIgnoredProperties: e643bd26f0fe6173181afceb89e7c659 -> 
  custom:AudioImporter_EditorPlatform: d09bf68614088b80899f8185d706f6e7 -> 
  custom:video-encoder-webm-vp8: eb34c28f22e8b96e1ab97ce403110664 -> 
  custom:audio-decoder-ogg-vorbis: bf7c407c2cedff20999df2af8eb42d56 -> 
  custom:scripting/monoscript/fileName/EnemigoMovimiento.cs: 235334258dde12424bf3a42286c43314 -> 
  custom:audio-encoder-webm-vorbis: bf7c407c2cedff20999df2af8eb42d56 -> 
  custom:scripting/precompiled-assembly-types:Assembly-CSharp: d58de045b6f4bb5e65270031404a4943 -> 068e914644e5ff337c2dad0ca7b1ba13
========================================================================
Received Import Request.
  Time since last request: 265.743548 seconds.
  path: Assets/scripts/Enemy/EnemyWaypointMove.cs
  artifactKey: Guid(13c9f771942b0d94ea4e50ce0484845a) Importer(815301076,1909f56bfc062723c751e8b465ee728b)
Start importing Assets/scripts/Enemy/EnemyWaypointMove.cs using Guid(13c9f771942b0d94ea4e50ce0484845a) Importer(815301076,1909f56bfc062723c751e8b465ee728b) [PhysX] Initialized MultithreadedTaskDispatcher with 12 workers.
 -> (artifact id: 'd1547614233a48568dc46cd2478ed3df') in 0.002263 seconds
Number of updated asset objects reloaded before import = 0
Number of asset objects unloaded after import = 0
========================================================================
Received Prepare
Caller must complete domain reload
Begin MonoManager ReloadAssembly
- Loaded All Assemblies, in  0.486 seconds
Native extension for WindowsStandalone target not found
Mono: successfully reloaded assembly
- Finished resetting the current domain, in  1.626 seconds
Domain Reload Profiling: 2107ms
	BeginReloadAssembly (147ms)
		ExecutionOrderSort (0ms)
		DisableScriptedObjects (9ms)
		BackupInstance (0ms)
		ReleaseScriptingObjects (0ms)
		CreateAndSetChildDomain (40ms)
	RebuildCommonClasses (28ms)
	RebuildNativeTypeToScriptingClass (9ms)
	initialDomainReloadingComplete (30ms)
	LoadAllAssembliesAndSetupDomain (267ms)
		LoadAssemblies (317ms)
		RebuildTransferFunctionScriptingTraits (0ms)
		AnalyzeDomain (18ms)
			TypeCache.Refresh (6ms)
				TypeCache.ScanAssembly (0ms)
			ScanForSourceGeneratedMonoScriptInfo (0ms)
			ResolveRequiredComponents (10ms)
	FinalizeReload (1626ms)
		ReleaseScriptCaches (0ms)
		RebuildScriptCaches (0ms)
		SetupLoadedEditorAssemblies (552ms)
			LogAssemblyErrors (0ms)
			InitializePlatformSupportModulesInManaged (7ms)
			SetLoadedEditorAssemblies (5ms)
			RefreshPlugins (0ms)
			BeforeProcessingInitializeOnLoad (103ms)
			ProcessInitializeOnLoadAttributes (345ms)
			ProcessInitializeOnLoadMethodAttributes (81ms)
			AfterProcessingInitializeOnLoad (9ms)
			EditorAssembliesLoaded (0ms)
		ExecutionOrderSort2 (0ms)
		AwakeInstancesAfterBackupRestoration (14ms)
WARNING: Shader Unsupported: 'Hidden/Universal Render Pipeline/Terrain/Lit (Base Pass)' - All subshaders removed
WARNING: Shader Did you use #pragma only_renderers and omit this platform?
WARNING: Shader If subshaders removal was intentional, you may have forgotten turning Fallback off?
WARNING: Shader Unsupported: 'Hidden/Universal Render Pipeline/Terrain/Lit (Base Pass)' - All subshaders removed
WARNING: Shader Did you use #pragma only_renderers and omit this platform?
WARNING: Shader If subshaders removal was intentional, you may have forgotten turning Fallback off?
WARNING: Shader Unsupported: 'Universal Render Pipeline/Terrain/Lit' - All subshaders removed
WARNING: Shader Did you use #pragma only_renderers and omit this platform?
WARNING: Shader If subshaders removal was intentional, you may have forgotten turning Fallback off?
WARNING: Shader Unsupported: 'Universal Render Pipeline/Terrain/Lit' - All subshaders removed
WARNING: Shader Did you use #pragma only_renderers and omit this platform?
WARNING: Shader If subshaders removal was intentional, you may have forgotten turning Fallback off?
Refreshing native plugins compatible for Editor in 13.38 ms, found 5 plugins.
Preloading 0 native plugins for Editor in 0.00 ms.
Unloading 6036 Unused Serialized files (Serialized files now loaded: 0)
Unloading 105 unused Assets / (6.3 MB). Loaded Objects now: 6615.
Memory consumption went from 210.6 MB to 204.3 MB.
Total: 10.569100 ms (FindLiveObjects: 0.897800 ms CreateObjectMapping: 0.498100 ms MarkObjects: 5.187600 ms  DeleteObjects: 3.984100 ms)

Prepare: number of updated asset objects reloaded= 0
AssetImportParameters requested are different than current active one (requested -> active):
  custom:container-demuxer-ogg: 62fdf1f143b41e24485cea50d1cbac27 -> 
  custom:video-decoder-ogg-theora: a1e56fd34408186e4bbccfd4996cb3dc -> 
  custom:framework-win-MediaFoundation: 216162199b28c13a410421893ffa2e32 -> 
  custom:CustomObjectIndexerAttribute: 72b91833f83ae208fae7752999fa3104 -> 
  custom:container-demuxer-webm: 4f35f7cbe854078d1ac9338744f61a02 -> 
  custom:scripting/monoscript/fileName/StateMachine.cs: e396b1a479a9c1425e0ff14aef876a13 -> 4752e958e06e35ed9c1224cc3c2fc022
  custom:container-muxer-webm: aa71ff27fc2769a1b78a27578f13a17b -> 
  custom:video-decoder-webm-vp8: 9c59270c3fd7afecdb556c50c9e8de78 -> 
  custom:scripting/monoscript/fileName/EnemyWaypointMove.cs: cb3862bdca022c6895bfea2d333c4052 -> 
  custom:SearchIndexIgnoredProperties: e643bd26f0fe6173181afceb89e7c659 -> 
  custom:AudioImporter_EditorPlatform: d09bf68614088b80899f8185d706f6e7 -> 
  custom:video-encoder-webm-vp8: eb34c28f22e8b96e1ab97ce403110664 -> 
  custom:audio-decoder-ogg-vorbis: bf7c407c2cedff20999df2af8eb42d56 -> 
  custom:scripting/monoscript/fileName/EnemigoMovimiento.cs: 235334258dde12424bf3a42286c43314 -> 
  custom:audio-encoder-webm-vorbis: bf7c407c2cedff20999df2af8eb42d56 -> 
  custom:scripting/precompiled-assembly-types:Assembly-CSharp: d58de045b6f4bb5e65270031404a4943 -> 068e914644e5ff337c2dad0ca7b1ba13
========================================================================
Received Prepare
Caller must complete domain reload
Begin MonoManager ReloadAssembly
- Loaded All Assemblies, in  0.470 seconds
Native extension for WindowsStandalone target not found
Mono: successfully reloaded assembly
- Finished resetting the current domain, in  1.591 seconds
Domain Reload Profiling: 2055ms
	BeginReloadAssembly (140ms)
		ExecutionOrderSort (0ms)
		DisableScriptedObjects (9ms)
		BackupInstance (0ms)
		ReleaseScriptingObjects (0ms)
		CreateAndSetChildDomain (33ms)
	RebuildCommonClasses (31ms)
	RebuildNativeTypeToScriptingClass (8ms)
	initialDomainReloadingComplete (30ms)
	LoadAllAssembliesAndSetupDomain (255ms)
		LoadAssemblies (305ms)
		RebuildTransferFunctionScriptingTraits (0ms)
		AnalyzeDomain (18ms)
			TypeCache.Refresh (6ms)
				TypeCache.ScanAssembly (0ms)
			ScanForSourceGeneratedMonoScriptInfo (0ms)
			ResolveRequiredComponents (10ms)
	FinalizeReload (1591ms)
		ReleaseScriptCaches (0ms)
		RebuildScriptCaches (0ms)
		SetupLoadedEditorAssemblies (554ms)
			LogAssemblyErrors (0ms)
			InitializePlatformSupportModulesInManaged (7ms)
			SetLoadedEditorAssemblies (7ms)
			RefreshPlugins (0ms)
			BeforeProcessingInitializeOnLoad (107ms)
			ProcessInitializeOnLoadAttributes (336ms)
			ProcessInitializeOnLoadMethodAttributes (87ms)
			AfterProcessingInitializeOnLoad (10ms)
			EditorAssembliesLoaded (0ms)
		ExecutionOrderSort2 (0ms)
		AwakeInstancesAfterBackupRestoration (15ms)
WARNING: Shader Unsupported: 'Hidden/Universal Render Pipeline/Terrain/Lit (Base Pass)' - All subshaders removed
WARNING: Shader Did you use #pragma only_renderers and omit this platform?
WARNING: Shader If subshaders removal was intentional, you may have forgotten turning Fallback off?
WARNING: Shader Unsupported: 'Hidden/Universal Render Pipeline/Terrain/Lit (Base Pass)' - All subshaders removed
WARNING: Shader Did you use #pragma only_renderers and omit this platform?
WARNING: Shader If subshaders removal was intentional, you may have forgotten turning Fallback off?
WARNING: Shader Unsupported: 'Universal Render Pipeline/Terrain/Lit' - All subshaders removed
WARNING: Shader Did you use #pragma only_renderers and omit this platform?
WARNING: Shader If subshaders removal was intentional, you may have forgotten turning Fallback off?
WARNING: Shader Unsupported: 'Universal Render Pipeline/Terrain/Lit' - All subshaders removed
WARNING: Shader Did you use #pragma only_renderers and omit this platform?
WARNING: Shader If subshaders removal was intentional, you may have forgotten turning Fallback off?
Refreshing native plugins compatible for Editor in 12.90 ms, found 5 plugins.
Preloading 0 native plugins for Editor in 0.00 ms.
Unloading 6036 Unused Serialized files (Serialized files now loaded: 0)
Unloading 105 unused Assets / (6.4 MB). Loaded Objects now: 6620.
Memory consumption went from 210.7 MB to 204.3 MB.
Total: 8.769800 ms (FindLiveObjects: 0.537200 ms CreateObjectMapping: 0.199200 ms MarkObjects: 4.475700 ms  DeleteObjects: 3.556400 ms)

Prepare: number of updated asset objects reloaded= 0
AssetImportParameters requested are different than current active one (requested -> active):
  custom:container-demuxer-ogg: 62fdf1f143b41e24485cea50d1cbac27 -> 
  custom:video-decoder-ogg-theora: a1e56fd34408186e4bbccfd4996cb3dc -> 
  custom:framework-win-MediaFoundation: 216162199b28c13a410421893ffa2e32 -> 
  custom:CustomObjectIndexerAttribute: 72b91833f83ae208fae7752999fa3104 -> 
  custom:container-demuxer-webm: 4f35f7cbe854078d1ac9338744f61a02 -> 
  custom:scripting/monoscript/fileName/StateMachine.cs: e396b1a479a9c1425e0ff14aef876a13 -> 4752e958e06e35ed9c1224cc3c2fc022
  custom:container-muxer-webm: aa71ff27fc2769a1b78a27578f13a17b -> 
  custom:video-decoder-webm-vp8: 9c59270c3fd7afecdb556c50c9e8de78 -> 
  custom:scripting/monoscript/fileName/EnemyWaypointMove.cs: cb3862bdca022c6895bfea2d333c4052 -> 
  custom:SearchIndexIgnoredProperties: e643bd26f0fe6173181afceb89e7c659 -> 
  custom:AudioImporter_EditorPlatform: d09bf68614088b80899f8185d706f6e7 -> 
  custom:video-encoder-webm-vp8: eb34c28f22e8b96e1ab97ce403110664 -> 
  custom:audio-decoder-ogg-vorbis: bf7c407c2cedff20999df2af8eb42d56 -> 
  custom:scripting/monoscript/fileName/EnemigoMovimiento.cs: 235334258dde12424bf3a42286c43314 -> 
  custom:audio-encoder-webm-vorbis: bf7c407c2cedff20999df2af8eb42d56 -> 
  custom:scripting/precompiled-assembly-types:Assembly-CSharp: d58de045b6f4bb5e65270031404a4943 -> 068e914644e5ff337c2dad0ca7b1ba13
========================================================================
Received Prepare
Caller must complete domain reload
Begin MonoManager ReloadAssembly
- Loaded All Assemblies, in  0.489 seconds
Native extension for WindowsStandalone target not found
Mono: successfully reloaded assembly
- Finished resetting the current domain, in  1.621 seconds
Domain Reload Profiling: 2102ms
	BeginReloadAssembly (143ms)
		ExecutionOrderSort (0ms)
		DisableScriptedObjects (9ms)
		BackupInstance (0ms)
		ReleaseScriptingObjects (0ms)
		CreateAndSetChildDomain (33ms)
	RebuildCommonClasses (27ms)
	RebuildNativeTypeToScriptingClass (8ms)
	initialDomainReloadingComplete (37ms)
	LoadAllAssembliesAndSetupDomain (266ms)
		LoadAssemblies (316ms)
		RebuildTransferFunctionScriptingTraits (0ms)
		AnalyzeDomain (20ms)
			TypeCache.Refresh (6ms)
				TypeCache.ScanAssembly (0ms)
			ScanForSourceGeneratedMonoScriptInfo (0ms)
			ResolveRequiredComponents (11ms)
	FinalizeReload (1621ms)
		ReleaseScriptCaches (0ms)
		RebuildScriptCaches (0ms)
		SetupLoadedEditorAssemblies (585ms)
			LogAssemblyErrors (0ms)
			InitializePlatformSupportModulesInManaged (7ms)
			SetLoadedEditorAssemblies (7ms)
			RefreshPlugins (0ms)
			BeforeProcessingInitializeOnLoad (112ms)
			ProcessInitializeOnLoadAttributes (348ms)
			ProcessInitializeOnLoadMethodAttributes (100ms)
			AfterProcessingInitializeOnLoad (11ms)
			EditorAssembliesLoaded (0ms)
		ExecutionOrderSort2 (0ms)
		AwakeInstancesAfterBackupRestoration (15ms)
WARNING: Shader Unsupported: 'Hidden/Universal Render Pipeline/Terrain/Lit (Base Pass)' - All subshaders removed
WARNING: Shader Did you use #pragma only_renderers and omit this platform?
WARNING: Shader If subshaders removal was intentional, you may have forgotten turning Fallback off?
WARNING: Shader Unsupported: 'Hidden/Universal Render Pipeline/Terrain/Lit (Base Pass)' - All subshaders removed
WARNING: Shader Did you use #pragma only_renderers and omit this platform?
WARNING: Shader If subshaders removal was intentional, you may have forgotten turning Fallback off?
WARNING: Shader Unsupported: 'Universal Render Pipeline/Terrain/Lit' - All subshaders removed
WARNING: Shader Did you use #pragma only_renderers and omit this platform?
WARNING: Shader If subshaders removal was intentional, you may have forgotten turning Fallback off?
WARNING: Shader Unsupported: 'Universal Render Pipeline/Terrain/Lit' - All subshaders removed
WARNING: Shader Did you use #pragma only_renderers and omit this platform?
WARNING: Shader If subshaders removal was intentional, you may have forgotten turning Fallback off?
Refreshing native plugins compatible for Editor in 17.67 ms, found 5 plugins.
Preloading 0 native plugins for Editor in 0.00 ms.
Unloading 6036 Unused Serialized files (Serialized files now loaded: 0)
Unloading 105 unused Assets / (6.3 MB). Loaded Objects now: 6625.
Memory consumption went from 210.6 MB to 204.3 MB.
Total: 7.449600 ms (FindLiveObjects: 0.519400 ms CreateObjectMapping: 0.221300 ms MarkObjects: 3.452100 ms  DeleteObjects: 3.255500 ms)

Prepare: number of updated asset objects reloaded= 0
AssetImportParameters requested are different than current active one (requested -> active):
  custom:container-demuxer-ogg: 62fdf1f143b41e24485cea50d1cbac27 -> 
  custom:video-decoder-ogg-theora: a1e56fd34408186e4bbccfd4996cb3dc -> 
  custom:framework-win-MediaFoundation: 216162199b28c13a410421893ffa2e32 -> 
  custom:CustomObjectIndexerAttribute: 72b91833f83ae208fae7752999fa3104 -> 
  custom:container-demuxer-webm: 4f35f7cbe854078d1ac9338744f61a02 -> 
  custom:scripting/monoscript/fileName/StateMachine.cs: e396b1a479a9c1425e0ff14aef876a13 -> 4752e958e06e35ed9c1224cc3c2fc022
  custom:container-muxer-webm: aa71ff27fc2769a1b78a27578f13a17b -> 
  custom:video-decoder-webm-vp8: 9c59270c3fd7afecdb556c50c9e8de78 -> 
  custom:scripting/monoscript/fileName/EnemyWaypointMove.cs: cb3862bdca022c6895bfea2d333c4052 -> 
  custom:SearchIndexIgnoredProperties: e643bd26f0fe6173181afceb89e7c659 -> 
  custom:AudioImporter_EditorPlatform: d09bf68614088b80899f8185d706f6e7 -> 
  custom:video-encoder-webm-vp8: eb34c28f22e8b96e1ab97ce403110664 -> 
  custom:audio-decoder-ogg-vorbis: bf7c407c2cedff20999df2af8eb42d56 -> 
  custom:scripting/monoscript/fileName/EnemigoMovimiento.cs: 235334258dde12424bf3a42286c43314 -> 
  custom:audio-encoder-webm-vorbis: bf7c407c2cedff20999df2af8eb42d56 -> 
  custom:scripting/precompiled-assembly-types:Assembly-CSharp: d58de045b6f4bb5e65270031404a4943 -> 068e914644e5ff337c2dad0ca7b1ba13
========================================================================
Received Import Request.
  Time since last request: 500.826366 seconds.
  path: Assets/Scenes/SampleScene.unity
  artifactKey: Guid(8c9cfa26abfee488c85f1582747f6a02) Importer(815301076,1909f56bfc062723c751e8b465ee728b)
Start importing Assets/Scenes/SampleScene.unity using Guid(8c9cfa26abfee488c85f1582747f6a02) Importer(815301076,1909f56bfc062723c751e8b465ee728b) [PhysX] Initialized MultithreadedTaskDispatcher with 12 workers.
 -> (artifact id: '1d8d42b9b7fd4f479399a414cfb151b4') in 0.002256 seconds
Number of updated asset objects reloaded before import = 0
Number of asset objects unloaded after import = 0
========================================================================
Received Import Request.
  Time since last request: 17.076470 seconds.
  path: Assets/Scenes/NIvel1.unity
  artifactKey: Guid(8c9cfa26abfee488c85f1582747f6a02) Importer(815301076,1909f56bfc062723c751e8b465ee728b)
Start importing Assets/Scenes/NIvel1.unity using Guid(8c9cfa26abfee488c85f1582747f6a02) Importer(815301076,1909f56bfc062723c751e8b465ee728b) [PhysX] Initialized MultithreadedTaskDispatcher with 12 workers.
 -> (artifact id: '6e6dd652b481dd8c4d56f151403a651a') in 0.000605 seconds
Number of updated asset objects reloaded before import = 0
Number of asset objects unloaded after import = 0
========================================================================
Received Import Request.
  Time since last request: 70.815306 seconds.
  path: Assets/Prefab
  artifactKey: Guid(3a690ee4276e97a458e77a5e3d186774) Importer(815301076,1909f56bfc062723c751e8b465ee728b)
Start importing Assets/Prefab using Guid(3a690ee4276e97a458e77a5e3d186774) Importer(815301076,1909f56bfc062723c751e8b465ee728b) [PhysX] Initialized MultithreadedTaskDispatcher with 12 workers.
 -> (artifact id: '054fd16b0197c25608f3b97339aab3a5') in 0.000511 seconds
Number of updated asset objects reloaded before import = 0
Number of asset objects unloaded after import = 0
========================================================================
Received Import Request.
  Time since last request: 4.298680 seconds.
  path: Assets/Prefab/Enemy.prefab
  artifactKey: Guid(5b398b46e7ede804cae45dffab038c3a) Importer(815301076,1909f56bfc062723c751e8b465ee728b)
Start importing Assets/Prefab/Enemy.prefab using Guid(5b398b46e7ede804cae45dffab038c3a) Importer(815301076,1909f56bfc062723c751e8b465ee728b) [PhysX] Initialized MultithreadedTaskDispatcher with 12 workers.
[PhysX] Initialized MultithreadedTaskDispatcher with 12 workers.
 -> (artifact id: '5ad1765d0acd8cb17c1c34c2b7244d04') in 0.186624 seconds
Number of updated asset objects reloaded before import = 0
Number of asset objects unloaded after import = 24
========================================================================
Received Import Request.
  Time since last request: 96.807936 seconds.
  path: Assets/scripts/Enemy/EnemyMoveAlways.cs
  artifactKey: Guid(8c7bdeb804ef71148bc68290cb4b6e23) Importer(815301076,1909f56bfc062723c751e8b465ee728b)
Start importing Assets/scripts/Enemy/EnemyMoveAlways.cs using Guid(8c7bdeb804ef71148bc68290cb4b6e23) Importer(815301076,1909f56bfc062723c751e8b465ee728b) [PhysX] Initialized MultithreadedTaskDispatcher with 12 workers.
 -> (artifact id: '8208ae880b936f75e06b82ae5732c857') in 0.000866 seconds
Number of updated asset objects reloaded before import = 0
Number of asset objects unloaded after import = 0
========================================================================
Received Prepare
Caller must complete domain reload
Begin MonoManager ReloadAssembly
- Loaded All Assemblies, in  0.567 seconds
Native extension for WindowsStandalone target not found
Mono: successfully reloaded assembly
- Finished resetting the current domain, in  1.692 seconds
Domain Reload Profiling: 2254ms
	BeginReloadAssembly (160ms)
		ExecutionOrderSort (0ms)
		DisableScriptedObjects (13ms)
		BackupInstance (0ms)
		ReleaseScriptingObjects (0ms)
		CreateAndSetChildDomain (39ms)
	RebuildCommonClasses (32ms)
	RebuildNativeTypeToScriptingClass (13ms)
	initialDomainReloadingComplete (35ms)
	LoadAllAssembliesAndSetupDomain (320ms)
		LoadAssemblies (332ms)
		RebuildTransferFunctionScriptingTraits (0ms)
		AnalyzeDomain (63ms)
			TypeCache.Refresh (12ms)
				TypeCache.ScanAssembly (0ms)
			ScanForSourceGeneratedMonoScriptInfo (27ms)
			ResolveRequiredComponents (22ms)
	FinalizeReload (1693ms)
		ReleaseScriptCaches (0ms)
		RebuildScriptCaches (0ms)
		SetupLoadedEditorAssemblies (629ms)
			LogAssemblyErrors (0ms)
			InitializePlatformSupportModulesInManaged (7ms)
			SetLoadedEditorAssemblies (6ms)
			RefreshPlugins (0ms)
			BeforeProcessingInitializeOnLoad (108ms)
			ProcessInitializeOnLoadAttributes (378ms)
			ProcessInitializeOnLoadMethodAttributes (111ms)
			AfterProcessingInitializeOnLoad (18ms)
			EditorAssembliesLoaded (0ms)
		ExecutionOrderSort2 (0ms)
		AwakeInstancesAfterBackupRestoration (23ms)
WARNING: Shader Unsupported: 'Hidden/Universal Render Pipeline/Terrain/Lit (Base Pass)' - All subshaders removed
WARNING: Shader Did you use #pragma only_renderers and omit this platform?
WARNING: Shader If subshaders removal was intentional, you may have forgotten turning Fallback off?
WARNING: Shader Unsupported: 'Hidden/Universal Render Pipeline/Terrain/Lit (Base Pass)' - All subshaders removed
WARNING: Shader Did you use #pragma only_renderers and omit this platform?
WARNING: Shader If subshaders removal was intentional, you may have forgotten turning Fallback off?
WARNING: Shader Unsupported: 'Universal Render Pipeline/Terrain/Lit' - All subshaders removed
WARNING: Shader Did you use #pragma only_renderers and omit this platform?
WARNING: Shader If subshaders removal was intentional, you may have forgotten turning Fallback off?
WARNING: Shader Unsupported: 'Universal Render Pipeline/Terrain/Lit' - All subshaders removed
WARNING: Shader Did you use #pragma only_renderers and omit this platform?
WARNING: Shader If subshaders removal was intentional, you may have forgotten turning Fallback off?
Refreshing native plugins compatible for Editor in 14.72 ms, found 5 plugins.
Preloading 0 native plugins for Editor in 0.00 ms.
Unloading 6037 Unused Serialized files (Serialized files now loaded: 0)
Unloading 105 unused Assets / (6.4 MB). Loaded Objects now: 6636.
Memory consumption went from 210.8 MB to 204.5 MB.
Total: 10.013600 ms (FindLiveObjects: 0.776500 ms CreateObjectMapping: 0.239900 ms MarkObjects: 4.986600 ms  DeleteObjects: 4.009400 ms)

Prepare: number of updated asset objects reloaded= 0
AssetImportParameters requested are different than current active one (requested -> active):
  custom:container-demuxer-ogg: 62fdf1f143b41e24485cea50d1cbac27 -> 
  custom:video-decoder-ogg-theora: a1e56fd34408186e4bbccfd4996cb3dc -> 
  custom:framework-win-MediaFoundation: 216162199b28c13a410421893ffa2e32 -> 
  custom:scripting/monoscript/fileName/EnemyMoveAlways.cs: 318201569e1b412f75198e53838f31db -> 
  custom:CustomObjectIndexerAttribute: 72b91833f83ae208fae7752999fa3104 -> 
  custom:container-demuxer-webm: 4f35f7cbe854078d1ac9338744f61a02 -> 
  custom:scripting/monoscript/fileName/StateMachine.cs: e396b1a479a9c1425e0ff14aef876a13 -> 4752e958e06e35ed9c1224cc3c2fc022
  custom:container-muxer-webm: aa71ff27fc2769a1b78a27578f13a17b -> 
  custom:video-decoder-webm-vp8: 9c59270c3fd7afecdb556c50c9e8de78 -> 
  custom:scripting/monoscript/fileName/EnemyWaypointMove.cs: cb3862bdca022c6895bfea2d333c4052 -> 
  custom:SearchIndexIgnoredProperties: e643bd26f0fe6173181afceb89e7c659 -> 
  custom:AudioImporter_EditorPlatform: d09bf68614088b80899f8185d706f6e7 -> 
  custom:video-encoder-webm-vp8: eb34c28f22e8b96e1ab97ce403110664 -> 
  custom:audio-decoder-ogg-vorbis: bf7c407c2cedff20999df2af8eb42d56 -> 
  custom:scripting/monoscript/fileName/EnemigoMovimiento.cs: 235334258dde12424bf3a42286c43314 -> 
  custom:audio-encoder-webm-vorbis: bf7c407c2cedff20999df2af8eb42d56 -> 
  custom:scripting/precompiled-assembly-types:Assembly-CSharp: b2987678f7eb7c40e404ab5ea560bde2 -> 068e914644e5ff337c2dad0ca7b1ba13
========================================================================
Received Import Request.
  Time since last request: 9.243265 seconds.
  path: Assets/scripts/Enemy/EnemyMoveAlways.cs
  artifactKey: Guid(8c7bdeb804ef71148bc68290cb4b6e23) Importer(815301076,1909f56bfc062723c751e8b465ee728b)
Start importing Assets/scripts/Enemy/EnemyMoveAlways.cs using Guid(8c7bdeb804ef71148bc68290cb4b6e23) Importer(815301076,1909f56bfc062723c751e8b465ee728b) [PhysX] Initialized MultithreadedTaskDispatcher with 12 workers.
 -> (artifact id: '4053923732cb79f2277712faa72626d6') in 0.002537 seconds
Number of updated asset objects reloaded before import = 0
Number of asset objects unloaded after import = 0
========================================================================
Received Prepare
Caller must complete domain reload
Begin MonoManager ReloadAssembly
- Loaded All Assemblies, in  0.617 seconds
Native extension for WindowsStandalone target not found
Mono: successfully reloaded assembly
- Finished resetting the current domain, in  1.499 seconds
Domain Reload Profiling: 2110ms
	BeginReloadAssembly (185ms)
		ExecutionOrderSort (0ms)
		DisableScriptedObjects (12ms)
		BackupInstance (0ms)
		ReleaseScriptingObjects (0ms)
		CreateAndSetChildDomain (42ms)
	RebuildCommonClasses (39ms)
	RebuildNativeTypeToScriptingClass (12ms)
	initialDomainReloadingComplete (34ms)
	LoadAllAssembliesAndSetupDomain (339ms)
		LoadAssemblies (392ms)
		RebuildTransferFunctionScriptingTraits (0ms)
		AnalyzeDomain (44ms)
			TypeCache.Refresh (11ms)
				TypeCache.ScanAssembly (0ms)
			ScanForSourceGeneratedMonoScriptInfo (21ms)
			ResolveRequiredComponents (11ms)
	FinalizeReload (1499ms)
		ReleaseScriptCaches (0ms)
		RebuildScriptCaches (0ms)
		SetupLoadedEditorAssemblies (542ms)
			LogAssemblyErrors (0ms)
			InitializePlatformSupportModulesInManaged (6ms)
			SetLoadedEditorAssemblies (5ms)
			RefreshPlugins (0ms)
			BeforeProcessingInitializeOnLoad (105ms)
			ProcessInitializeOnLoadAttributes (335ms)
			ProcessInitializeOnLoadMethodAttributes (83ms)
			AfterProcessingInitializeOnLoad (8ms)
			EditorAssembliesLoaded (0ms)
		ExecutionOrderSort2 (0ms)
		AwakeInstancesAfterBackupRestoration (11ms)
WARNING: Shader Unsupported: 'Hidden/Universal Render Pipeline/Terrain/Lit (Base Pass)' - All subshaders removed
WARNING: Shader Did you use #pragma only_renderers and omit this platform?
WARNING: Shader If subshaders removal was intentional, you may have forgotten turning Fallback off?
WARNING: Shader Unsupported: 'Hidden/Universal Render Pipeline/Terrain/Lit (Base Pass)' - All subshaders removed
WARNING: Shader Did you use #pragma only_renderers and omit this platform?
WARNING: Shader If subshaders removal was intentional, you may have forgotten turning Fallback off?
WARNING: Shader Unsupported: 'Universal Render Pipeline/Terrain/Lit' - All subshaders removed
WARNING: Shader Did you use #pragma only_renderers and omit this platform?
WARNING: Shader If subshaders removal was intentional, you may have forgotten turning Fallback off?
WARNING: Shader Unsupported: 'Universal Render Pipeline/Terrain/Lit' - All subshaders removed
WARNING: Shader Did you use #pragma only_renderers and omit this platform?
WARNING: Shader If subshaders removal was intentional, you may have forgotten turning Fallback off?
Refreshing native plugins compatible for Editor in 9.45 ms, found 5 plugins.
Preloading 0 native plugins for Editor in 0.00 ms.
Unloading 6037 Unused Serialized files (Serialized files now loaded: 0)
Unloading 105 unused Assets / (6.4 MB). Loaded Objects now: 6641.
Memory consumption went from 210.9 MB to 204.5 MB.
Total: 6.579800 ms (FindLiveObjects: 0.542600 ms CreateObjectMapping: 0.189700 ms MarkObjects: 2.810100 ms  DeleteObjects: 3.036400 ms)

Prepare: number of updated asset objects reloaded= 0
AssetImportParameters requested are different than current active one (requested -> active):
  custom:container-demuxer-ogg: 62fdf1f143b41e24485cea50d1cbac27 -> 
  custom:video-decoder-ogg-theora: a1e56fd34408186e4bbccfd4996cb3dc -> 
  custom:framework-win-MediaFoundation: 216162199b28c13a410421893ffa2e32 -> 
  custom:scripting/monoscript/fileName/EnemyMoveAlways.cs: 318201569e1b412f75198e53838f31db -> 
  custom:CustomObjectIndexerAttribute: 72b91833f83ae208fae7752999fa3104 -> 
  custom:container-demuxer-webm: 4f35f7cbe854078d1ac9338744f61a02 -> 
  custom:scripting/monoscript/fileName/StateMachine.cs: e396b1a479a9c1425e0ff14aef876a13 -> 4752e958e06e35ed9c1224cc3c2fc022
  custom:container-muxer-webm: aa71ff27fc2769a1b78a27578f13a17b -> 
  custom:video-decoder-webm-vp8: 9c59270c3fd7afecdb556c50c9e8de78 -> 
  custom:scripting/monoscript/fileName/EnemyWaypointMove.cs: cb3862bdca022c6895bfea2d333c4052 -> 
  custom:SearchIndexIgnoredProperties: e643bd26f0fe6173181afceb89e7c659 -> 
  custom:AudioImporter_EditorPlatform: d09bf68614088b80899f8185d706f6e7 -> 
  custom:video-encoder-webm-vp8: eb34c28f22e8b96e1ab97ce403110664 -> 
  custom:audio-decoder-ogg-vorbis: bf7c407c2cedff20999df2af8eb42d56 -> 
  custom:scripting/monoscript/fileName/EnemigoMovimiento.cs: 235334258dde12424bf3a42286c43314 -> 
  custom:audio-encoder-webm-vorbis: bf7c407c2cedff20999df2af8eb42d56 -> 
  custom:scripting/precompiled-assembly-types:Assembly-CSharp: b2987678f7eb7c40e404ab5ea560bde2 -> 068e914644e5ff337c2dad0ca7b1ba13
========================================================================
Received Prepare
Caller must complete domain reload
Begin MonoManager ReloadAssembly
- Loaded All Assemblies, in  0.480 seconds
Native extension for WindowsStandalone target not found
Mono: successfully reloaded assembly
- Finished resetting the current domain, in  1.760 seconds
Domain Reload Profiling: 2234ms
	BeginReloadAssembly (141ms)
		ExecutionOrderSort (0ms)
		DisableScriptedObjects (9ms)
		BackupInstance (0ms)
		ReleaseScriptingObjects (0ms)
		CreateAndSetChildDomain (34ms)
	RebuildCommonClasses (27ms)
	RebuildNativeTypeToScriptingClass (9ms)
	initialDomainReloadingComplete (29ms)
	LoadAllAssembliesAndSetupDomain (268ms)
		LoadAssemblies (318ms)
		RebuildTransferFunctionScriptingTraits (0ms)
		AnalyzeDomain (19ms)
			TypeCache.Refresh (7ms)
				TypeCache.ScanAssembly (0ms)
			ScanForSourceGeneratedMonoScriptInfo (0ms)
			ResolveRequiredComponents (10ms)
	FinalizeReload (1760ms)
		ReleaseScriptCaches (0ms)
		RebuildScriptCaches (0ms)
		SetupLoadedEditorAssemblies (599ms)
			LogAssemblyErrors (0ms)
			InitializePlatformSupportModulesInManaged (7ms)
			SetLoadedEditorAssemblies (6ms)
			RefreshPlugins (0ms)
			BeforeProcessingInitializeOnLoad (111ms)
			ProcessInitializeOnLoadAttributes (373ms)
			ProcessInitializeOnLoadMethodAttributes (90ms)
			AfterProcessingInitializeOnLoad (12ms)
			EditorAssembliesLoaded (0ms)
		ExecutionOrderSort2 (0ms)
		AwakeInstancesAfterBackupRestoration (17ms)
WARNING: Shader Unsupported: 'Hidden/Universal Render Pipeline/Terrain/Lit (Base Pass)' - All subshaders removed
WARNING: Shader Did you use #pragma only_renderers and omit this platform?
WARNING: Shader If subshaders removal was intentional, you may have forgotten turning Fallback off?
WARNING: Shader Unsupported: 'Hidden/Universal Render Pipeline/Terrain/Lit (Base Pass)' - All subshaders removed
WARNING: Shader Did you use #pragma only_renderers and omit this platform?
WARNING: Shader If subshaders removal was intentional, you may have forgotten turning Fallback off?
WARNING: Shader Unsupported: 'Universal Render Pipeline/Terrain/Lit' - All subshaders removed
WARNING: Shader Did you use #pragma only_renderers and omit this platform?
WARNING: Shader If subshaders removal was intentional, you may have forgotten turning Fallback off?
WARNING: Shader Unsupported: 'Universal Render Pipeline/Terrain/Lit' - All subshaders removed
WARNING: Shader Did you use #pragma only_renderers and omit this platform?
WARNING: Shader If subshaders removal was intentional, you may have forgotten turning Fallback off?
Refreshing native plugins compatible for Editor in 16.91 ms, found 5 plugins.
Preloading 0 native plugins for Editor in 0.00 ms.
Unloading 6037 Unused Serialized files (Serialized files now loaded: 0)
Unloading 105 unused Assets / (6.4 MB). Loaded Objects now: 6646.
Memory consumption went from 210.8 MB to 204.4 MB.
Total: 8.278000 ms (FindLiveObjects: 0.593900 ms CreateObjectMapping: 0.273100 ms MarkObjects: 3.711500 ms  DeleteObjects: 3.698200 ms)

Prepare: number of updated asset objects reloaded= 0
AssetImportParameters requested are different than current active one (requested -> active):
  custom:container-demuxer-ogg: 62fdf1f143b41e24485cea50d1cbac27 -> 
  custom:video-decoder-ogg-theora: a1e56fd34408186e4bbccfd4996cb3dc -> 
  custom:framework-win-MediaFoundation: 216162199b28c13a410421893ffa2e32 -> 
  custom:scripting/monoscript/fileName/EnemyMoveAlways.cs: 318201569e1b412f75198e53838f31db -> 
  custom:CustomObjectIndexerAttribute: 72b91833f83ae208fae7752999fa3104 -> 
  custom:container-demuxer-webm: 4f35f7cbe854078d1ac9338744f61a02 -> 
  custom:scripting/monoscript/fileName/StateMachine.cs: e396b1a479a9c1425e0ff14aef876a13 -> 4752e958e06e35ed9c1224cc3c2fc022
  custom:container-muxer-webm: aa71ff27fc2769a1b78a27578f13a17b -> 
  custom:video-decoder-webm-vp8: 9c59270c3fd7afecdb556c50c9e8de78 -> 
  custom:scripting/monoscript/fileName/EnemyWaypointMove.cs: cb3862bdca022c6895bfea2d333c4052 -> 
  custom:SearchIndexIgnoredProperties: e643bd26f0fe6173181afceb89e7c659 -> 
  custom:AudioImporter_EditorPlatform: d09bf68614088b80899f8185d706f6e7 -> 
  custom:video-encoder-webm-vp8: eb34c28f22e8b96e1ab97ce403110664 -> 
  custom:audio-decoder-ogg-vorbis: bf7c407c2cedff20999df2af8eb42d56 -> 
  custom:scripting/monoscript/fileName/EnemigoMovimiento.cs: 235334258dde12424bf3a42286c43314 -> 
  custom:audio-encoder-webm-vorbis: bf7c407c2cedff20999df2af8eb42d56 -> 
  custom:scripting/precompiled-assembly-types:Assembly-CSharp: b2987678f7eb7c40e404ab5ea560bde2 -> 068e914644e5ff337c2dad0ca7b1ba13
========================================================================
Received Prepare
Caller must complete domain reload
Begin MonoManager ReloadAssembly
- Loaded All Assemblies, in  0.504 seconds
Native extension for WindowsStandalone target not found
Mono: successfully reloaded assembly
- Finished resetting the current domain, in  1.691 seconds
Domain Reload Profiling: 2191ms
	BeginReloadAssembly (159ms)
		ExecutionOrderSort (0ms)
		DisableScriptedObjects (10ms)
		BackupInstance (0ms)
		ReleaseScriptingObjects (0ms)
		CreateAndSetChildDomain (32ms)
	RebuildCommonClasses (46ms)
	RebuildNativeTypeToScriptingClass (9ms)
	initialDomainReloadingComplete (30ms)
	LoadAllAssembliesAndSetupDomain (254ms)
		LoadAssemblies (319ms)
		RebuildTransferFunctionScriptingTraits (0ms)
		AnalyzeDomain (18ms)
			TypeCache.Refresh (6ms)
				TypeCache.ScanAssembly (0ms)
			ScanForSourceGeneratedMonoScriptInfo (0ms)
			ResolveRequiredComponents (10ms)
	FinalizeReload (1692ms)
		ReleaseScriptCaches (0ms)
		RebuildScriptCaches (0ms)
		SetupLoadedEditorAssemblies (569ms)
			LogAssemblyErrors (0ms)
			InitializePlatformSupportModulesInManaged (8ms)
			SetLoadedEditorAssemblies (6ms)
			RefreshPlugins (0ms)
			BeforeProcessingInitializeOnLoad (110ms)
			ProcessInitializeOnLoadAttributes (346ms)
			ProcessInitializeOnLoadMethodAttributes (88ms)
			AfterProcessingInitializeOnLoad (12ms)
			EditorAssembliesLoaded (0ms)
		ExecutionOrderSort2 (0ms)
		AwakeInstancesAfterBackupRestoration (16ms)
WARNING: Shader Unsupported: 'Hidden/Universal Render Pipeline/Terrain/Lit (Base Pass)' - All subshaders removed
WARNING: Shader Did you use #pragma only_renderers and omit this platform?
WARNING: Shader If subshaders removal was intentional, you may have forgotten turning Fallback off?
WARNING: Shader Unsupported: 'Hidden/Universal Render Pipeline/Terrain/Lit (Base Pass)' - All subshaders removed
WARNING: Shader Did you use #pragma only_renderers and omit this platform?
WARNING: Shader If subshaders removal was intentional, you may have forgotten turning Fallback off?
WARNING: Shader Unsupported: 'Universal Render Pipeline/Terrain/Lit' - All subshaders removed
WARNING: Shader Did you use #pragma only_renderers and omit this platform?
WARNING: Shader If subshaders removal was intentional, you may have forgotten turning Fallback off?
WARNING: Shader Unsupported: 'Universal Render Pipeline/Terrain/Lit' - All subshaders removed
WARNING: Shader Did you use #pragma only_renderers and omit this platform?
WARNING: Shader If subshaders removal was intentional, you may have forgotten turning Fallback off?
Refreshing native plugins compatible for Editor in 15.23 ms, found 5 plugins.
Preloading 0 native plugins for Editor in 0.00 ms.
Unloading 6037 Unused Serialized files (Serialized files now loaded: 0)
Unloading 105 unused Assets / (6.3 MB). Loaded Objects now: 6651.
Memory consumption went from 210.8 MB to 204.5 MB.
Total: 8.901600 ms (FindLiveObjects: 0.548700 ms CreateObjectMapping: 0.290100 ms MarkObjects: 3.988300 ms  DeleteObjects: 4.072700 ms)

Prepare: number of updated asset objects reloaded= 0
AssetImportParameters requested are different than current active one (requested -> active):
  custom:container-demuxer-ogg: 62fdf1f143b41e24485cea50d1cbac27 -> 
  custom:video-decoder-ogg-theora: a1e56fd34408186e4bbccfd4996cb3dc -> 
  custom:framework-win-MediaFoundation: 216162199b28c13a410421893ffa2e32 -> 
  custom:scripting/monoscript/fileName/EnemyMoveAlways.cs: 318201569e1b412f75198e53838f31db -> 
  custom:CustomObjectIndexerAttribute: 72b91833f83ae208fae7752999fa3104 -> 
  custom:container-demuxer-webm: 4f35f7cbe854078d1ac9338744f61a02 -> 
  custom:scripting/monoscript/fileName/StateMachine.cs: e396b1a479a9c1425e0ff14aef876a13 -> 4752e958e06e35ed9c1224cc3c2fc022
  custom:container-muxer-webm: aa71ff27fc2769a1b78a27578f13a17b -> 
  custom:video-decoder-webm-vp8: 9c59270c3fd7afecdb556c50c9e8de78 -> 
  custom:scripting/monoscript/fileName/EnemyWaypointMove.cs: cb3862bdca022c6895bfea2d333c4052 -> 
  custom:SearchIndexIgnoredProperties: e643bd26f0fe6173181afceb89e7c659 -> 
  custom:AudioImporter_EditorPlatform: d09bf68614088b80899f8185d706f6e7 -> 
  custom:video-encoder-webm-vp8: eb34c28f22e8b96e1ab97ce403110664 -> 
  custom:audio-decoder-ogg-vorbis: bf7c407c2cedff20999df2af8eb42d56 -> 
  custom:scripting/monoscript/fileName/EnemigoMovimiento.cs: 235334258dde12424bf3a42286c43314 -> 
  custom:audio-encoder-webm-vorbis: bf7c407c2cedff20999df2af8eb42d56 -> 
  custom:scripting/precompiled-assembly-types:Assembly-CSharp: b2987678f7eb7c40e404ab5ea560bde2 -> 068e914644e5ff337c2dad0ca7b1ba13
========================================================================
Received Prepare
Caller must complete domain reload
Begin MonoManager ReloadAssembly
- Loaded All Assemblies, in  0.471 seconds
Native extension for WindowsStandalone target not found
Mono: successfully reloaded assembly
- Finished resetting the current domain, in  1.601 seconds
Domain Reload Profiling: 2067ms
	BeginReloadAssembly (147ms)
		ExecutionOrderSort (0ms)
		DisableScriptedObjects (11ms)
		BackupInstance (0ms)
		ReleaseScriptingObjects (0ms)
		CreateAndSetChildDomain (33ms)
	RebuildCommonClasses (29ms)
	RebuildNativeTypeToScriptingClass (13ms)
	initialDomainReloadingComplete (32ms)
	LoadAllAssembliesAndSetupDomain (244ms)
		LoadAssemblies (295ms)
		RebuildTransferFunctionScriptingTraits (0ms)
		AnalyzeDomain (21ms)
			TypeCache.Refresh (6ms)
				TypeCache.ScanAssembly (0ms)
			ScanForSourceGeneratedMonoScriptInfo (0ms)
			ResolveRequiredComponents (13ms)
	FinalizeReload (1602ms)
		ReleaseScriptCaches (0ms)
		RebuildScriptCaches (0ms)
		SetupLoadedEditorAssemblies (563ms)
			LogAssemblyErrors (0ms)
			InitializePlatformSupportModulesInManaged (8ms)
			SetLoadedEditorAssemblies (5ms)
			RefreshPlugins (0ms)
			BeforeProcessingInitializeOnLoad (109ms)
			ProcessInitializeOnLoadAttributes (344ms)
			ProcessInitializeOnLoadMethodAttributes (87ms)
			AfterProcessingInitializeOnLoad (10ms)
			EditorAssembliesLoaded (1ms)
		ExecutionOrderSort2 (0ms)
		AwakeInstancesAfterBackupRestoration (15ms)
WARNING: Shader Unsupported: 'Hidden/Universal Render Pipeline/Terrain/Lit (Base Pass)' - All subshaders removed
WARNING: Shader Did you use #pragma only_renderers and omit this platform?
WARNING: Shader If subshaders removal was intentional, you may have forgotten turning Fallback off?
WARNING: Shader Unsupported: 'Hidden/Universal Render Pipeline/Terrain/Lit (Base Pass)' - All subshaders removed
WARNING: Shader Did you use #pragma only_renderers and omit this platform?
WARNING: Shader If subshaders removal was intentional, you may have forgotten turning Fallback off?
WARNING: Shader Unsupported: 'Universal Render Pipeline/Terrain/Lit' - All subshaders removed
WARNING: Shader Did you use #pragma only_renderers and omit this platform?
WARNING: Shader If subshaders removal was intentional, you may have forgotten turning Fallback off?
WARNING: Shader Unsupported: 'Universal Render Pipeline/Terrain/Lit' - All subshaders removed
WARNING: Shader Did you use #pragma only_renderers and omit this platform?
WARNING: Shader If subshaders removal was intentional, you may have forgotten turning Fallback off?
Refreshing native plugins compatible for Editor in 15.12 ms, found 5 plugins.
Preloading 0 native plugins for Editor in 0.00 ms.
Unloading 6037 Unused Serialized files (Serialized files now loaded: 0)
Unloading 105 unused Assets / (6.3 MB). Loaded Objects now: 6656.
Memory consumption went from 210.8 MB to 204.5 MB.
Total: 7.558000 ms (FindLiveObjects: 0.524000 ms CreateObjectMapping: 0.606200 ms MarkObjects: 3.445700 ms  DeleteObjects: 2.980900 ms)

Prepare: number of updated asset objects reloaded= 0
AssetImportParameters requested are different than current active one (requested -> active):
  custom:container-demuxer-ogg: 62fdf1f143b41e24485cea50d1cbac27 -> 
  custom:video-decoder-ogg-theora: a1e56fd34408186e4bbccfd4996cb3dc -> 
  custom:framework-win-MediaFoundation: 216162199b28c13a410421893ffa2e32 -> 
  custom:scripting/monoscript/fileName/EnemyMoveAlways.cs: 318201569e1b412f75198e53838f31db -> 
  custom:CustomObjectIndexerAttribute: 72b91833f83ae208fae7752999fa3104 -> 
  custom:container-demuxer-webm: 4f35f7cbe854078d1ac9338744f61a02 -> 
  custom:scripting/monoscript/fileName/StateMachine.cs: e396b1a479a9c1425e0ff14aef876a13 -> 4752e958e06e35ed9c1224cc3c2fc022
  custom:container-muxer-webm: aa71ff27fc2769a1b78a27578f13a17b -> 
  custom:video-decoder-webm-vp8: 9c59270c3fd7afecdb556c50c9e8de78 -> 
  custom:scripting/monoscript/fileName/EnemyWaypointMove.cs: cb3862bdca022c6895bfea2d333c4052 -> 
  custom:SearchIndexIgnoredProperties: e643bd26f0fe6173181afceb89e7c659 -> 
  custom:AudioImporter_EditorPlatform: d09bf68614088b80899f8185d706f6e7 -> 
  custom:video-encoder-webm-vp8: eb34c28f22e8b96e1ab97ce403110664 -> 
  custom:audio-decoder-ogg-vorbis: bf7c407c2cedff20999df2af8eb42d56 -> 
  custom:scripting/monoscript/fileName/EnemigoMovimiento.cs: 235334258dde12424bf3a42286c43314 -> 
  custom:audio-encoder-webm-vorbis: bf7c407c2cedff20999df2af8eb42d56 -> 
  custom:scripting/precompiled-assembly-types:Assembly-CSharp: b2987678f7eb7c40e404ab5ea560bde2 -> 068e914644e5ff337c2dad0ca7b1ba13
========================================================================
Received Import Request.
  Time since last request: 173.900757 seconds.
  path: Assets/Scenes/NIvel1.unity
  artifactKey: Guid(8c9cfa26abfee488c85f1582747f6a02) Importer(815301076,1909f56bfc062723c751e8b465ee728b)
Start importing Assets/Scenes/NIvel1.unity using Guid(8c9cfa26abfee488c85f1582747f6a02) Importer(815301076,1909f56bfc062723c751e8b465ee728b) [PhysX] Initialized MultithreadedTaskDispatcher with 12 workers.
 -> (artifact id: 'b24fe087882f9bf423eb841350e56729') in 0.001860 seconds
Number of updated asset objects reloaded before import = 0
Number of asset objects unloaded after import = 0
========================================================================
Received Import Request.
  Time since last request: 9.735052 seconds.
  path: Assets/Scenes/SampleScene
  artifactKey: Guid(f76b7a20d33d13d459eca0ba2b7f3e70) Importer(815301076,1909f56bfc062723c751e8b465ee728b)
Start importing Assets/Scenes/SampleScene using Guid(f76b7a20d33d13d459eca0ba2b7f3e70) Importer(815301076,1909f56bfc062723c751e8b465ee728b) [PhysX] Initialized MultithreadedTaskDispatcher with 12 workers.
 -> (artifact id: 'bded59d17f5e6e45bdfc5777939d7048') in 0.000911 seconds
Number of updated asset objects reloaded before import = 0
Number of asset objects unloaded after import = 0
========================================================================
Received Import Request.
  Time since last request: 0.056979 seconds.
  path: Assets/Scenes/SampleScene/NavMesh-NavMesh.asset
  artifactKey: Guid(3ca8a1b58b0f2fb4f91ba2c3b4b4ef02) Importer(815301076,1909f56bfc062723c751e8b465ee728b)
Start importing Assets/Scenes/SampleScene/NavMesh-NavMesh.asset using Guid(3ca8a1b58b0f2fb4f91ba2c3b4b4ef02) Importer(815301076,1909f56bfc062723c751e8b465ee728b) [PhysX] Initialized MultithreadedTaskDispatcher with 12 workers.
 -> (artifact id: '08e533f7800b34bba822cbc9e1ad4aea') in 0.012496 seconds
Number of updated asset objects reloaded before import = 0
Number of asset objects unloaded after import = 1
